"pedido_id","producto_id","nombre_producto","presencia"
"6a6e4dbc46feabf3642b0595","69db282e2b56cc0c1597ffe6","Ampolletas Hidraforce - Gegenerex","1"
"6a6e4dbc46feabf3642b0595","69db280b2b56cc0c1597fcff","Alfapar 6.1","1"
"6a6e4dbc46feabf3642b0595","69db282d2b56cc0c1597ffd4","Ampolletas Alfaparf Semi Di Lino Essential Oil (Azul)","1"
"6a6e4dbc46feabf3642b0599","69db282b2b56cc0c1597ff97","Almoadillas de algodon","1"
"6a6e4dbc46feabf3642b0599","69db27cb2b56cc0c1597f7ce","4x4 Aftershave King Blue 400ml","1"
"6a6e4dbc46feabf3642b059c","69db280b2b56cc0c1597fd06","Alfapar 6.23","1"
"6a6e4dbc46feabf3642b059c","69db28052b56cc0c1597fc88","Alfapar 5","1"
"6a6e4dbc46feabf3642b05a3","69db27db2b56cc0c1597f918","4x4 Pomada Extrafirme Verde 100g.","1"
"6a6e4dbc46feabf3642b05a3","69db28142b56cc0c1597fdb5","Alfapar 7.45","1"
"6a6e4dbc46feabf3642b05ad","69db27d32b56cc0c1597f86c","4x4 Gel 500g.","1"
"6a6e4dbc46feabf3642b05ad","69db27d92b56cc0c1597f8f5","4x4 papel cuello negro 5 pz","1"
"6a6e4dbc46feabf3642b05b0","69db282b2b56cc0c1597ff97","Almoadillas de algodon","1"
"6a6e4dbc46feabf3642b05b0","69db27ff2b56cc0c1597fc03","Alfapar 10.3","1"
"6a6e4dbc46feabf3642b05b0","69db27e52b56cc0c1597f9fa","Acetona quinta esmalte 98(60 ml)","1"
"6a6e4dbc46feabf3642b05b8","69db27e72b56cc0c1597fa1f","acrílico organic blanco (white)","1"
"6a6e4dbc46feabf3642b05cb","69db27d82b56cc0c1597f8e0","4x4 Off-Road Crecimiento de Barba 60g.","1"
"6a6e4dbc46feabf3642b05cd","69db27eb2b56cc0c1597fa6b","adhesivo latex para rulos o pads liftin j denis","1"
"6a6e4dbc46feabf3642b05d8","69db27d32b56cc0c1597f87a","4X4 Gel Cubre Cana 315gr.","1"
"6a6e4dbc46feabf3642b05da","69db27e52b56cc0c1597f9ec","Acetona Pura Mediana arys","1"
"6a6e4dbc46feabf3642b05dc","69db28312b56cc0c15980026","Andis slimline pro li","1"
"6a6e4dbc46feabf3642b05dc","69db27e82b56cc0c1597fa34","Acrílicos De Colores Touche diamonds","1"
"6a6e4dbc46feabf3642b05dc","69db27e92b56cc0c1597fa4b","Adesivo para extenciones Pestañas","1"
"6a6e4dbc46feabf3642b05dc","69db27ed2b56cc0c1597fa99","Adhesivo Para Rulos frasquito chico blanco","1"
"6a6e4dbc46feabf3642b05e1","69db27cc2b56cc0c1597f7ec","4x4 Balsamo Cubre Canas 100g.","1"
"6a6e4dbc46feabf3642b05e1","69db28122b56cc0c1597fd92","Alfapar 7.32","1"
"6a6e4dbc46feabf3642b05e1","69db27f42b56cc0c1597fb37","Alexander tijera","1"
"6a6e4dbc46feabf3642b05e1","69db282a2b56cc0c1597ff85","Alicate Lobo1330-00","1"
"6a6e4dbc46feabf3642b05e6","69db27fd2b56cc0c1597fbee","Alfapar 10","1"
"6a6e4dbc46feabf3642b05e6","69db28112b56cc0c1597fd76","Alfapar 7.13","1"
"6a6e4dbc46feabf3642b05e6","69db28022b56cc0c1597fc57","Alfapar 4","1"
"6a6e4dbc46feabf3642b05ea","69db27de2b56cc0c1597f957","4x4 spray","1"
"6a6e4dbc46feabf3642b05ea","69db27d02b56cc0c1597f82b","4X4 Combo pow 5 pz.","1"
"6a6e4dbc46feabf3642b05ea","69db27e52b56cc0c1597f9ec","Acetona Pura Mediana arys","1"
"6a6e4dbc46feabf3642b05ea","69db27cc2b56cc0c1597f7e3","4x4 Aftershave Rojo 400ml.","1"
"6a6e4dbc46feabf3642b05ef","69db27cd2b56cc0c1597f7fa","4x4 Cera en Polvo Volumizador Amarillo","1"
"6a6e4dbc46feabf3642b05ef","69db282f2b56cc0c1597fff1","Ampolletas Revive Bifasica","1"
"6a6e4dbc46feabf3642b05ef","69db28122b56cc0c1597fd92","Alfapar 7.32","1"
"6a6e4dbc46feabf3642b05f3","69db27f42b56cc0c1597fb29","Alexander style porta navaja","1"
"6a6e4dbc46feabf3642b05f3","69db27db2b56cc0c1597f91f","4x4 Pomada Extrafirme Verde 200g.","1"
"6a6e4dbc46feabf3642b05f3","69db28032b56cc0c1597fc6c","Alfapar 4.65","1"
"6a6e4dbc46feabf3642b05f3","69db28142b56cc0c1597fdb5","Alfapar 7.45","1"
"6a6e4dbc46feabf3642b05f8","69db28222b56cc0c1597fed7","Alfapar nutritivo Mask","1"
"6a6e4dbc46feabf3642b05f8","69db282d2b56cc0c1597ffd4","Ampolletas Alfaparf Semi Di Lino Essential Oil (Azul)","1"
"6a6e4dbc46feabf3642b05f8","69db27e42b56cc0c1597f9d1","ACETONA ORGANIC 120 ML","1"
"6a6e4dbc46feabf3642b05f8","69db28322b56cc0c15980036","Andis Cuchilla Mini","1"
"6a6e4dbc46feabf3642b05fd","69db27d12b56cc0c1597f840","4X4 Cuchilla Normal","1"
"6a6e4dbc46feabf3642b05fd","69db28072b56cc0c1597fcb2","Alfapar 5.5","1"
"6a6e4dbc46feabf3642b05fd","69db280a2b56cc0c1597fce3","Alfapar 5NB","1"
"6a6e4dbc46feabf3642b05fd","69db27f42b56cc0c1597fb29","Alexander style porta navaja","1"
"6a6e4dbc46feabf3642b0602","69db27f32b56cc0c1597fb1e","Alaska Tijera Manicure","1"
"6a6e4dbc46feabf3642b0602","69db27ef2b56cc0c1597face","Aguja Peina Facil 5pz. V/Colores","1"
"6a6e4dbc46feabf3642b0605","69db27fe2b56cc0c1597fbf5","Alfapar 10.1","1"
"6a6e4dbc46feabf3642b0605","69db27e02b56cc0c1597f979","aashta kit 2 pz.","1"
"6a6e4dbc46feabf3642b0605","69db27fd2b56cc0c1597fbe0","Alfapar 1","1"
"6a6e4dbc46feabf3642b0605","69db27f72b56cc0c1597fb70","Alfaparf 10.342","1"
"6a6e4dbc46feabf3642b060a","69db280b2b56cc0c1597fd06","Alfapar 6.23","1"
"6a6e4dbc46feabf3642b060a","69db28312b56cc0c1598002d","Andis Cool Care Plus","1"
"6a6e4dbc46feabf3642b060d","69db27fc2b56cc0c1597fbd2","Alfapar 02","1"
"6a6e4dbc46feabf3642b060f","69db28302b56cc0c15980014","Amura depilacion definitiva","1"
"6a6e4dbc46feabf3642b060f","69db28232b56cc0c1597feec","Alfapar Oxido 20vol. 1000ml.","1"
"6a6e4dbc46feabf3642b0614","69db27cb2b56cc0c1597f7d5","4X4 Aftershave Power Green 400ml.","1"
"6a6e4dbc46feabf3642b0614","69db281d2b56cc0c1597fe6b","Alfapar 9.2","1"
"6a6e4dbc46feabf3642b0614","69db27cc2b56cc0c1597f7e3","4x4 Aftershave Rojo 400ml.","1"
"6a6e4dbc46feabf3642b0618","69db282a2b56cc0c1597ff90","Alkahzar agua de rosas","1"
"6a6e4dbc46feabf3642b0618","69db28132b56cc0c1597fda7","Alfapar 7.4","1"
"6a6e4dbc46feabf3642b061f","69db27e02b56cc0c1597f979","aashta kit 2 pz.","1"
"6a6e4dbc46feabf3642b061f","69db27c92b56cc0c1597f7a9","4X4 oferta combo barber de 5 pz.","1"
"6a6e4dbc46feabf3642b061f","69db27c82b56cc0c1597f787","4X4 Gel para afeitar menta 1kg","1"
"6a6e4dbc46feabf3642b0634","69db27d02b56cc0c1597f832","4x4 Cuchilla Platino trimer DLC","1"
"6a6e4dbc46feabf3642b0634","69db28082b56cc0c1597fcc7","Alfapar 5.62","1"
"6a6e4dbc46feabf3642b0634","69db27d82b56cc0c1597f8e0","4x4 Off-Road Crecimiento de Barba 60g.","1"
"6a6e4dbc46feabf3642b0634","69db27fe2b56cc0c1597fbfc","Alfapar 10.21","1"
"6a6e4dbc46feabf3642b0639","69db27e82b56cc0c1597fa26","Acrílico Zodiaco","1"
"6a6e4dbc46feabf3642b0639","69db28072b56cc0c1597fcab","Alfapar 5.35","1"
"6a6e4dbc46feabf3642b0649","69db27d42b56cc0c1597f88f","4x4 Goma 280ml.","1"
"6a6e4dbc46feabf3642b064b","69db28012b56cc0c1597fc3b","Alfapar 11.21","1"
"6a6e4dbc46feabf3642b064d","69db28232b56cc0c1597fefa","Alfapar Oxido 40 vol. 1000ml.","1"
"6a6e4dbc46feabf3642b0654","69db28322b56cc0c15980036","Andis Cuchilla Mini","1"
"6a6e4dbc46feabf3642b0654","69db28002b56cc0c1597fc18","Alfapar 11.00","1"
"6a6e4dbc46feabf3642b0654","69db28292b56cc0c1597ff6f","Alicate Gc Medium","1"
"6a6e4dbc46feabf3642b0654","69db28302b56cc0c1598000d","Ampolletas Revive Teñido","1"
"6a6e4dbc46feabf3642b0665","69db28312b56cc0c15980026","Andis slimline pro li","1"
"6a6e4dbc46feabf3642b0665","69db27ef2b56cc0c1597face","Aguja Peina Facil 5pz. V/Colores","1"
"6a6e4dbc46feabf3642b0665","69db282f2b56cc0c1597ffff","Ampolletas Revive Fortificante","1"
"6a6e4dbc46feabf3642b0665","69db27eb2b56cc0c1597fa72","adhesivo libre de latex","1"
"6a6e4dbc46feabf3642b066c","69db28032b56cc0c1597fc65","Alfapar 4.52","1"
"6a6e4dbc46feabf3642b066c","69db282e2b56cc0c1597ffdb","Ampolletas Alfaparf Semi Di Lino Shine Lotion (Lila)","1"
"6a6e4dbc46feabf3642b066c","69db281f2b56cc0c1597fe9f","Alfapar benvoleo olio nutritivo 100ml.","1"
"6a6e4dbc46feabf3642b066c","69db27d42b56cc0c1597f881","4x4 Gel Para Afeitar Citrico 485ml.","1"
"6a6e4dbc46feabf3642b0671","69db27e92b56cc0c1597fa4b","Adesivo para extenciones Pestañas","1"
"6a6e4dbc46feabf3642b0671","69db27ea2b56cc0c1597fa5d","Adhesivo J.Denis Oscuro con keratina","1"
"6a6e4dbc46feabf3642b0671","69db27d92b56cc0c1597f8e7","4x4 papel cuello blanco rollo","1"
"6a6e4dbc46feabf3642b067f","69db28142b56cc0c1597fdae","Alfapar 7.43","1"
"6a6e4dbc46feabf3642b067f","69db28292b56cc0c1597ff6f","Alicate Gc Medium","1"
"6a6e4dbc46feabf3642b067f","69db28032b56cc0c1597fc5e","Alfapar 4.32","1"
"6a6e4dbc46feabf3642b0686","69db28152b56cc0c1597fdc3","Alfapar 7.6","1"
"6a6e4dbc46feabf3642b068b","69db282d2b56cc0c1597ffd4","Ampolletas Alfaparf Semi Di Lino Essential Oil (Azul)","1"
"6a6e4dbc46feabf3642b068f","69db27fa2b56cc0c1597fba8","Alfapar Semidelino nutritivo shampoo 250 ml.","1"
"6a6e4dbc46feabf3642b068f","69db27ed2b56cc0c1597faa0","adhesivo supreme j denis para pestañas mink","1"
"6a6e4dbc46feabf3642b068f","69db28282b56cc0c1597ff68","Alicate GC Large","1"
"6a6e4dbc46feabf3642b0693","69db280a2b56cc0c1597fcea","Alfapar 5NI","1"
"6a6e4dbc46feabf3642b0695","69db28202b56cc0c1597feb4","Alfapar keratin therapy lisse acondicionador 250ml.","1"
"6a6e4dbc46feabf3642b0695","69db27e02b56cc0c1597f980","aashta ps -807","1"
"6a6e4dbc46feabf3642b0698","69db280d2b56cc0c1597fd22","Alfapar 6.4","1"
"6a6e4dbc46feabf3642b0698","69db27fa2b56cc0c1597fba8","Alfapar Semidelino nutritivo shampoo 250 ml.","1"
"6a6e4dbc46feabf3642b0698","69db28212b56cc0c1597fec9","Alfapar Maschera Plex 150g.","1"
"6a6e4dbc46feabf3642b0698","69db28192b56cc0c1597fe17","Alfapar 8.3","1"
"6a6e4dbc46feabf3642b06ab","69db27fe2b56cc0c1597fbf5","Alfapar 10.1","1"
"6a6e4dbc46feabf3642b06ab","69db27d72b56cc0c1597f8c0","4x4 Mascarilla Capilar Open Secret","1"
"6a6e4dbc46feabf3642b06ab","69db28312b56cc0c1598002d","Andis Cool Care Plus","1"
"6a6e4dbc46feabf3642b06ab","69db28132b56cc0c1597fda0","Alfapar 7.35","1"
"6a6e4dbc46feabf3642b06b0","69db27ff2b56cc0c1597fc11","Alfapar 10NB","1"
"6a6e4dbc46feabf3642b06b2","69db28312b56cc0c1598001f","Andis","1"
"6a6e4dbc46feabf3642b06b2","69db27f72b56cc0c1597fb69","Alfaparf 7.24","1"
"6a6e4dbc46feabf3642b06b2","69db27f92b56cc0c1597fb93","Alfapar keratin serum 125 ml","1"
"6a6e4dbc46feabf3642b06b2","69db27e52b56cc0c1597f9f3","Acetona Pura Touche 980ml","1"
"6a6e4dbc46feabf3642b06c4","69db28272b56cc0c1597ff52","Alicate Alaska Spa","1"
"6a6e4dbc46feabf3642b06c4","69db281c2b56cc0c1597fe56","Alfapar 9.04","1"
"6a6e4dbc46feabf3642b06c4","69db27e92b56cc0c1597fa4b","Adesivo para extenciones Pestañas","1"
"6a6e4dbc46feabf3642b06c4","69db27d22b56cc0c1597f855","4x4 Enfriador de Maquinas 400g.","1"
"6a6e4dbc46feabf3642b06cd","69db27cd2b56cc0c1597f7f3","4x4 Balsamo Negro Liquido","1"
"6a6e4dbc46feabf3642b06cd","69db27f62b56cc0c1597fb62","alfapar Real Rigen mascar. dañado 500g.","1"
"6a6e4dbc46feabf3642b06d0","69db281a2b56cc0c1597fe33","Alfapar 8.43","1"
"6a6e4dbc46feabf3642b06d2","69db280c2b56cc0c1597fd14","Alfapar 6.32","1"
"6a6e4dbc46feabf3642b06d2","69db28032b56cc0c1597fc6c","Alfapar 4.65","1"
"6a6e4dbc46feabf3642b06d2","69db27d02b56cc0c1597f839","4x4 Cuchilla DLC","1"
"6a6e4dbc46feabf3642b06d2","69db27cd2b56cc0c1597f7fa","4x4 Cera en Polvo Volumizador Amarillo","1"
"6a6e4dbc46feabf3642b06d7","69db27d92b56cc0c1597f8f5","4x4 papel cuello negro 5 pz","1"
"6a6e4dbc46feabf3642b06d9","69db28012b56cc0c1597fc42","Alfapar 11.32","1"
"6a6e4dbc46feabf3642b06d9","69db27da2b56cc0c1597f8fc","4x4 Pasta Dorada 100g.","1"
"6a6e4dbc46feabf3642b06df","69db27cb2b56cc0c1597f7d5","4X4 Aftershave Power Green 400ml.","1"
"6a6e4dbc46feabf3642b06df","69db28272b56cc0c1597ff44","Alicate Alaska Manicure","1"
"6a6e4dbc46feabf3642b06ea","69db27fc2b56cc0c1597fbd9","Alfapar 03","1"
"6a6e4dbc46feabf3642b06ea","69db281a2b56cc0c1597fe2c","Alfapar 8.4","1"
"6a6e4dbc46feabf3642b06ed","69db27ef2b56cc0c1597face","Aguja Peina Facil 5pz. V/Colores","1"
"6a6e4dbc46feabf3642b06ed","69db27e12b56cc0c1597f995","Aashta tijeras negro no. 7","1"
"6a6e4dbc46feabf3642b06ed","69db28172b56cc0c1597fdfb","Alfapar 8.1","1"
"6a6e4dbc46feabf3642b06ed","69db28072b56cc0c1597fcb2","Alfapar 5.5","1"
"6a6e4dbc46feabf3642b06f2","69db28272b56cc0c1597ff52","Alicate Alaska Spa","1"
"6a6e4dbc46feabf3642b06f2","69db282d2b56cc0c1597ffcd","Ampolletas Alfaparf Midollo di Bamboo (Blanco)","1"
"6a6e4dbc46feabf3642b06fa","69db27fa2b56cc0c1597fbaf","Alfapar shampoo Rigen Dañado 250g.","1"
"6a6e4dbc46feabf3642b06fa","69db28232b56cc0c1597fef3","Alfapar Oxido 30 vol. 1000ml.","1"
"6a6e4dbc46feabf3642b06fd","69db28142b56cc0c1597fdb5","Alfapar 7.45","1"
"6a6e4dbc46feabf3642b06fd","69db28222b56cc0c1597fed7","Alfapar nutritivo Mask","1"
"6a6e4dbc46feabf3642b0700","69db27f32b56cc0c1597fb1e","Alaska Tijera Manicure","1"
"6a6e4dbc46feabf3642b0707","69db28102b56cc0c1597fd68","Alfapar 7.01","1"
"6a6e4dbc46feabf3642b0707","69db28072b56cc0c1597fcb2","Alfapar 5.5","1"
"6a6e4dbc46feabf3642b070a","69db27dd2b56cc0c1597f93b","4x4 shampoo matiz negro 300ml.","1"
"6a6e4dbc46feabf3642b070a","69db28252b56cc0c1597ff1d","Alfapar Semidelino shampoo 250ml.","1"
"6a6e4dbc46feabf3642b070a","69db282a2b56cc0c1597ff85","Alicate Lobo1330-00","1"
"6a6e4dbc46feabf3642b070a","69db27dc2b56cc0c1597f934","4x4 Pomada Roja 200g","1"
"6a6e4dbc46feabf3642b070f","69db28272b56cc0c1597ff52","Alicate Alaska Spa","1"
"6a6e4dbc46feabf3642b0711","69db27fd2b56cc0c1597fbe7","Alfapar 1.11","1"
"6a6e4dbc46feabf3642b0711","69db27d92b56cc0c1597f8e7","4x4 papel cuello blanco rollo","1"
"6a6e4dbc46feabf3642b0711","69db28232b56cc0c1597fefa","Alfapar Oxido 40 vol. 1000ml.","1"
"6a6e4dbc46feabf3642b0717","69db28012b56cc0c1597fc3b","Alfapar 11.21","1"
"6a6e4dbc46feabf3642b072a","69db27f02b56cc0c1597fae0","Alain silver tratamiento","1"
"6a6e4dbc46feabf3642b072a","69db28112b56cc0c1597fd76","Alfapar 7.13","1"
"6a6e4dbc46feabf3642b072d","69db27e72b56cc0c1597fa1f","acrílico organic blanco (white)","1"
"6a6e4dbc46feabf3642b072d","69db27fe2b56cc0c1597fbfc","Alfapar 10.21","1"
"6a6e4dbc46feabf3642b072d","69db27f12b56cc0c1597fae9","alain silver herbal 9","1"
"6a6e4dbc46feabf3642b0731","69db27f12b56cc0c1597fae9","alain silver herbal 9","1"
"6a6e4dbc46feabf3642b0731","69db27d82b56cc0c1597f8d2","4x4 navaja platinum","1"
"6a6e4dbc46feabf3642b0734","69db27d82b56cc0c1597f8e0","4x4 Off-Road Crecimiento de Barba 60g.","1"
"6a6e4dbc46feabf3642b0734","69db27dc2b56cc0c1597f934","4x4 Pomada Roja 200g","1"
"6a6e4dbc46feabf3642b0737","69db27de2b56cc0c1597f950","4x4 shampoo cervesa azul","1"
"6a6e4dbc46feabf3642b0739","69db27dc2b56cc0c1597f926","4x4 Pomada Gris 100ml.","1"
"6a6e4dbc46feabf3642b0739","69db282f2b56cc0c1597fff8","Ampolletas Revive Cationica","1"
"6a6e4dbc46feabf3642b073c","69db280f2b56cc0c1597fd53","Alfapar 6NB","1"
"6a6e4dbc46feabf3642b073c","69db27cc2b56cc0c1597f7ec","4x4 Balsamo Cubre Canas 100g.","1"
"6a6e4dbc46feabf3642b073c","69db280c2b56cc0c1597fd14","Alfapar 6.32","1"
"6a6e4dbc46feabf3642b0740","69db28272b56cc0c1597ff4b","Alicate Alaska Pedicure","1"
"6a6e4dbc46feabf3642b0740","69db28102b56cc0c1597fd61","Alfapar 7","1"
"6a6e4dbc46feabf3642b0743","69db280c2b56cc0c1597fd14","Alfapar 6.32","1"
"6a6e4dbc46feabf3642b0743","69db28132b56cc0c1597fd99","Alfapar 7.34","1"
"6a6e4dbc46feabf3642b0743","69db27e72b56cc0c1597fa11","Acondicionador Diamante 250ml.","1"
"6a6e4dbc46feabf3642b0743","69db27cd2b56cc0c1597f7fa","4x4 Cera en Polvo Volumizador Amarillo","1"
"6a6e4dbc46feabf3642b0748","69db280a2b56cc0c1597fcea","Alfapar 5NI","1"
"6a6e4dbc46feabf3642b0748","69db281c2b56cc0c1597fe5d","Alfapar 9.1","1"
"6a6e4dbc46feabf3642b074b","69db28282b56cc0c1597ff5d","Alicate barrilito","1"
"6a6e4dbc46feabf3642b074b","69db28132b56cc0c1597fda7","Alfapar 7.4","1"
"6a6e4dbc46feabf3642b074e","69db282b2b56cc0c1597ffa2","Aluminio Profesional Mopi","1"
"6a6e4dbc46feabf3642b074e","69db28282b56cc0c1597ff5d","Alicate barrilito","1"
"6a6e4dbc46feabf3642b0756","69db28242b56cc0c1597ff01","Alfapar protector termico 200ml.","1"
"6a6e4dbc46feabf3642b0756","69db27f12b56cc0c1597faf7","Alain silver shampoo","1"
"6a6e4dbc46feabf3642b0756","69db281c2b56cc0c1597fe5d","Alfapar 9.1","1"
"6a6e4dbc46feabf3642b075a","69db27cf2b56cc0c1597f81d","4x4 Cera Telaraña 100ml.","1"
"6a6e4dbc46feabf3642b075c","69db280a2b56cc0c1597fcea","Alfapar 5NI","1"
"6a6e4dbc46feabf3642b075c","69db282d2b56cc0c1597ffcd","Ampolletas Alfaparf Midollo di Bamboo (Blanco)","1"
"6a6e4dbc46feabf3642b0770","69db28272b56cc0c1597ff44","Alicate Alaska Manicure","1"
"6a6e4dbc46feabf3642b0772","69db280a2b56cc0c1597fcf1","Alfapar 6","1"
"6a6e4dbc46feabf3642b0772","69db282d2b56cc0c1597ffcd","Ampolletas Alfaparf Midollo di Bamboo (Blanco)","1"
"6a6e4dbc46feabf3642b0772","69db27ee2b56cc0c1597fab5","Afaparf salone supreme mask","1"
"6a6e4dbc46feabf3642b077c","69db28152b56cc0c1597fdd1","Alfapar 7.66I","1"
"6a6e4dbc46feabf3642b077c","69db28102b56cc0c1597fd5a","Alfapar 6NI","1"
"6a6e4dbc46feabf3642b077c","69db27de2b56cc0c1597f95e","4x4 Talco Invencible","1"
"6a6e4dbc46feabf3642b077c","69db27fd2b56cc0c1597fbe0","Alfapar 1","1"
"6a6e4dbc46feabf3642b0781","69db281c2b56cc0c1597fe64","Alfapar 9.13","1"
"6a6e4dbc46feabf3642b0781","69db27f32b56cc0c1597fb10","Alaska Bisturi AK-02-0019","1"
"6a6e4dbc46feabf3642b0781","69db280b2b56cc0c1597fd06","Alfapar 6.23","1"
"6a6e4dbc46feabf3642b0781","69db28202b56cc0c1597feb4","Alfapar keratin therapy lisse acondicionador 250ml.","1"
"6a6e4dbc46feabf3642b0786","69db27f52b56cc0c1597fb42","Alfa keratin Therapia","1"
"6a6e4dbc46feabf3642b0788","69db280e2b56cc0c1597fd37","Alfapar 6.53","1"
"6a6e4dbc46feabf3642b0788","69db27f22b56cc0c1597fafe","Alain silver 30ml.","1"
"6a6e4dbc46feabf3642b0788","69db27da2b56cc0c1597f903","4x4 Pasta Dorada 200g.","1"
"6a6e4dbc46feabf3642b0788","69db27ff2b56cc0c1597fc0a","Alfapar 10.31","1"
"6a6e4dbc46feabf3642b0791","69db27fa2b56cc0c1597fbaf","Alfapar shampoo Rigen Dañado 250g.","1"
"6a6e4dbc46feabf3642b079a","69db27dd2b56cc0c1597f942","4x4 shampoo cbd bergamota 500ml.","1"
"6a6e4dbc46feabf3642b07a3","69db27fe2b56cc0c1597fbf5","Alfapar 10.1","1"
"6a6e4dbc46feabf3642b07a5","69db27ce2b56cc0c1597f808","4x4 Cera Gel 280g.","1"
"6a6e4dbc46feabf3642b07a7","69db28162b56cc0c1597fde6","Alfapar 7NI","1"
"6a6e4dbc46feabf3642b07a9","69db282c2b56cc0c1597ffbf","Amor us","1"
"6a6e4dbc46feabf3642b07a9","69db27f42b56cc0c1597fb30","Alexander Style Tijera 7.5","1"
"6a6e4dbc46feabf3642b07a9","69db27e62b56cc0c1597fa01","Acetona Touche 225ml.","1"
"6a6e4dbc46feabf3642b07ad","69db27d62b56cc0c1597f8b2","4X4 Maquina Platinum Clipper","1"
"6a6e4dbc46feabf3642b07ad","69db28212b56cc0c1597fec9","Alfapar Maschera Plex 150g.","1"
"6a6e4dbc46feabf3642b07ad","69db281a2b56cc0c1597fe2c","Alfapar 8.4","1"
"6a6e4dbc46feabf3642b07be","69db28192b56cc0c1597fe17","Alfapar 8.3","1"
"6a6e4dbc46feabf3642b07be","69db28162b56cc0c1597fde6","Alfapar 7NI","1"
"6a6e4dbc46feabf3642b07be","69db27cc2b56cc0c1597f7dc","4X4 Aftershave Power Gold 400ml.","1"
"6a6e4dbc46feabf3642b07cc","69db27dd2b56cc0c1597f93b","4x4 shampoo matiz negro 300ml.","1"
"6a6e4dbc46feabf3642b07cc","69db281b2b56cc0c1597fe4f","Alfapar 9","1"
"6a6e4dbc46feabf3642b07cf","69db27e42b56cc0c1597f9dc","acetona pura arys grande","1"
"6a6e4dbc46feabf3642b07cf","69db27d92b56cc0c1597f8e7","4x4 papel cuello blanco rollo","1"
"6a6e4dbc46feabf3642b07cf","69db27cc2b56cc0c1597f7ec","4x4 Balsamo Cubre Canas 100g.","1"
"6a6e4dbc46feabf3642b07cf","69db281f2b56cc0c1597fe98","Alfapar ampoll. anti caida","1"
"6a6e4dbc46feabf3642b07d6","69db28092b56cc0c1597fcce","Alfapar 5.65","1"
"6a6e4dbc46feabf3642b07dd","69db27cb2b56cc0c1597f7c7","4x4 Aftershave Amarillo 400ml.","1"
"6a6e4dbc46feabf3642b07dd","69db27f92b56cc0c1597fba1","Alfapar rigen shampoo 250 ml.","1"
"6a6e4dbc46feabf3642b07dd","69db27d12b56cc0c1597f84e","4x4 Desinfectante Antibacterial 250ml.","1"
"6a6e4dbc46feabf3642b07e1","69db28112b56cc0c1597fd7d","Alfapar 7.21","1"
"6a6e4dbc46feabf3642b07e3","69db27e82b56cc0c1597fa2d","Acrílico Eteri Organic","1"
"6a6e4dbc46feabf3642b07e3","69db28202b56cc0c1597feb4","Alfapar keratin therapy lisse acondicionador 250ml.","1"
"6a6e4dbc46feabf3642b07e3","69db28012b56cc0c1597fc3b","Alfapar 11.21","1"
"6a6e4dbc46feabf3642b07f4","69db280c2b56cc0c1597fd0d","Alfapar 6.3","1"
"6a6e4dbc46feabf3642b07f4","69db28122b56cc0c1597fd92","Alfapar 7.32","1"
"6a6e4dbc46feabf3642b07fc","69db282a2b56cc0c1597ff85","Alicate Lobo1330-00","1"
"6a6e4dbc46feabf3642b07fc","69db27e92b56cc0c1597fa44","Activador para Gel en Frio Touche","1"
"6a6e4dbc46feabf3642b07fc","69db280f2b56cc0c1597fd45","Alfapar 6.66I","1"
"6a6e4dbc46feabf3642b07fc","69db27d92b56cc0c1597f8ee","4x4 papel cuello negro un rollo","1"
"6a6e4dbc46feabf3642b0805","69db27d82b56cc0c1597f8e0","4x4 Off-Road Crecimiento de Barba 60g.","1"
"6a6e4dbc46feabf3642b0807","69db28142b56cc0c1597fdb5","Alfapar 7.45","1"
"6a6e4dbc46feabf3642b0807","69db28232b56cc0c1597fefa","Alfapar Oxido 40 vol. 1000ml.","1"
"6a6e4dbc46feabf3642b0807","69db27cf2b56cc0c1597f824","4X4 Combo Maquina platinum Clipper/Trimmer","1"
"6a6e4dbc46feabf3642b0815","69db281f2b56cc0c1597fe9f","Alfapar benvoleo olio nutritivo 100ml.","1"
"6a6e4dbc46feabf3642b081c","69db28282b56cc0c1597ff68","Alicate GC Large","1"
"6a6e4dbc46feabf3642b081c","69db280f2b56cc0c1597fd4c","Alfapar 6.7","1"
"6a6e4dbc46feabf3642b081c","69db282b2b56cc0c1597ff97","Almoadillas de algodon","1"
"6a6e4dbc46feabf3642b081c","69db27ed2b56cc0c1597faa0","adhesivo supreme j denis para pestañas mink","1"
"6a6e4dbc46feabf3642b0821","69db28282b56cc0c1597ff68","Alicate GC Large","1"
"6a6e4dbc46feabf3642b0821","69db280d2b56cc0c1597fd29","Alfapar 6.45","1"
"6a6e4dbc46feabf3642b0821","69db28262b56cc0c1597ff3d","Algodón Alby","1"
"6a6e4dbc46feabf3642b0821","69db281b2b56cc0c1597fe41","Alfapar 8NB","1"
"6a6e4dbc46feabf3642b0830","69db27e62b56cc0c1597fa01","Acetona Touche 225ml.","1"
"6a6e4dbc46feabf3642b0830","69db28122b56cc0c1597fd92","Alfapar 7.32","1"
"6a6e4dbc46feabf3642b0833","69db27f12b56cc0c1597faf7","Alain silver shampoo","1"
"6a6e4dbc46feabf3642b0833","69db282b2b56cc0c1597ff97","Almoadillas de algodon","1"
"6a6e4dbc46feabf3642b0833","69db27f32b56cc0c1597fb10","Alaska Bisturi AK-02-0019","1"
"6a6e4dbc46feabf3642b083b","69db28312b56cc0c1598001f","Andis","1"
"6a6e4dbc46feabf3642b083d","69db27d22b56cc0c1597f865","4x4 gel afeitar 955kg. blanco","1"
"6a6e4dbc46feabf3642b083d","69db27d02b56cc0c1597f82b","4X4 Combo pow 5 pz.","1"
"6a6e4dbc46feabf3642b083d","69db28062b56cc0c1597fc8f","Alfapar 5.1","1"
"6a6e4dbc46feabf3642b083d","69db27e82b56cc0c1597fa34","Acrílicos De Colores Touche diamonds","1"
"6a6e4dbc46feabf3642b0849","69db281d2b56cc0c1597fe6b","Alfapar 9.2","1"
"6a6e4dbc46feabf3642b0849","69db28132b56cc0c1597fd99","Alfapar 7.34","1"
"6a6e4dbc46feabf3642b0849","69db27f32b56cc0c1597fb17","Alaska Saca Comedones","1"
"6a6e4dbc46feabf3642b0849","69db27d22b56cc0c1597f855","4x4 Enfriador de Maquinas 400g.","1"
"6a6e4dbc46feabf3642b084e","69db27ea2b56cc0c1597fa56","Adhesivo J.Denis Para Rulos/Pestañas.","1"
"6a6e4dbc46feabf3642b084e","69db28082b56cc0c1597fcb9","Alfapar 5.53","1"
"6a6e4dbc46feabf3642b084e","69db27f82b56cc0c1597fb85","Alfapar 8.34","1"
"6a6e4dbc46feabf3642b0852","69db27fc2b56cc0c1597fbd2","Alfapar 02","1"
"6a6e4dbc46feabf3642b0852","69db282f2b56cc0c1597fff8","Ampolletas Revive Cationica","1"
"6a6e4dbc46feabf3642b0852","69db28162b56cc0c1597fddf","Alfapar 7NB","1"
"6a6e4dbc46feabf3642b085b","69db27d92b56cc0c1597f8e7","4x4 papel cuello blanco rollo","1"
"6a6e4dbc46feabf3642b085b","69db27e12b56cc0c1597f99c","aashta tijeras ps817","1"
"6a6e4dbc46feabf3642b085b","69db28072b56cc0c1597fcb2","Alfapar 5.5","1"
"6a6e4dbc46feabf3642b085b","69db27de2b56cc0c1597f957","4x4 spray","1"
"6a6e4dbc46feabf3642b0872","69db27d42b56cc0c1597f881","4x4 Gel Para Afeitar Citrico 485ml.","1"
"6a6e4dbc46feabf3642b0872","69db281f2b56cc0c1597fea6","Alfapar Brocha y cio para tinte","1"
"6a6e4dbc46feabf3642b0877","69db27f92b56cc0c1597fb93","Alfapar keratin serum 125 ml","1"
"6a6e4dbc46feabf3642b087b","69db27ee2b56cc0c1597faae","Adhesivo Tubo Transparente J.D/10gramos","1"
"6a6e4dbc46feabf3642b087b","69db282a2b56cc0c1597ff85","Alicate Lobo1330-00","1"
"6a6e4dbc46feabf3642b087b","69db27cc2b56cc0c1597f7ec","4x4 Balsamo Cubre Canas 100g.","1"
"6a6e4dbc46feabf3642b088f","69db28312b56cc0c1598002d","Andis Cool Care Plus","1"
"6a6e4dbc46feabf3642b0896","69db27d22b56cc0c1597f855","4x4 Enfriador de Maquinas 400g.","1"
"6a6e4dbc46feabf3642b0896","69db27f92b56cc0c1597fba1","Alfapar rigen shampoo 250 ml.","1"
"6a6e4dbc46feabf3642b0896","69db27d72b56cc0c1597f8c0","4x4 Mascarilla Capilar Open Secret","1"
"6a6e4dbc46feabf3642b0896","69db27f42b56cc0c1597fb30","Alexander Style Tijera 7.5","1"
"6a6e4dbc46feabf3642b08a5","69db27ff2b56cc0c1597fc11","Alfapar 10NB","1"
"6a6e4dbc46feabf3642b08a5","69db282c2b56cc0c1597ffb6","Amor pinza pestañas","1"
"6a6e4dbc46feabf3642b08a5","69db27d52b56cc0c1597f89d","4x4 maquina de corte trimmer inalambrico metalica","1"
"6a6e4dbc46feabf3642b08a9","69db28082b56cc0c1597fcc0","Alfapar 5.6","1"
"6a6e4dbc46feabf3642b08a9","69db27c82b56cc0c1597f790","4x4 Guantes nitrilo negros","1"
"6a6e4dbc46feabf3642b08a9","69db27d82b56cc0c1597f8e0","4x4 Off-Road Crecimiento de Barba 60g.","1"
"6a6e4dbc46feabf3642b08d2","69db28132b56cc0c1597fd99","Alfapar 7.34","1"
"6a6e4dbc46feabf3642b08d2","69db27fb2b56cc0c1597fbbd","Alfapar 000SSS","1"
"6a6e4dbc46feabf3642b08d2","69db280a2b56cc0c1597fcea","Alfapar 5NI","1"
"6a6e4dbc46feabf3642b08d2","69db282c2b56cc0c1597ffb6","Amor pinza pestañas","1"
"6a6e4dbc46feabf3642b08d9","69db27d32b56cc0c1597f87a","4X4 Gel Cubre Cana 315gr.","1"
"6a6e4dbc46feabf3642b08d9","69db27f62b56cc0c1597fb5b","Alfapar benvoleo shampoo seco sin gas 150 g","1"
"6a6e4dbc46feabf3642b08d9","69db282c2b56cc0c1597ffb6","Amor pinza pestañas","1"
"6a6e4dbc46feabf3642b08dd","69db28192b56cc0c1597fe25","Alfapar 8.32","1"
"6a6e4dbc46feabf3642b08dd","69db27de2b56cc0c1597f957","4x4 spray","1"
"6a6e4dbc46feabf3642b08dd","69db28162b56cc0c1597fde6","Alfapar 7NI","1"
"6a6e4dbc46feabf3642b08dd","69db281d2b56cc0c1597fe79","Alfapar 9.3","1"
"6a6e4dbc46feabf3642b08e2","69db28092b56cc0c1597fcd5","Alfapar 5.66I","1"
"6a6e4dbc46feabf3642b08e2","69db27f62b56cc0c1597fb62","alfapar Real Rigen mascar. dañado 500g.","1"
"6a6e4dbc46feabf3642b08f0","69db27d12b56cc0c1597f840","4X4 Cuchilla Normal","1"
"6a6e4dbc46feabf3642b08f2","69db280c2b56cc0c1597fd0d","Alfapar 6.3","1"
"6a6e4dbc46feabf3642b08f2","69db27ff2b56cc0c1597fc11","Alfapar 10NB","1"
"6a6e4dbc46feabf3642b08f2","69db28182b56cc0c1597fe02","Alfapar 8.13","1"
"6a6e4dbc46feabf3642b08f2","69db28232b56cc0c1597feec","Alfapar Oxido 20vol. 1000ml.","1"
"6a6e4dbc46feabf3642b0901","69db281a2b56cc0c1597fe3a","Alfapar 8.66I","1"
"6a6e4dbc46feabf3642b090c","69db27ef2b56cc0c1597fabe","Afaparf oxido 10 vol. 1000ml.","1"
"6a6e4dbc46feabf3642b090c","69db28042b56cc0c1597fc7a","Alfapar 4NB","1"
"6a6e4dbc46feabf3642b090c","69db27ca2b56cc0c1597f7b9","4x4 Pomada azul 100g","1"
"6a6e4dbc46feabf3642b0910","69db27cd2b56cc0c1597f7f3","4x4 Balsamo Negro Liquido","1"
"6a6e4dbc46feabf3642b0910","69db27ca2b56cc0c1597f7c0","4x4 Aceite Para Cortadoras 118ml.","1"
"6a6e4dbc46feabf3642b0913","69db282d2b56cc0c1597ffc6","Ampolletas Alfaparf Aceite Lenitivo","1"
"6a6e4dbc46feabf3642b0913","69db28102b56cc0c1597fd5a","Alfapar 6NI","1"
"6a6e4dbc46feabf3642b0913","69db28072b56cc0c1597fca4","Alfapar 5.32","1"
"6a6e4dbc46feabf3642b0913","69db281e2b56cc0c1597fe83","Alfapar 9.31","1"
"6a6e4dbc46feabf3642b0918","69db27ec2b56cc0c1597fa8b","Adhesivo Para Pestañas Duo Oscuro","1"
"6a6e4dbc46feabf3642b091c","69db28212b56cc0c1597fec9","Alfapar Maschera Plex 150g.","1"
"6a6e4dbc46feabf3642b091c","69db28182b56cc0c1597fe02","Alfapar 8.13","1"
"6a6e4dbc46feabf3642b091f","69db28092b56cc0c1597fcd5","Alfapar 5.66I","1"
"6a6e4dbc46feabf3642b091f","69db281d2b56cc0c1597fe6b","Alfapar 9.2","1"
"6a6e4dbc46feabf3642b091f","69db27f62b56cc0c1597fb52","Alfapaf 6.56","1"
"6a6e4dbc46feabf3642b0923","69db28112b56cc0c1597fd7d","Alfapar 7.21","1"
"6a6e4dbc46feabf3642b0923","69db281a2b56cc0c1597fe3a","Alfapar 8.66I","1"
"6a6e4dbc46feabf3642b0923","69db281b2b56cc0c1597fe4f","Alfapar 9","1"
"6a6e4dbc46feabf3642b092c","69db27d22b56cc0c1597f85e","4X4 Exfoliante facial","1"
"6a6e4dbc46feabf3642b0935","69db28262b56cc0c1597ff34","Alfaparf spray porificante 100ml.","1"
"6a6e4dbc46feabf3642b0935","69db28272b56cc0c1597ff52","Alicate Alaska Spa","1"
"6a6e4dbc46feabf3642b093e","69db27ce2b56cc0c1597f80f","4x4 Cera Rosa 100ml.","1"
"6a6e4dbc46feabf3642b093e","69db28292b56cc0c1597ff7a","Alicate Katya 1162-07","1"
"6a6e4dbc46feabf3642b093e","69db27e82b56cc0c1597fa26","Acrílico Zodiaco","1"
"6a6e4dbc46feabf3642b093e","69db27f02b56cc0c1597fad5","Aguja Peina Facil Grande 5pz.","1"
"6a6e4dbc46feabf3642b0946","69db27f12b56cc0c1597fae9","alain silver herbal 9","1"
"6a6e4dbc46feabf3642b0946","69db27d32b56cc0c1597f873","4x4 gel afeitar 955kg azul","1"
"6a6e4dbc46feabf3642b0946","69db28082b56cc0c1597fcc0","Alfapar 5.6","1"
"6a6e4dbc46feabf3642b094c","69db27d92b56cc0c1597f8f5","4x4 papel cuello negro 5 pz","1"
"6a6e4dbc46feabf3642b094c","69db27f52b56cc0c1597fb49","Alfa sobres de 30 pz","1"
"6a6e4dbc46feabf3642b094c","69db27de2b56cc0c1597f95e","4x4 Talco Invencible","1"
"6a6e4dbc46feabf3642b095c","69db28232b56cc0c1597fefa","Alfapar Oxido 40 vol. 1000ml.","1"
"6a6e4dbc46feabf3642b095e","69db28212b56cc0c1597fec9","Alfapar Maschera Plex 150g.","1"
"6a6e4dbc46feabf3642b095e","69db28012b56cc0c1597fc3b","Alfapar 11.21","1"
"6a6e4dbc46feabf3642b0961","69db281a2b56cc0c1597fe3a","Alfapar 8.66I","1"
"6a6e4dbc46feabf3642b0961","69db27e82b56cc0c1597fa2d","Acrílico Eteri Organic","1"
"6a6e4dbc46feabf3642b097d","69db27ec2b56cc0c1597fa80","adhesivo para pads color blanco  trasparente j denis","1"
"6a6e4dbc46feabf3642b097d","69db28322b56cc0c15980036","Andis Cuchilla Mini","1"
"6a6e4dbc46feabf3642b097d","69db27ec2b56cc0c1597fa8b","Adhesivo Para Pestañas Duo Oscuro","1"
"6a6e4dbc46feabf3642b0991","69db28012b56cc0c1597fc34","Alfapar 11.20","1"
"6a6e4dbc46feabf3642b0991","69db28072b56cc0c1597fcb2","Alfapar 5.5","1"
"6a6e4dbc46feabf3642b0996","69db27d92b56cc0c1597f8e7","4x4 papel cuello blanco rollo","1"
"6a6e4dbc46feabf3642b0998","69db27fe2b56cc0c1597fbfc","Alfapar 10.21","1"
"6a6e4dbc46feabf3642b0998","69db27e82b56cc0c1597fa26","Acrílico Zodiaco","1"
"6a6e4dbc46feabf3642b0998","69db28242b56cc0c1597ff0f","Alfapar salone shampoo 500ml.","1"
"6a6e4dbc46feabf3642b09a1","69db27fd2b56cc0c1597fbe0","Alfapar 1","1"
"6a6e4dbc46feabf3642b09a7","69db27ca2b56cc0c1597f7b0","4x4 papel cuello blanco de 5 pz.","1"
"6a6e4dbc46feabf3642b09a7","69db27e92b56cc0c1597fa44","Activador para Gel en Frio Touche","1"
"6a6e4dbc46feabf3642b09aa","69db27ed2b56cc0c1597fa92","Adhesivo Para Pestañas Duo Transparente","1"
"6a6e4dbc46feabf3642b09af","69db27cc2b56cc0c1597f7ec","4x4 Balsamo Cubre Canas 100g.","1"
"6a6e4dbc46feabf3642b09b1","69db27de2b56cc0c1597f957","4x4 spray","1"
"6a6e4dbc46feabf3642b09bc","69db27fe2b56cc0c1597fbfc","Alfapar 10.21","1"
"6a6e4dbc46feabf3642b09bc","69db28072b56cc0c1597fcb2","Alfapar 5.5","1"
"6a6e4dbc46feabf3642b09bc","69db280d2b56cc0c1597fd29","Alfapar 6.45","1"
"6a6e4dbc46feabf3642b09bc","69db27ca2b56cc0c1597f7b0","4x4 papel cuello blanco de 5 pz.","1"
"6a6e4dbc46feabf3642b09c1","69db27e92b56cc0c1597fa3b","Acrylic sterilizador agrílico","1"
"6a6e4dbc46feabf3642b09cd","69db28242b56cc0c1597ff08","Alfapar Real Rigen k.","1"
"6a6e4dbc46feabf3642b09d9","69db27d92b56cc0c1597f8e7","4x4 papel cuello blanco rollo","1"
"6a6e4dbc46feabf3642b09d9","69db27f72b56cc0c1597fb69","Alfaparf 7.24","1"
"6a6e4dbc46feabf3642b09d9","69db27c82b56cc0c1597f790","4x4 Guantes nitrilo negros","1"
"6a6e4dbc46feabf3642b09d9","69db28062b56cc0c1597fc9d","Alfapar 5.3","1"
"6a6e4dbc46feabf3642b09de","69db28282b56cc0c1597ff5d","Alicate barrilito","1"
"6a6e4dbc46feabf3642b09de","69db28172b56cc0c1597fdf4","Alfapar 8.01","1"
"6a6e4dbc46feabf3642b09de","69db27df2b56cc0c1597f965","4x4 Talco Ultra Fino","1"
"6a6e4dbc46feabf3642b09de","69db28152b56cc0c1597fdca","Alfapar 7.62","1"
"6a6e4dbc46feabf3642b09e3","69db28032b56cc0c1597fc65","Alfapar 4.52","1"
"6a6e4dbc46feabf3642b09e5","69db27e12b56cc0c1597f98e","Aashta Tijera Cocodrilo","1"
"6a6e4dbc46feabf3642b09f1","69db27e82b56cc0c1597fa2d","Acrílico Eteri Organic","1"
"6a6e4dbc46feabf3642b09f1","69db28012b56cc0c1597fc42","Alfapar 11.32","1"
"6a6e4dbc46feabf3642b09f1","69db28142b56cc0c1597fdb5","Alfapar 7.45","1"
"6a6e4dbc46feabf3642b09f5","69db27f62b56cc0c1597fb52","Alfapaf 6.56","1"
"6a6e4dbc46feabf3642b09f5","69db27f72b56cc0c1597fb77","Alfaparf 11.02","1"
"6a6e4dbc46feabf3642b09f5","69db27ff2b56cc0c1597fc03","Alfapar 10.3","1"
"6a6e4dbc46feabf3642b09fe","69db27fd2b56cc0c1597fbe0","Alfapar 1","1"
"6a6e4dbc46feabf3642b09fe","69db27e12b56cc0c1597f995","Aashta tijeras negro no. 7","1"
"6a6e4dbc46feabf3642b09fe","69db28162b56cc0c1597fde6","Alfapar 7NI","1"
"6a6e4dbc46feabf3642b0a02","69db27ee2b56cc0c1597faae","Adhesivo Tubo Transparente J.D/10gramos","1"
"6a6e4dbc46feabf3642b0a02","69db27c72b56cc0c1597f780","4x4 aceite para barba","1"
"6a6e4dbc46feabf3642b0a05","69db27fc2b56cc0c1597fbd9","Alfapar 03","1"
"6a6e4dbc46feabf3642b0a05","69db27ea2b56cc0c1597fa5d","Adhesivo J.Denis Oscuro con keratina","1"
"6a6e4dbc46feabf3642b0a0d","69db28222b56cc0c1597fede","Alfapar Olio Plex 100ml","1"
"6a6e4dbc46feabf3642b0a11","69db28212b56cc0c1597fec2","Alfapar Keratin Therapy Shampoo 250ml.","1"
"6a6e4dbc46feabf3642b0a11","69db282d2b56cc0c1597ffcd","Ampolletas Alfaparf Midollo di Bamboo (Blanco)","1"
"6a6e4dbc46feabf3642b0a11","69db27d82b56cc0c1597f8e0","4x4 Off-Road Crecimiento de Barba 60g.","1"
"6a6e4dbc46feabf3642b0a11","69db28032b56cc0c1597fc6c","Alfapar 4.65","1"
"6a6e4dbc46feabf3642b0a25","69db27d42b56cc0c1597f88f","4x4 Goma 280ml.","1"
"6a6e4dbc46feabf3642b0a25","69db28032b56cc0c1597fc5e","Alfapar 4.32","1"
"6a6e4dbc46feabf3642b0a28","69db281b2b56cc0c1597fe48","Alfapar 8NI","1"
"6a6e4dbc46feabf3642b0a28","69db28222b56cc0c1597fed7","Alfapar nutritivo Mask","1"
"6a6e4dbc46feabf3642b0a41","69db27ed2b56cc0c1597faa0","adhesivo supreme j denis para pestañas mink","1"
"6a6e4dbc46feabf3642b0a4f","69db281c2b56cc0c1597fe5d","Alfapar 9.1","1"
"6a6e4dbc46feabf3642b0a4f","69db28152b56cc0c1597fdc3","Alfapar 7.6","1"
"6a6e4dbc46feabf3642b0a4f","69db27da2b56cc0c1597f90a","4x4 Polvo Volumizador Seco Negro","1"
"6a6e4dbc46feabf3642b0a53","69db27cf2b56cc0c1597f81d","4x4 Cera Telaraña 100ml.","1"
"6a6e4dbc46feabf3642b0a53","69db27f82b56cc0c1597fb85","Alfapar 8.34","1"
"6a6e4dbc46feabf3642b0a56","69db27ea2b56cc0c1597fa5d","Adhesivo J.Denis Oscuro con keratina","1"
"6a6e4dbc46feabf3642b0a56","69db27f32b56cc0c1597fb1e","Alaska Tijera Manicure","1"
"6a6e4dbc46feabf3642b0a59","69db27e92b56cc0c1597fa44","Activador para Gel en Frio Touche","1"
"6a6e4dbc46feabf3642b0a59","69db28122b56cc0c1597fd92","Alfapar 7.32","1"
"6a6e4dbc46feabf3642b0a5c","69db27fa2b56cc0c1597fba8","Alfapar Semidelino nutritivo shampoo 250 ml.","1"
"6a6e4dbc46feabf3642b0a60","69db27f72b56cc0c1597fb77","Alfaparf 11.02","1"
"6a6e4dbc46feabf3642b0a60","69db28052b56cc0c1597fc88","Alfapar 5","1"
"6a6e4dbc46feabf3642b0a60","69db27ef2b56cc0c1597face","Aguja Peina Facil 5pz. V/Colores","1"
"6a6e4dbc46feabf3642b0a60","69db27ce2b56cc0c1597f808","4x4 Cera Gel 280g.","1"
"6a6e4dbc46feabf3642b0a65","69db282d2b56cc0c1597ffcd","Ampolletas Alfaparf Midollo di Bamboo (Blanco)","1"
"6a6e4dbc46feabf3642b0a6e","69db27fe2b56cc0c1597fbfc","Alfapar 10.21","1"
"6a6e4dbc46feabf3642b0a78","69db27ee2b56cc0c1597fab5","Afaparf salone supreme mask","1"
"6a6e4dbc46feabf3642b0a7a","69db27f92b56cc0c1597fb93","Alfapar keratin serum 125 ml","1"
"6a6e4dbc46feabf3642b0a7a","69db28292b56cc0c1597ff6f","Alicate Gc Medium","1"
"6a6e4dbc46feabf3642b0a7a","69db27c82b56cc0c1597f787","4X4 Gel para afeitar menta 1kg","1"
"6a6e4dbc46feabf3642b0a83","69db28232b56cc0c1597fef3","Alfapar Oxido 30 vol. 1000ml.","1"
"6a6e4dbc46feabf3642b0a85","69db27da2b56cc0c1597f8fc","4x4 Pasta Dorada 100g.","1"
"6a6e4dbc46feabf3642b0a8f","69db27c82b56cc0c1597f787","4X4 Gel para afeitar menta 1kg","1"
"6a6e4dbc46feabf3642b0a8f","69db28302b56cc0c1598000d","Ampolletas Revive Teñido","1"
"6a6e4dbc46feabf3642b0a8f","69db27cf2b56cc0c1597f81d","4x4 Cera Telaraña 100ml.","1"
"6a6e4dbc46feabf3642b0a8f","69db27d62b56cc0c1597f8b9","4X4 Maquina Platinum Trimmer","1"
"6a6e4dbc46feabf3642b0a97","69db28282b56cc0c1597ff5d","Alicate barrilito","1"
"6a6e4dbc46feabf3642b0a9e","69db27e92b56cc0c1597fa4b","Adesivo para extenciones Pestañas","1"
"6a6e4dbc46feabf3642b0a9e","69db27e52b56cc0c1597f9ec","Acetona Pura Mediana arys","1"
"6a6e4dbc46feabf3642b0a9e","69db280e2b56cc0c1597fd30","Alfapar 6.5","1"
"6a6e4dbc46feabf3642b0a9e","69db28302b56cc0c1598000d","Ampolletas Revive Teñido","1"
"6a6e4dbc46feabf3642b0aa9","69db281b2b56cc0c1597fe41","Alfapar 8NB","1"
"6a6e4dbc46feabf3642b0aab","69db282d2b56cc0c1597ffd4","Ampolletas Alfaparf Semi Di Lino Essential Oil (Azul)","1"
"6a6e4dbc46feabf3642b0aad","69db282a2b56cc0c1597ff85","Alicate Lobo1330-00","1"
"6a6e4dbc46feabf3642b0aad","69db282b2b56cc0c1597ffad","Amor us sponge","1"
"6a6e4dbc46feabf3642b0aad","69db27d22b56cc0c1597f855","4x4 Enfriador de Maquinas 400g.","1"
"6a6e4dbc46feabf3642b0ab1","69db27db2b56cc0c1597f91f","4x4 Pomada Extrafirme Verde 200g.","1"
"6a6e4dbc46feabf3642b0ab1","69db28182b56cc0c1597fe02","Alfapar 8.13","1"
"6a6e4dbc46feabf3642b0ab4","69db28032b56cc0c1597fc5e","Alfapar 4.32","1"
"6a6e4dbc46feabf3642b0ab4","69db28182b56cc0c1597fe10","Alfapar 8.23","1"
"6a6e4dbc46feabf3642b0ab4","69db28292b56cc0c1597ff6f","Alicate Gc Medium","1"
"6a6e4dbc46feabf3642b0ac2","69db27f62b56cc0c1597fb5b","Alfapar benvoleo shampoo seco sin gas 150 g","1"
"6a6e4dbc46feabf3642b0ac2","69db281c2b56cc0c1597fe64","Alfapar 9.13","1"
"6a6e4dbc46feabf3642b0ac5","69db27f42b56cc0c1597fb37","Alexander tijera","1"
"6a6e4dbc46feabf3642b0ac5","69db27d32b56cc0c1597f873","4x4 gel afeitar 955kg azul","1"
"6a6e4dbc46feabf3642b0acc","69db27ff2b56cc0c1597fc0a","Alfapar 10.31","1"
"6a6e4dbc46feabf3642b0ace","69db27ee2b56cc0c1597faa7","Adhesivo Tubo oscuro J.D/10gramos","1"
"6a6e4dbc46feabf3642b0ace","69db28202b56cc0c1597feb4","Alfapar keratin therapy lisse acondicionador 250ml.","1"
"6a6e4dbc46feabf3642b0ace","69db282d2b56cc0c1597ffd4","Ampolletas Alfaparf Semi Di Lino Essential Oil (Azul)","1"
"6a6e4dbc46feabf3642b0ace","69db27fd2b56cc0c1597fbee","Alfapar 10","1"
"6a6e4dbc46feabf3642b0adc","69db27ea2b56cc0c1597fa5d","Adhesivo J.Denis Oscuro con keratina","1"
"6a6e4dbc46feabf3642b0ade","69db27f52b56cc0c1597fb42","Alfa keratin Therapia","1"
"6a6e4dbc46feabf3642b0ade","69db28252b56cc0c1597ff1d","Alfapar Semidelino shampoo 250ml.","1"
"6a6e4dbc46feabf3642b0ade","69db27cb2b56cc0c1597f7d5","4X4 Aftershave Power Green 400ml.","1"
"6a6e4dbc46feabf3642b0af4","69db28152b56cc0c1597fdc3","Alfapar 7.6","1"
"6a6e4dbc46feabf3642b0af4","69db28282b56cc0c1597ff68","Alicate GC Large","1"
"6a6e4dbc46feabf3642b0aff","69db27e52b56cc0c1597f9f3","Acetona Pura Touche 980ml","1"
"6a6e4dbc46feabf3642b0aff","69db280e2b56cc0c1597fd30","Alfapar 6.5","1"
"6a6e4dbc46feabf3642b0aff","69db28262b56cc0c1597ff3d","Algodón Alby","1"
"6a6e4dbc46feabf3642b0b0a","69db27d42b56cc0c1597f88f","4x4 Goma 280ml.","1"
"6a6e4dbc46feabf3642b0b0a","69db282b2b56cc0c1597ff97","Almoadillas de algodon","1"
"6a6e4dbc46feabf3642b0b20","69db27d22b56cc0c1597f865","4x4 gel afeitar 955kg. blanco","1"
"6a6e4dbc46feabf3642b0b20","69db27f82b56cc0c1597fb7e","Alfaparf 8.221","1"
"6a6e4dbc46feabf3642b0b20","69db27d22b56cc0c1597f85e","4X4 Exfoliante facial","1"
"6a6e4dbc46feabf3642b0b26","69db28162b56cc0c1597fdd8","Alfapar 7000","1"
"6a6e4dbc46feabf3642b0b28","69db27d82b56cc0c1597f8e0","4x4 Off-Road Crecimiento de Barba 60g.","1"
"6a6e4dbc46feabf3642b0b28","69db27d22b56cc0c1597f855","4x4 Enfriador de Maquinas 400g.","1"
"6a6e4dbc46feabf3642b0b28","69db28172b56cc0c1597fded","Alfapar 8","1"
"6a6e4dbc46feabf3642b0b28","69db28162b56cc0c1597fde6","Alfapar 7NI","1"
"6a6e4dbc46feabf3642b0b2d","69db27cf2b56cc0c1597f81d","4x4 Cera Telaraña 100ml.","1"
"6a6e4dbc46feabf3642b0b34","69db281e2b56cc0c1597fe91","Alfapar 9NI","1"
"6a6e4dbc46feabf3642b0b34","69db27cc2b56cc0c1597f7ec","4x4 Balsamo Cubre Canas 100g.","1"
"6a6e4dbc46feabf3642b0b46","69db28272b56cc0c1597ff4b","Alicate Alaska Pedicure","1"
"6a6e4dbc46feabf3642b0b46","69db27e52b56cc0c1597f9ec","Acetona Pura Mediana arys","1"
"6a6e4dbc46feabf3642b0b46","69db28072b56cc0c1597fca4","Alfapar 5.32","1"
"6a6e4dbc46feabf3642b0b4a","69db281f2b56cc0c1597fea6","Alfapar Brocha y cio para tinte","1"
"6a6e4dbc46feabf3642b0b4c","69db27d72b56cc0c1597f8c0","4x4 Mascarilla Capilar Open Secret","1"
"6a6e4dbc46feabf3642b0b4c","69db28022b56cc0c1597fc49","Alfapar 2","1"
"6a6e4dbc46feabf3642b0b55","69db27f92b56cc0c1597fb93","Alfapar keratin serum 125 ml","1"
"6a6e4dbc46feabf3642b0b55","69db27fa2b56cc0c1597fbaf","Alfapar shampoo Rigen Dañado 250g.","1"
"6a6e4dbc46feabf3642b0b55","69db27ff2b56cc0c1597fc0a","Alfapar 10.31","1"
"6a6e4dbc46feabf3642b0b59","69db281d2b56cc0c1597fe6b","Alfapar 9.2","1"
"6a6e4dbc46feabf3642b0b59","69db27f72b56cc0c1597fb77","Alfaparf 11.02","1"
"6a6e4dbc46feabf3642b0b59","69db282b2b56cc0c1597ff97","Almoadillas de algodon","1"
"6a6e4dbc46feabf3642b0b59","69db27dc2b56cc0c1597f934","4x4 Pomada Roja 200g","1"
"6a6e4dbc46feabf3642b0b5e","69db27cc2b56cc0c1597f7dc","4X4 Aftershave Power Gold 400ml.","1"
"6a6e4dbc46feabf3642b0b5e","69db28002b56cc0c1597fc26","Alfapar 11.11","1"
"6a6e4dbc46feabf3642b0b5e","69db281c2b56cc0c1597fe5d","Alfapar 9.1","1"
"6a6e4dbc46feabf3642b0b5e","69db27fa2b56cc0c1597fbaf","Alfapar shampoo Rigen Dañado 250g.","1"
"6a6e4dbc46feabf3642b0b6b","69db28142b56cc0c1597fdbc","Alfapar 7.53","1"
"6a6e4dbc46feabf3642b0b6d","69db28172b56cc0c1597fdfb","Alfapar 8.1","1"
"6a6e4dbc46feabf3642b0b6d","69db280c2b56cc0c1597fd1b","Alfapar 6.35","1"
"6a6e4dbc46feabf3642b0b70","69db28182b56cc0c1597fe09","Alfapar 8.21","1"
"6a6e4dbc46feabf3642b0b70","69db28092b56cc0c1597fcd5","Alfapar 5.66I","1"
"6a6e4dbc46feabf3642b0b70","69db28132b56cc0c1597fd99","Alfapar 7.34","1"
"6a6e4dbc46feabf3642b0b79","69db28252b56cc0c1597ff24","Alfaparf shampoo cabello dañado 1 L.","1"
"6a6e4dbc46feabf3642b0b79","69db28112b56cc0c1597fd6f","Alfapar 7.1","1"
"6a6e4dbc46feabf3642b0b79","69db28302b56cc0c15980014","Amura depilacion definitiva","1"
"6a6e4dbc46feabf3642b0b79","69db28012b56cc0c1597fc2d","Alfapar 11.13","1"
"6a6e4dbc46feabf3642b0b7e","69db27da2b56cc0c1597f903","4x4 Pasta Dorada 200g.","1"
"6a6e4dbc46feabf3642b0b7e","69db27d82b56cc0c1597f8d9","4x4 oferta cera pasta y pomada 3pz.","1"
"6a6e4dbc46feabf3642b0b7e","69db28212b56cc0c1597fec2","Alfapar Keratin Therapy Shampoo 250ml.","1"
"6a6e4dbc46feabf3642b0b7e","69db28102b56cc0c1597fd68","Alfapar 7.01","1"
"6a6e4dbc46feabf3642b0b88","69db28042b56cc0c1597fc81","Alfapar 4NI","1"
"6a6e4dbc46feabf3642b0b88","69db28072b56cc0c1597fcb2","Alfapar 5.5","1"
"6a6e4dbc46feabf3642b0b88","69db281b2b56cc0c1597fe48","Alfapar 8NI","1"
"6a6e4dbc46feabf3642b0b8f","69db281c2b56cc0c1597fe5d","Alfapar 9.1","1"
"6a6e4dbc46feabf3642b0b91","69db27de2b56cc0c1597f95e","4x4 Talco Invencible","1"
"6a6e4dbc46feabf3642b0b91","69db27eb2b56cc0c1597fa79","adhesivo para pads color blanco tapa dorada j denis","1"
"6a6e4dbc46feabf3642b0b91","69db280b2b56cc0c1597fd06","Alfapar 6.23","1"
"6a6e4dbc46feabf3642b0b91","69db27ef2b56cc0c1597fac5","Agoja para rayos","1"
"6a6e4dbc46feabf3642b0b96","69db27d52b56cc0c1597f89d","4x4 maquina de corte trimmer inalambrico metalica","1"
"6a6e4dbc46feabf3642b0b9a","69db280c2b56cc0c1597fd0d","Alfapar 6.3","1"
"6a6e4dbc46feabf3642b0b9c","69db27e72b56cc0c1597fa11","Acondicionador Diamante 250ml.","1"
"6a6e4dbc46feabf3642b0ba1","69db28082b56cc0c1597fcc7","Alfapar 5.62","1"
"6a6e4dbc46feabf3642b0ba1","69db27cc2b56cc0c1597f7ec","4x4 Balsamo Cubre Canas 100g.","1"
"6a6e4dbc46feabf3642b0ba1","69db27d32b56cc0c1597f873","4x4 gel afeitar 955kg azul","1"
"6a6e4dbc46feabf3642b0bbe","69db281c2b56cc0c1597fe56","Alfapar 9.04","1"
"6a6e4dbc46feabf3642b0bbe","69db27fe2b56cc0c1597fbf5","Alfapar 10.1","1"
"6a6e4dbc46feabf3642b0bbe","69db27d82b56cc0c1597f8d2","4x4 navaja platinum","1"
"6a6e4dbc46feabf3642b0bbe","69db281f2b56cc0c1597fe98","Alfapar ampoll. anti caida","1"
"6a6e4dbc46feabf3642b0bc3","69db28162b56cc0c1597fddf","Alfapar 7NB","1"
"6a6e4dbc46feabf3642b0bc3","69db281a2b56cc0c1597fe2c","Alfapar 8.4","1"
"6a6e4dbc46feabf3642b0bc3","69db28102b56cc0c1597fd5a","Alfapar 6NI","1"
"6a6e4dbc46feabf3642b0bc3","69db28312b56cc0c15980026","Andis slimline pro li","1"
"6a6e4dbc46feabf3642b0bc8","69db27d82b56cc0c1597f8d2","4x4 navaja platinum","1"
"6a6e4dbc46feabf3642b0bd3","69db28222b56cc0c1597fed7","Alfapar nutritivo Mask","1"
"6a6e4dbc46feabf3642b0bdb","69db27de2b56cc0c1597f95e","4x4 Talco Invencible","1"
"6a6e4dbc46feabf3642b0bdb","69db282c2b56cc0c1597ffbf","Amor us","1"
"6a6e4dbc46feabf3642b0bdb","69db27eb2b56cc0c1597fa79","adhesivo para pads color blanco tapa dorada j denis","1"
"6a6e4dbc46feabf3642b0bdb","69db281c2b56cc0c1597fe56","Alfapar 9.04","1"
"6a6e4dbc46feabf3642b0be0","69db27ef2b56cc0c1597face","Aguja Peina Facil 5pz. V/Colores","1"
"6a6e4dbc46feabf3642b0be2","69db27de2b56cc0c1597f950","4x4 shampoo cervesa azul","1"
"6a6e4dbc46feabf3642b0bf4","69db27d72b56cc0c1597f8c0","4x4 Mascarilla Capilar Open Secret","1"
"6a6e4dbc46feabf3642b0bf4","69db28262b56cc0c1597ff3d","Algodón Alby","1"
"6a6e4dbc46feabf3642b0bf4","69db28012b56cc0c1597fc2d","Alfapar 11.13","1"
"6a6e4dbc46feabf3642b0bf8","69db27fc2b56cc0c1597fbcb","alfapar 013","1"
"6a6e4dbc46feabf3642b0bf8","69db27f82b56cc0c1597fb85","Alfapar 8.34","1"
"6a6e4dbc46feabf3642b0bfb","69db28042b56cc0c1597fc73","Alfapar 4.66I","1"
"6a6e4dbc46feabf3642b0bfb","69db281b2b56cc0c1597fe48","Alfapar 8NI","1"
"6a6e4dbc46feabf3642b0bfb","69db28242b56cc0c1597ff0f","Alfapar salone shampoo 500ml.","1"
"6a6e4dbc46feabf3642b0c08","69db27d62b56cc0c1597f8ab","4x4 Maquina platino 10000 RPM","1"
"6a6e4dbc46feabf3642b0c08","69db28072b56cc0c1597fcab","Alfapar 5.35","1"
"6a6e4dbc46feabf3642b0c08","69db27ff2b56cc0c1597fc0a","Alfapar 10.31","1"
"6a6e4dbc46feabf3642b0c08","69db28102b56cc0c1597fd61","Alfapar 7","1"
"6a6e4dbc46feabf3642b0c0d","69db280b2b56cc0c1597fd06","Alfapar 6.23","1"
"6a6e4dbc46feabf3642b0c0d","69db27df2b56cc0c1597f970","Aashta clip metalico o sojetador","1"
"6a6e4dbc46feabf3642b0c0d","69db27e32b56cc0c1597f9bb","Aceite Fortalezador Argan/Mamey","1"
"6a6e4dbc46feabf3642b0c17","69db27e32b56cc0c1597f9c6","Aceite Para Cuticula Touche Frambuesa","1"
"6a6e4dbc46feabf3642b0c17","69db281c2b56cc0c1597fe64","Alfapar 9.13","1"
"6a6e4dbc46feabf3642b0c1a","69db282e2b56cc0c1597ffe6","Ampolletas Hidraforce - Gegenerex","1"
"6a6e4dbc46feabf3642b0c1a","69db28082b56cc0c1597fcc7","Alfapar 5.62","1"
"6a6e4dbc46feabf3642b0c24","69db28192b56cc0c1597fe17","Alfapar 8.3","1"
"6a6e4dbc46feabf3642b0c24","69db28102b56cc0c1597fd5a","Alfapar 6NI","1"
"6a6e4dbc46feabf3642b0c31","69db27e92b56cc0c1597fa44","Activador para Gel en Frio Touche","1"
"6a6e4dbc46feabf3642b0c31","69db28262b56cc0c1597ff2b","Alfaparf Shampoo Plex 250g.","1"
"6a6e4dbc46feabf3642b0c31","69db27ff2b56cc0c1597fc03","Alfapar 10.3","1"
"6a6e4dbc46feabf3642b0c37","69db28172b56cc0c1597fded","Alfapar 8","1"
"6a6e4dbc46feabf3642b0c37","69db27fb2b56cc0c1597fbbd","Alfapar 000SSS","1"
"6a6e4dbc46feabf3642b0c37","69db27e42b56cc0c1597f9dc","acetona pura arys grande","1"
"6a6e4dbc46feabf3642b0c37","69db27f32b56cc0c1597fb1e","Alaska Tijera Manicure","1"
"6a6e4dbc46feabf3642b0c3c","69db28262b56cc0c1597ff34","Alfaparf spray porificante 100ml.","1"
"6a6e4dbc46feabf3642b0c3c","69db28242b56cc0c1597ff0f","Alfapar salone shampoo 500ml.","1"
"6a6e4dbc46feabf3642b0c3c","69db28272b56cc0c1597ff44","Alicate Alaska Manicure","1"
"6a6e4dbc46feabf3642b0c40","69db27cc2b56cc0c1597f7dc","4X4 Aftershave Power Gold 400ml.","1"
"6a6e4dbc46feabf3642b0c40","69db280c2b56cc0c1597fd14","Alfapar 6.32","1"
"6a6e4dbc46feabf3642b0c49","69db28242b56cc0c1597ff0f","Alfapar salone shampoo 500ml.","1"
"6a6e4dbc46feabf3642b0c49","69db282f2b56cc0c1597fff8","Ampolletas Revive Cationica","1"
"6a6e4dbc46feabf3642b0c49","69db282d2b56cc0c1597ffd4","Ampolletas Alfaparf Semi Di Lino Essential Oil (Azul)","1"
"6a6e4dbc46feabf3642b0c49","69db27ca2b56cc0c1597f7c0","4x4 Aceite Para Cortadoras 118ml.","1"
"6a6e4dbc46feabf3642b0c4e","69db28012b56cc0c1597fc42","Alfapar 11.32","1"
"6a6e4dbc46feabf3642b0c4e","69db27f62b56cc0c1597fb5b","Alfapar benvoleo shampoo seco sin gas 150 g","1"
"6a6e4dbc46feabf3642b0c51","69db28052b56cc0c1597fc88","Alfapar 5","1"
"6a6e4dbc46feabf3642b0c53","69db27f72b56cc0c1597fb77","Alfaparf 11.02","1"
"6a6e4dbc46feabf3642b0c67","69db27d22b56cc0c1597f865","4x4 gel afeitar 955kg. blanco","1"
"6a6e4dbc46feabf3642b0c67","69db28072b56cc0c1597fcb2","Alfapar 5.5","1"
"6a6e4dbc46feabf3642b0c6a","69db28272b56cc0c1597ff44","Alicate Alaska Manicure","1"
"6a6e4dbc46feabf3642b0c6a","69db28212b56cc0c1597fec9","Alfapar Maschera Plex 150g.","1"
"6a6e4dbc46feabf3642b0c6a","69db27ea2b56cc0c1597fa64","Adhesivo J.Denis Transparente con keratina","1"
"6a6e4dbc46feabf3642b0c6e","69db27e82b56cc0c1597fa2d","Acrílico Eteri Organic","1"
"6a6e4dbc46feabf3642b0c70","69db282d2b56cc0c1597ffcd","Ampolletas Alfaparf Midollo di Bamboo (Blanco)","1"
"6a6e4dbc46feabf3642b0c70","69db28252b56cc0c1597ff24","Alfaparf shampoo cabello dañado 1 L.","1"
"6a6e4dbc46feabf3642b0c70","69db28182b56cc0c1597fe02","Alfapar 8.13","1"
"6a6e4dbc46feabf3642b0c74","69db281a2b56cc0c1597fe33","Alfapar 8.43","1"
"6a6e4dbc46feabf3642b0c74","69db282d2b56cc0c1597ffc6","Ampolletas Alfaparf Aceite Lenitivo","1"
"6a6e4dbc46feabf3642b0c74","69db27df2b56cc0c1597f965","4x4 Talco Ultra Fino","1"
"6a6e4dbc46feabf3642b0c74","69db28232b56cc0c1597feec","Alfapar Oxido 20vol. 1000ml.","1"
"6a6e4dbc46feabf3642b0c79","69db280c2b56cc0c1597fd14","Alfapar 6.32","1"
"6a6e4dbc46feabf3642b0c79","69db28302b56cc0c1598000d","Ampolletas Revive Teñido","1"
"6a6e4dbc46feabf3642b0c79","69db28292b56cc0c1597ff6f","Alicate Gc Medium","1"
"6a6e4dbc46feabf3642b0c7d","69db27da2b56cc0c1597f8fc","4x4 Pasta Dorada 100g.","1"
"6a6e4dbc46feabf3642b0c8c","69db28272b56cc0c1597ff52","Alicate Alaska Spa","1"
"6a6e4dbc46feabf3642b0c8c","69db28032b56cc0c1597fc6c","Alfapar 4.65","1"
"6a6e4dbc46feabf3642b0c8c","69db28312b56cc0c15980026","Andis slimline pro li","1"
"6a6e4dbc46feabf3642b0c8c","69db28022b56cc0c1597fc49","Alfapar 2","1"
"6a6e4dbc46feabf3642b0c91","69db27f62b56cc0c1597fb5b","Alfapar benvoleo shampoo seco sin gas 150 g","1"
"6a6e4dbc46feabf3642b0c93","69db27c82b56cc0c1597f787","4X4 Gel para afeitar menta 1kg","1"
"6a6e4dbc46feabf3642b0c93","69db27db2b56cc0c1597f91f","4x4 Pomada Extrafirme Verde 200g.","1"
"6a6e4dbc46feabf3642b0c93","69db27cc2b56cc0c1597f7e3","4x4 Aftershave Rojo 400ml.","1"
"6a6e4dbc46feabf3642b0c97","69db27d12b56cc0c1597f84e","4x4 Desinfectante Antibacterial 250ml.","1"
"6a6e4dbc46feabf3642b0c97","69db27e22b56cc0c1597f9b2","Aceite De Hueso De Mamey Para Pestañas.","1"
"6a6e4dbc46feabf3642b0c9c","69db27c82b56cc0c1597f787","4X4 Gel para afeitar menta 1kg","1"
"6a6e4dbc46feabf3642b0c9c","69db27ea2b56cc0c1597fa56","Adhesivo J.Denis Para Rulos/Pestañas.","1"
"6a6e4dbc46feabf3642b0c9c","69db28242b56cc0c1597ff0f","Alfapar salone shampoo 500ml.","1"
"6a6e4dbc46feabf3642b0ca8","69db280f2b56cc0c1597fd53","Alfapar 6NB","1"
"6a6e4dbc46feabf3642b0ca8","69db28272b56cc0c1597ff44","Alicate Alaska Manicure","1"
"6a6e4dbc46feabf3642b0ca8","69db28282b56cc0c1597ff5d","Alicate barrilito","1"
"6a6e4dbc46feabf3642b0cb1","69db28242b56cc0c1597ff01","Alfapar protector termico 200ml.","1"
"6a6e4dbc46feabf3642b0cb1","69db281f2b56cc0c1597fe98","Alfapar ampoll. anti caida","1"
"6a6e4dbc46feabf3642b0cb8","69db281d2b56cc0c1597fe6b","Alfapar 9.2","1"
"6a6e4dbc46feabf3642b0cb8","69db27cd2b56cc0c1597f7f3","4x4 Balsamo Negro Liquido","1"
"6a6e4dbc46feabf3642b0cb8","69db27d52b56cc0c1597f896","4x4 guantes vinil nitrilo","1"
"6a6e4dbc46feabf3642b0cbc","69db27f72b56cc0c1597fb69","Alfaparf 7.24","1"
"6a6e4dbc46feabf3642b0cbc","69db27e32b56cc0c1597f9bb","Aceite Fortalezador Argan/Mamey","1"
"6a6e4dbc46feabf3642b0cbc","69db27d72b56cc0c1597f8c0","4x4 Mascarilla Capilar Open Secret","1"
"6a6e4dbc46feabf3642b0cbc","69db27cc2b56cc0c1597f7ec","4x4 Balsamo Cubre Canas 100g.","1"
"6a6e4dbc46feabf3642b0cc6","69db27e92b56cc0c1597fa44","Activador para Gel en Frio Touche","1"
"6a6e4dbc46feabf3642b0cc6","69db28262b56cc0c1597ff2b","Alfaparf Shampoo Plex 250g.","1"
"6a6e4dbc46feabf3642b0cc6","69db27e72b56cc0c1597fa1f","acrílico organic blanco (white)","1"
"6a6e4dbc46feabf3642b0cc6","69db27d12b56cc0c1597f84e","4x4 Desinfectante Antibacterial 250ml.","1"
"6a6e4dbc46feabf3642b0ccb","69db27d82b56cc0c1597f8d9","4x4 oferta cera pasta y pomada 3pz.","1"
"6a6e4dbc46feabf3642b0ccb","69db28122b56cc0c1597fd8b","Alfapar 7.31","1"
"6a6e4dbc46feabf3642b0ccb","69db27ed2b56cc0c1597fa99","Adhesivo Para Rulos frasquito chico blanco","1"
"6a6e4dbc46feabf3642b0ccf","69db280c2b56cc0c1597fd0d","Alfapar 6.3","1"
"6a6e4dbc46feabf3642b0ccf","69db28012b56cc0c1597fc34","Alfapar 11.20","1"
"6a6e4dbc46feabf3642b0ccf","69db281b2b56cc0c1597fe48","Alfapar 8NI","1"
"6a6e4dbc46feabf3642b0cd3","69db28192b56cc0c1597fe25","Alfapar 8.32","1"
"6a6e4dbc46feabf3642b0cd3","69db28182b56cc0c1597fe10","Alfapar 8.23","1"
"6a6e4dbc46feabf3642b0ce9","69db27de2b56cc0c1597f95e","4x4 Talco Invencible","1"
"6a6e4dbc46feabf3642b0ce9","69db27db2b56cc0c1597f91f","4x4 Pomada Extrafirme Verde 200g.","1"
"6a6e4dbc46feabf3642b0ce9","69db282b2b56cc0c1597ffad","Amor us sponge","1"
"6a6e4dbc46feabf3642b0d06","69db280e2b56cc0c1597fd37","Alfapar 6.53","1"
"6a6e4dbc46feabf3642b0d06","69db28272b56cc0c1597ff4b","Alicate Alaska Pedicure","1"
"6a6e4dbc46feabf3642b0d09","69db280b2b56cc0c1597fd06","Alfapar 6.23","1"
"6a6e4dbc46feabf3642b0d09","69db28262b56cc0c1597ff3d","Algodón Alby","1"
"6a6e4dbc46feabf3642b0d0c","69db27dc2b56cc0c1597f92d","4x4 Pomada Gris 200ml.","1"
"6a6e4dbc46feabf3642b0d0c","69db28022b56cc0c1597fc57","Alfapar 4","1"
"6a6e4dbc46feabf3642b0d0f","69db28122b56cc0c1597fd8b","Alfapar 7.31","1"
"6a6e4dbc46feabf3642b0d0f","69db282b2b56cc0c1597ff97","Almoadillas de algodon","1"
"6a6e4dbc46feabf3642b0d0f","69db28172b56cc0c1597fded","Alfapar 8","1"
"6a6e4dbc46feabf3642b0d0f","69db27d12b56cc0c1597f84e","4x4 Desinfectante Antibacterial 250ml.","1"
"6a6e4dbc46feabf3642b0d14","69db28132b56cc0c1597fda7","Alfapar 7.4","1"
"6a6e4dbc46feabf3642b0d14","69db28152b56cc0c1597fdd1","Alfapar 7.66I","1"
"6a6e4dbc46feabf3642b0d14","69db28202b56cc0c1597febb","Alfapar Keratin Therapy lisse Oil 50ml.","1"
"6a6e4dbc46feabf3642b0d18","69db27f62b56cc0c1597fb5b","Alfapar benvoleo shampoo seco sin gas 150 g","1"
"6a6e4dbc46feabf3642b0d18","69db27e32b56cc0c1597f9bb","Aceite Fortalezador Argan/Mamey","1"
"6a6e4dbc46feabf3642b0d18","69db27fa2b56cc0c1597fbb6","Alfapar shampoo seco sin gas 150ml.","1"
"6a6e4dbc46feabf3642b0d18","69db28012b56cc0c1597fc34","Alfapar 11.20","1"
"6a6e4dbc46feabf3642b0d25","69db28002b56cc0c1597fc18","Alfapar 11.00","1"
"6a6e4dbc46feabf3642b0d29","69db282d2b56cc0c1597ffd4","Ampolletas Alfaparf Semi Di Lino Essential Oil (Azul)","1"
"6a6e4dbc46feabf3642b0d29","69db28232b56cc0c1597fef3","Alfapar Oxido 30 vol. 1000ml.","1"
"6a6e4dbc46feabf3642b0d29","69db28012b56cc0c1597fc42","Alfapar 11.32","1"
"6a6e4dbc46feabf3642b0d29","69db27cf2b56cc0c1597f81d","4x4 Cera Telaraña 100ml.","1"
"6a6e4dbc46feabf3642b0d2e","69db27ee2b56cc0c1597faa7","Adhesivo Tubo oscuro J.D/10gramos","1"
"6a6e4dbc46feabf3642b0d33","69db27e12b56cc0c1597f99c","aashta tijeras ps817","1"
"6a6e4dbc46feabf3642b0d39","69db28032b56cc0c1597fc5e","Alfapar 4.32","1"
"6a6e4dbc46feabf3642b0d39","69db281b2b56cc0c1597fe41","Alfapar 8NB","1"
"6a6e4dbc46feabf3642b0d58","69db27e72b56cc0c1597fa18","acrílico cristal organic 50 gramos 1.76 oz","1"
"6a6e4dbc46feabf3642b0d58","69db28182b56cc0c1597fe10","Alfapar 8.23","1"
"6a6e4dbc46feabf3642b0d64","69db27db2b56cc0c1597f918","4x4 Pomada Extrafirme Verde 100g.","1"
"6a6e4dbc46feabf3642b0d64","69db27d12b56cc0c1597f840","4X4 Cuchilla Normal","1"
"6a6e4dbc46feabf3642b0d64","69db27e02b56cc0c1597f979","aashta kit 2 pz.","1"
"6a6e4dbc46feabf3642b0d6d","69db27ce2b56cc0c1597f80f","4x4 Cera Rosa 100ml.","1"
"6a6e4dbc46feabf3642b0d6d","69db281e2b56cc0c1597fe91","Alfapar 9NI","1"
"6a6e4dbc46feabf3642b0d75","69db27ea2b56cc0c1597fa5d","Adhesivo J.Denis Oscuro con keratina","1"
"6a6e4dbc46feabf3642b0d8f","69db281d2b56cc0c1597fe79","Alfapar 9.3","1"
"6a6e4dbc46feabf3642b0d8f","69db28272b56cc0c1597ff4b","Alicate Alaska Pedicure","1"
"6a6e4dbc46feabf3642b0d8f","69db282e2b56cc0c1597ffdb","Ampolletas Alfaparf Semi Di Lino Shine Lotion (Lila)","1"
"6a6e4dbc46feabf3642b0d93","69db27e02b56cc0c1597f987","aashta tijera ps154","1"
"6a6e4dbc46feabf3642b0d93","69db27ff2b56cc0c1597fc0a","Alfapar 10.31","1"
"6a6e4dbc46feabf3642b0d96","69db27cb2b56cc0c1597f7c7","4x4 Aftershave Amarillo 400ml.","1"
"6a6e4dbc46feabf3642b0da0","69db27db2b56cc0c1597f91f","4x4 Pomada Extrafirme Verde 200g.","1"
"6a6e4dbc46feabf3642b0da0","69db27ee2b56cc0c1597faa7","Adhesivo Tubo oscuro J.D/10gramos","1"
"6a6e4dbc46feabf3642b0da0","69db27ea2b56cc0c1597fa64","Adhesivo J.Denis Transparente con keratina","1"
"6a6e4dbc46feabf3642b0da0","69db282c2b56cc0c1597ffb6","Amor pinza pestañas","1"
"6a6e4dbc46feabf3642b0dac","69db27d92b56cc0c1597f8ee","4x4 papel cuello negro un rollo","1"
"6a6e4dbc46feabf3642b0dba","69db28282b56cc0c1597ff5d","Alicate barrilito","1"
"6a6e4dbc46feabf3642b0dba","69db282d2b56cc0c1597ffcd","Ampolletas Alfaparf Midollo di Bamboo (Blanco)","1"
"6a6e4dbc46feabf3642b0dba","69db27d22b56cc0c1597f865","4x4 gel afeitar 955kg. blanco","1"
"6a6e4dbc46feabf3642b0dc2","69db27fa2b56cc0c1597fbb6","Alfapar shampoo seco sin gas 150ml.","1"
"6a6e4dbc46feabf3642b0dc2","69db28112b56cc0c1597fd76","Alfapar 7.13","1"
"6a6e4dbc46feabf3642b0dc2","69db28152b56cc0c1597fdd1","Alfapar 7.66I","1"
"6a6e4dbc46feabf3642b0dd3","69db27f52b56cc0c1597fb49","Alfa sobres de 30 pz","1"
"6a6e4dbc46feabf3642b0dd3","69db27f42b56cc0c1597fb30","Alexander Style Tijera 7.5","1"
"6a6e4dbc46feabf3642b0dd3","69db28202b56cc0c1597febb","Alfapar Keratin Therapy lisse Oil 50ml.","1"
"6a6e4dbc46feabf3642b0dd3","69db28242b56cc0c1597ff01","Alfapar protector termico 200ml.","1"
"6a6e4dbc46feabf3642b0ddc","69db28152b56cc0c1597fdd1","Alfapar 7.66I","1"
"6a6e4dbc46feabf3642b0ddc","69db28012b56cc0c1597fc2d","Alfapar 11.13","1"
"6a6e4dbc46feabf3642b0ddc","69db27e82b56cc0c1597fa2d","Acrílico Eteri Organic","1"
"6a6e4dbc46feabf3642b0ddc","69db281f2b56cc0c1597fe98","Alfapar ampoll. anti caida","1"
"6a6e4dbc46feabf3642b0de3","69db27f12b56cc0c1597faf7","Alain silver shampoo","1"
"6a6e4dbc46feabf3642b0df0","69db27da2b56cc0c1597f8fc","4x4 Pasta Dorada 100g.","1"
"6a6e4dbc46feabf3642b0df0","69db28182b56cc0c1597fe02","Alfapar 8.13","1"
"6a6e4dbc46feabf3642b0df3","69db27e52b56cc0c1597f9fa","Acetona quinta esmalte 98(60 ml)","1"
"6a6e4dbc46feabf3642b0df3","69db27d72b56cc0c1597f8c0","4x4 Mascarilla Capilar Open Secret","1"
"6a6e4dbc46feabf3642b0df3","69db27ed2b56cc0c1597faa0","adhesivo supreme j denis para pestañas mink","1"
"6a6e4dbc46feabf3642b0df3","69db27d02b56cc0c1597f82b","4X4 Combo pow 5 pz.","1"
"6a6e4dbc46feabf3642b0df8","69db27ca2b56cc0c1597f7b0","4x4 papel cuello blanco de 5 pz.","1"
"6a6e4dbc46feabf3642b0df8","69db281f2b56cc0c1597fe98","Alfapar ampoll. anti caida","1"
"6a6e4dbc46feabf3642b0dfb","69db28082b56cc0c1597fcc0","Alfapar 5.6","1"
"6a6e4dbc46feabf3642b0dfb","69db28212b56cc0c1597fec9","Alfapar Maschera Plex 150g.","1"
"6a6e4dbc46feabf3642b0e0c","69db28102b56cc0c1597fd68","Alfapar 7.01","1"
"6a6e4dbc46feabf3642b0e0c","69db281f2b56cc0c1597fe98","Alfapar ampoll. anti caida","1"
"6a6e4dbc46feabf3642b0e0c","69db28142b56cc0c1597fdb5","Alfapar 7.45","1"
"6a6e4dbc46feabf3642b0e15","69db27e42b56cc0c1597f9d1","ACETONA ORGANIC 120 ML","1"
"6a6e4dbc46feabf3642b0e15","69db28112b56cc0c1597fd6f","Alfapar 7.1","1"
"6a6e4dbc46feabf3642b0e15","69db27e12b56cc0c1597f98e","Aashta Tijera Cocodrilo","1"
"6a6e4dbc46feabf3642b0e1e","69db27f32b56cc0c1597fb1e","Alaska Tijera Manicure","1"
"6a6e4dbc46feabf3642b0e1e","69db280b2b56cc0c1597fcff","Alfapar 6.1","1"
"6a6e4dbc46feabf3642b0e1e","69db27f52b56cc0c1597fb42","Alfa keratin Therapia","1"
"6a6e4dbc46feabf3642b0e1e","69db282f2b56cc0c1597ffff","Ampolletas Revive Fortificante","1"
"6a6e4dbc46feabf3642b0e23","69db27d92b56cc0c1597f8f5","4x4 papel cuello negro 5 pz","1"
"6a6e4dbc46feabf3642b0e23","69db27ee2b56cc0c1597fab5","Afaparf salone supreme mask","1"
"6a6e4dbc46feabf3642b0e23","69db281c2b56cc0c1597fe5d","Alfapar 9.1","1"
"6a6e4dbc46feabf3642b0e27","69db27dd2b56cc0c1597f93b","4x4 shampoo matiz negro 300ml.","1"
"6a6e4dbc46feabf3642b0e27","69db27d82b56cc0c1597f8d9","4x4 oferta cera pasta y pomada 3pz.","1"
"6a6e4dbc46feabf3642b0e27","69db281f2b56cc0c1597fe9f","Alfapar benvoleo olio nutritivo 100ml.","1"
"6a6e4dbc46feabf3642b0e30","69db27fd2b56cc0c1597fbe0","Alfapar 1","1"
"6a6e4dbc46feabf3642b0e30","69db27ec2b56cc0c1597fa80","adhesivo para pads color blanco  trasparente j denis","1"
"6a6e4dbc46feabf3642b0e30","69db28252b56cc0c1597ff1d","Alfapar Semidelino shampoo 250ml.","1"
"6a6e4dbc46feabf3642b0e30","69db27db2b56cc0c1597f918","4x4 Pomada Extrafirme Verde 100g.","1"
"6a6e4dbc46feabf3642b0e4c","69db28172b56cc0c1597fded","Alfapar 8","1"
"6a6e4dbc46feabf3642b0e4c","69db281d2b56cc0c1597fe6b","Alfapar 9.2","1"
"6a6e4dbc46feabf3642b0e4c","69db27f42b56cc0c1597fb29","Alexander style porta navaja","1"
"6a6e4dbc46feabf3642b0e50","69db28172b56cc0c1597fdfb","Alfapar 8.1","1"
"6a6e4dbc46feabf3642b0e55","69db28112b56cc0c1597fd6f","Alfapar 7.1","1"
"6a6e4dbc46feabf3642b0e66","69db27f12b56cc0c1597fae9","alain silver herbal 9","1"
"6a6e4dbc46feabf3642b0e66","69db28232b56cc0c1597fefa","Alfapar Oxido 40 vol. 1000ml.","1"
"6a6e4dbc46feabf3642b0e66","69db27e92b56cc0c1597fa44","Activador para Gel en Frio Touche","1"
"6a6e4dbc46feabf3642b0e66","69db28202b56cc0c1597feb4","Alfapar keratin therapy lisse acondicionador 250ml.","1"
"6a6e4dbc46feabf3642b0e6b","69db27f42b56cc0c1597fb30","Alexander Style Tijera 7.5","1"
"6a6e4dbc46feabf3642b0e6b","69db28172b56cc0c1597fded","Alfapar 8","1"
"6a6e4dbc46feabf3642b0e6b","69db27e52b56cc0c1597f9fa","Acetona quinta esmalte 98(60 ml)","1"
"6a6e4dbc46feabf3642b0e6b","69db281f2b56cc0c1597fea6","Alfapar Brocha y cio para tinte","1"
"6a6e4dbc46feabf3642b0e73","69db27cb2b56cc0c1597f7ce","4x4 Aftershave King Blue 400ml","1"
"6a6e4dbc46feabf3642b0e73","69db28222b56cc0c1597fede","Alfapar Olio Plex 100ml","1"
"6a6e4dbc46feabf3642b0e73","69db27f72b56cc0c1597fb69","Alfaparf 7.24","1"
"6a6e4dbc46feabf3642b0e7b","69db27e02b56cc0c1597f979","aashta kit 2 pz.","1"
"6a6e4dbc46feabf3642b0e7b","69db28232b56cc0c1597fef3","Alfapar Oxido 30 vol. 1000ml.","1"
"6a6e4dbc46feabf3642b0e7b","69db28272b56cc0c1597ff52","Alicate Alaska Spa","1"
"6a6e4dbc46feabf3642b0e7b","69db27dd2b56cc0c1597f949","4x4 shampoo cbd minoxidi 500ml.","1"
"6a6e4dbc46feabf3642b0e84","69db28182b56cc0c1597fe09","Alfapar 8.21","1"
"6a6e4dbc46feabf3642b0e84","69db27d32b56cc0c1597f87a","4X4 Gel Cubre Cana 315gr.","1"
"6a6e4dbc46feabf3642b0e84","69db280b2b56cc0c1597fd06","Alfapar 6.23","1"
"6a6e4dbc46feabf3642b0e84","69db28302b56cc0c15980014","Amura depilacion definitiva","1"
"6a6e4dbc46feabf3642b0e89","69db27f52b56cc0c1597fb49","Alfa sobres de 30 pz","1"
"6a6e4dbc46feabf3642b0e8d","69db27e72b56cc0c1597fa18","acrílico cristal organic 50 gramos 1.76 oz","1"
"6a6e4dbc46feabf3642b0e8f","69db27d42b56cc0c1597f881","4x4 Gel Para Afeitar Citrico 485ml.","1"
"6a6e4dbc46feabf3642b0e8f","69db28142b56cc0c1597fdae","Alfapar 7.43","1"
"6a6e4dbc46feabf3642b0e97","69db28082b56cc0c1597fcb9","Alfapar 5.53","1"
"6a6e4dbc46feabf3642b0e97","69db28142b56cc0c1597fdbc","Alfapar 7.53","1"
"6a6e4dbc46feabf3642b0e97","69db27dc2b56cc0c1597f934","4x4 Pomada Roja 200g","1"
"6a6e4dbc46feabf3642b0e97","69db27f42b56cc0c1597fb37","Alexander tijera","1"
"6a6e4dbc46feabf3642b0e9c","69db282d2b56cc0c1597ffcd","Ampolletas Alfaparf Midollo di Bamboo (Blanco)","1"
"6a6e4dbc46feabf3642b0e9e","69db28072b56cc0c1597fcb2","Alfapar 5.5","1"
"6a6e4dbc46feabf3642b0e9e","69db27c82b56cc0c1597f787","4X4 Gel para afeitar menta 1kg","1"
"6a6e4dbc46feabf3642b0ea5","69db27f42b56cc0c1597fb30","Alexander Style Tijera 7.5","1"
"6a6e4dbc46feabf3642b0ea5","69db27d82b56cc0c1597f8d9","4x4 oferta cera pasta y pomada 3pz.","1"
"6a6e4dbc46feabf3642b0ea5","69db27dd2b56cc0c1597f93b","4x4 shampoo matiz negro 300ml.","1"
"6a6e4dbc46feabf3642b0eac","69db28192b56cc0c1597fe17","Alfapar 8.3","1"
"6a6e4dbc46feabf3642b0eac","69db28122b56cc0c1597fd84","Alfapar 7.3","1"
"6a6e4dbc46feabf3642b0eac","69db27e22b56cc0c1597f9b2","Aceite De Hueso De Mamey Para Pestañas.","1"
"6a6e4dbc46feabf3642b0eac","69db28102b56cc0c1597fd68","Alfapar 7.01","1"
"6a6e4dbc46feabf3642b0ec3","69db27ce2b56cc0c1597f816","4x4 Cera Rosa 200ml.","1"
"6a6e4dbc46feabf3642b0ec5","69db28002b56cc0c1597fc1f","Alfapar 11.10","1"
"6a6e4dbc46feabf3642b0ec5","69db27c82b56cc0c1597f790","4x4 Guantes nitrilo negros","1"
"6a6e4dbc46feabf3642b0ec5","69db28032b56cc0c1597fc5e","Alfapar 4.32","1"
"6a6e4dbc46feabf3642b0ec5","69db28182b56cc0c1597fe02","Alfapar 8.13","1"
"6a6e4dbc46feabf3642b0eca","69db27f42b56cc0c1597fb37","Alexander tijera","1"
"6a6e4dbc46feabf3642b0eca","69db27e42b56cc0c1597f9e5","Acetona Pura Chica (frasco hidra)","1"
"6a6e4dbc46feabf3642b0eca","69db27d42b56cc0c1597f888","4x4 Gel Para Afeitar Menta 485ml.","1"
"6a6e4dbc46feabf3642b0eca","69db281b2b56cc0c1597fe4f","Alfapar 9","1"
"6a6e4dbc46feabf3642b0ecf","69db27f72b56cc0c1597fb70","Alfaparf 10.342","1"
"6a6e4dbc46feabf3642b0ecf","69db27f12b56cc0c1597fae9","alain silver herbal 9","1"
"6a6e4dbc46feabf3642b0ecf","69db27de2b56cc0c1597f957","4x4 spray","1"
"6a6e4dbc46feabf3642b0ef1","69db27cb2b56cc0c1597f7d5","4X4 Aftershave Power Green 400ml.","1"
"6a6e4dbc46feabf3642b0ef1","69db27f62b56cc0c1597fb52","Alfapaf 6.56","1"
"6a6e4dbc46feabf3642b0ef1","69db28032b56cc0c1597fc65","Alfapar 4.52","1"
"6a6e4dbc46feabf3642b0ef1","69db28312b56cc0c1598001f","Andis","1"
"6a6e4dbc46feabf3642b0ef6","69db27fc2b56cc0c1597fbd9","Alfapar 03","1"
"6a6e4dbc46feabf3642b0ef6","69db28032b56cc0c1597fc6c","Alfapar 4.65","1"
"6a6e4dbc46feabf3642b0f05","69db27ce2b56cc0c1597f808","4x4 Cera Gel 280g.","1"
"6a6e4dbc46feabf3642b0f07","69db28232b56cc0c1597fef3","Alfapar Oxido 30 vol. 1000ml.","1"
"6a6e4dbc46feabf3642b0f07","69db27f92b56cc0c1597fb9a","Alfapar mask 200ml.","1"
"6a6e4dbc46feabf3642b0f10","69db27d12b56cc0c1597f840","4X4 Cuchilla Normal","1"
"6a6e4dbc46feabf3642b0f10","69db281a2b56cc0c1597fe33","Alfapar 8.43","1"
"6a6e4dbc46feabf3642b0f10","69db280d2b56cc0c1597fd22","Alfapar 6.4","1"
"6a6e4dbc46feabf3642b0f10","69db27ea2b56cc0c1597fa56","Adhesivo J.Denis Para Rulos/Pestañas.","1"
"6a6e4dbc46feabf3642b0f15","69db28232b56cc0c1597fefa","Alfapar Oxido 40 vol. 1000ml.","1"
"6a6e4dbc46feabf3642b0f15","69db27cd2b56cc0c1597f7fa","4x4 Cera en Polvo Volumizador Amarillo","1"
"6a6e4dbc46feabf3642b0f1b","69db27e22b56cc0c1597f9b2","Aceite De Hueso De Mamey Para Pestañas.","1"
"6a6e4dbc46feabf3642b0f1b","69db28242b56cc0c1597ff08","Alfapar Real Rigen k.","1"
"6a6e4dbc46feabf3642b0f1b","69db27e92b56cc0c1597fa3b","Acrylic sterilizador agrílico","1"
"6a6e4dbc46feabf3642b0f1b","69db27cb2b56cc0c1597f7c7","4x4 Aftershave Amarillo 400ml.","1"
"6a6e4dbc46feabf3642b0f27","69db280b2b56cc0c1597fcf8","Alfapar 6.01","1"
"6a6e4dbc46feabf3642b0f27","69db27fb2b56cc0c1597fbc4","Alfapar 01","1"
"6a6e4dbc46feabf3642b0f2a","69db27dc2b56cc0c1597f92d","4x4 Pomada Gris 200ml.","1"
"6a6e4dbc46feabf3642b0f2a","69db27f02b56cc0c1597fad5","Aguja Peina Facil Grande 5pz.","1"
"6a6e4dbc46feabf3642b0f2a","69db27e72b56cc0c1597fa1f","acrílico organic blanco (white)","1"
"6a6e4dbc46feabf3642b0f2a","69db282f2b56cc0c1597fff1","Ampolletas Revive Bifasica","1"
"6a6e4dbc46feabf3642b0f2f","69db27ef2b56cc0c1597fabe","Afaparf oxido 10 vol. 1000ml.","1"
"6a6e4dbc46feabf3642b0f2f","69db28142b56cc0c1597fdbc","Alfapar 7.53","1"
"6a6e4dbc46feabf3642b0f3a","69db27e42b56cc0c1597f9e5","Acetona Pura Chica (frasco hidra)","1"
"6a6e4dbc46feabf3642b0f3a","69db27f82b56cc0c1597fb7e","Alfaparf 8.221","1"
"6a6e4dbc46feabf3642b0f3a","69db27f12b56cc0c1597faf7","Alain silver shampoo","1"
"6a6e4dbc46feabf3642b0f4e","69db282b2b56cc0c1597ffad","Amor us sponge","1"
"6a6e4dbc46feabf3642b0f50","69db27f42b56cc0c1597fb29","Alexander style porta navaja","1"
"6a6e4dbc46feabf3642b0f50","69db28002b56cc0c1597fc26","Alfapar 11.11","1"
"6a6e4dbc46feabf3642b0f63","69db28112b56cc0c1597fd76","Alfapar 7.13","1"
"6a6e4dbc46feabf3642b0f68","69db27f82b56cc0c1597fb8c","Alfapar 9.423","1"
"6a6e4dbc46feabf3642b0f68","69db28152b56cc0c1597fdd1","Alfapar 7.66I","1"
"6a6e4dbc46feabf3642b0f68","69db27ff2b56cc0c1597fc03","Alfapar 10.3","1"
"6a6e4dbc46feabf3642b0f68","69db27dc2b56cc0c1597f934","4x4 Pomada Roja 200g","1"
"6a6e4dbc46feabf3642b0f6d","69db27c92b56cc0c1597f7a9","4X4 oferta combo barber de 5 pz.","1"
"6a6e4dbc46feabf3642b0f6d","69db28072b56cc0c1597fcab","Alfapar 5.35","1"
"6a6e4dbc46feabf3642b0f6d","69db27d62b56cc0c1597f8b2","4X4 Maquina Platinum Clipper","1"
"6a6e4dbc46feabf3642b0f6d","69db281e2b56cc0c1597fe91","Alfapar 9NI","1"
"6a6e4dbc46feabf3642b0f72","69db28152b56cc0c1597fdc3","Alfapar 7.6","1"
"6a6e4dbc46feabf3642b0f72","69db27ea2b56cc0c1597fa56","Adhesivo J.Denis Para Rulos/Pestañas.","1"
"6a6e4dbc46feabf3642b0f7a","69db28082b56cc0c1597fcc7","Alfapar 5.62","1"
"6a6e4dbc46feabf3642b0f7a","69db27dc2b56cc0c1597f926","4x4 Pomada Gris 100ml.","1"
"6a6e4dbc46feabf3642b0f81","69db282f2b56cc0c1597fff1","Ampolletas Revive Bifasica","1"
"6a6e4dbc46feabf3642b0f81","69db280e2b56cc0c1597fd30","Alfapar 6.5","1"
"6a6e4dbc46feabf3642b0f81","69db27dc2b56cc0c1597f92d","4x4 Pomada Gris 200ml.","1"
"6a6e4dbc46feabf3642b0f81","69db282e2b56cc0c1597ffe6","Ampolletas Hidraforce - Gegenerex","1"
"6a6e4dbc46feabf3642b0f88","69db28042b56cc0c1597fc7a","Alfapar 4NB","1"
"6a6e4dbc46feabf3642b0f88","69db27fd2b56cc0c1597fbee","Alfapar 10","1"
"6a6e4dbc46feabf3642b0f8b","69db281f2b56cc0c1597fea6","Alfapar Brocha y cio para tinte","1"
"6a6e4dbc46feabf3642b0f8b","69db27fa2b56cc0c1597fbb6","Alfapar shampoo seco sin gas 150ml.","1"
"6a6e4dbc46feabf3642b0f8b","69db27eb2b56cc0c1597fa6b","adhesivo latex para rulos o pads liftin j denis","1"
"6a6e4dbc46feabf3642b0f8b","69db27f82b56cc0c1597fb85","Alfapar 8.34","1"
"6a6e4dbc46feabf3642b0f92","69db28002b56cc0c1597fc18","Alfapar 11.00","1"
"6a6e4dbc46feabf3642b0f92","69db27cb2b56cc0c1597f7ce","4x4 Aftershave King Blue 400ml","1"
"6a6e4dbc46feabf3642b0f99","69db27f52b56cc0c1597fb49","Alfa sobres de 30 pz","1"
"6a6e4dbc46feabf3642b0f99","69db27c82b56cc0c1597f790","4x4 Guantes nitrilo negros","1"
"6a6e4dbc46feabf3642b0f99","69db27d22b56cc0c1597f865","4x4 gel afeitar 955kg. blanco","1"
"6a6e4dbc46feabf3642b0f99","69db28082b56cc0c1597fcc0","Alfapar 5.6","1"
"6a6e4dbc46feabf3642b0faa","69db27c82b56cc0c1597f790","4x4 Guantes nitrilo negros","1"
"6a6e4dbc46feabf3642b0fac","69db27f22b56cc0c1597fafe","Alain silver 30ml.","1"
"6a6e4dbc46feabf3642b0fac","69db27ee2b56cc0c1597fab5","Afaparf salone supreme mask","1"
"6a6e4dbc46feabf3642b0fac","69db28282b56cc0c1597ff68","Alicate GC Large","1"
"6a6e4dbc46feabf3642b0fba","69db281d2b56cc0c1597fe72","Alfapar 9.21","1"
"6a6e4dbc46feabf3642b0fc0","69db27ef2b56cc0c1597fac5","Agoja para rayos","1"
"6a6e4dbc46feabf3642b0fc7","69db27e52b56cc0c1597f9fa","Acetona quinta esmalte 98(60 ml)","1"
"6a6e4dbc46feabf3642b0fc7","69db28152b56cc0c1597fdd1","Alfapar 7.66I","1"
"6a6e4dbc46feabf3642b0fcc","69db27c92b56cc0c1597f7a9","4X4 oferta combo barber de 5 pz.","1"
"6a6e4dbc46feabf3642b0fcc","69db27d02b56cc0c1597f82b","4X4 Combo pow 5 pz.","1"
"6a6e4dbc46feabf3642b0fcc","69db27e32b56cc0c1597f9bb","Aceite Fortalezador Argan/Mamey","1"
"6a6e4dbc46feabf3642b0fcc","69db28022b56cc0c1597fc49","Alfapar 2","1"
"6a6e4dbc46feabf3642b0fd1","69db27cb2b56cc0c1597f7ce","4x4 Aftershave King Blue 400ml","1"
"6a6e4dbc46feabf3642b0fd1","69db28082b56cc0c1597fcc0","Alfapar 5.6","1"
"6a6e4dbc46feabf3642b0fd1","69db281d2b56cc0c1597fe79","Alfapar 9.3","1"
"6a6e4dbc46feabf3642b0fe8","69db28102b56cc0c1597fd68","Alfapar 7.01","1"
"6a6e4dbc46feabf3642b0fe8","69db282d2b56cc0c1597ffcd","Ampolletas Alfaparf Midollo di Bamboo (Blanco)","1"
"6a6e4dbc46feabf3642b0ff2","69db27d22b56cc0c1597f855","4x4 Enfriador de Maquinas 400g.","1"
"6a6e4dbc46feabf3642b0ff9","69db27c92b56cc0c1597f7a0","4x4 minoxidil","1"
"6a6e4dbc46feabf3642b0ff9","69db28022b56cc0c1597fc50","Alfapar 3","1"
"6a6e4dbc46feabf3642b0ff9","69db27e72b56cc0c1597fa11","Acondicionador Diamante 250ml.","1"
"6a6e4dbc46feabf3642b1019","69db280a2b56cc0c1597fce3","Alfapar 5NB","1"
"6a6e4dbc46feabf3642b1019","69db27db2b56cc0c1597f918","4x4 Pomada Extrafirme Verde 100g.","1"
"6a6e4dbc46feabf3642b1019","69db282c2b56cc0c1597ffb6","Amor pinza pestañas","1"
"6a6e4dbc46feabf3642b1026","69db28282b56cc0c1597ff68","Alicate GC Large","1"
"6a6e4dbc46feabf3642b1026","69db27d42b56cc0c1597f881","4x4 Gel Para Afeitar Citrico 485ml.","1"
"6a6e4dbc46feabf3642b1026","69db281b2b56cc0c1597fe4f","Alfapar 9","1"
"6a6e4dbc46feabf3642b1026","69db28062b56cc0c1597fc96","Alfapar 5.22","1"
"6a6e4dbc46feabf3642b1033","69db281e2b56cc0c1597fe91","Alfapar 9NI","1"
"6a6e4dbc46feabf3642b1033","69db27d52b56cc0c1597f896","4x4 guantes vinil nitrilo","1"
"6a6e4dbc46feabf3642b1033","69db27e72b56cc0c1597fa11","Acondicionador Diamante 250ml.","1"
"6a6e4dbc46feabf3642b1037","69db27da2b56cc0c1597f8fc","4x4 Pasta Dorada 100g.","1"
"6a6e4dbc46feabf3642b1037","69db27f22b56cc0c1597fb09","Alaska brocha barbero","1"
"6a6e4dbc46feabf3642b1037","69db28152b56cc0c1597fdc3","Alfapar 7.6","1"
"6a6e4dbc46feabf3642b1037","69db27f42b56cc0c1597fb29","Alexander style porta navaja","1"
"6a6e4dbc46feabf3642b1041","69db28272b56cc0c1597ff44","Alicate Alaska Manicure","1"
"6a6e4dbc46feabf3642b1041","69db27e02b56cc0c1597f980","aashta ps -807","1"
"6a6e4dbc46feabf3642b1041","69db280b2b56cc0c1597fcff","Alfapar 6.1","1"
"6a6e4dbc46feabf3642b1047","69db27dc2b56cc0c1597f934","4x4 Pomada Roja 200g","1"
"6a6e4dbc46feabf3642b1047","69db281d2b56cc0c1597fe6b","Alfapar 9.2","1"
"6a6e4dbc46feabf3642b104a","69db281c2b56cc0c1597fe5d","Alfapar 9.1","1"
"6a6e4dbc46feabf3642b104a","69db27cd2b56cc0c1597f801","4x4 cera gel kg.","1"
"6a6e4dbc46feabf3642b104a","69db280a2b56cc0c1597fcea","Alfapar 5NI","1"
"6a6e4dbc46feabf3642b104a","69db27f12b56cc0c1597fae9","alain silver herbal 9","1"
"6a6e4dbc46feabf3642b1058","69db280b2b56cc0c1597fcf8","Alfapar 6.01","1"
"6a6e4dbc46feabf3642b105a","69db27e82b56cc0c1597fa34","Acrílicos De Colores Touche diamonds","1"
"6a6e4dbc46feabf3642b105c","69db27e92b56cc0c1597fa44","Activador para Gel en Frio Touche","1"
"6a6e4dbc46feabf3642b105c","69db27e32b56cc0c1597f9bb","Aceite Fortalezador Argan/Mamey","1"
"6a6e4dbc46feabf3642b105f","69db28162b56cc0c1597fddf","Alfapar 7NB","1"
"6a6e4dbc46feabf3642b105f","69db281f2b56cc0c1597fea6","Alfapar Brocha y cio para tinte","1"
"6a6e4dbc46feabf3642b105f","69db28272b56cc0c1597ff4b","Alicate Alaska Pedicure","1"
"6a6e4dbc46feabf3642b106a","69db27fc2b56cc0c1597fbd9","Alfapar 03","1"
"6a6e4dbc46feabf3642b106a","69db27de2b56cc0c1597f950","4x4 shampoo cervesa azul","1"
"6a6e4dbc46feabf3642b1071","69db27ec2b56cc0c1597fa8b","Adhesivo Para Pestañas Duo Oscuro","1"
"6a6e4dbc46feabf3642b1071","69db27d42b56cc0c1597f888","4x4 Gel Para Afeitar Menta 485ml.","1"
"6a6e4dbc46feabf3642b1074","69db27d02b56cc0c1597f82b","4X4 Combo pow 5 pz.","1"
"6a6e4dbc46feabf3642b1074","69db28012b56cc0c1597fc34","Alfapar 11.20","1"
"6a6e4dbc46feabf3642b1074","69db282d2b56cc0c1597ffd4","Ampolletas Alfaparf Semi Di Lino Essential Oil (Azul)","1"
"6a6e4dbc46feabf3642b1078","69db28262b56cc0c1597ff34","Alfaparf spray porificante 100ml.","1"
"6a6e4dbc46feabf3642b1081","69db27d32b56cc0c1597f86c","4x4 Gel 500g.","1"
"6a6e4dbc46feabf3642b1081","69db27cf2b56cc0c1597f824","4X4 Combo Maquina platinum Clipper/Trimmer","1"
"6a6e4dbc46feabf3642b1081","69db28172b56cc0c1597fded","Alfapar 8","1"
"6a6e4dbc46feabf3642b1085","69db280d2b56cc0c1597fd22","Alfapar 6.4","1"
"6a6e4dbc46feabf3642b1085","69db28032b56cc0c1597fc5e","Alfapar 4.32","1"
"6a6e4dbc46feabf3642b1085","69db28242b56cc0c1597ff0f","Alfapar salone shampoo 500ml.","1"
"6a6e4dbc46feabf3642b1092","69db280b2b56cc0c1597fcf8","Alfapar 6.01","1"
"6a6e4dbc46feabf3642b1092","69db27ef2b56cc0c1597fabe","Afaparf oxido 10 vol. 1000ml.","1"
"6a6e4dbc46feabf3642b1092","69db281b2b56cc0c1597fe4f","Alfapar 9","1"
"6a6e4dbc46feabf3642b1096","69db27ce2b56cc0c1597f80f","4x4 Cera Rosa 100ml.","1"
"6a6e4dbc46feabf3642b1096","69db27eb2b56cc0c1597fa79","adhesivo para pads color blanco tapa dorada j denis","1"
"6a6e4dbc46feabf3642b109c","69db27d22b56cc0c1597f865","4x4 gel afeitar 955kg. blanco","1"
"6a6e4dbc46feabf3642b109c","69db27fd2b56cc0c1597fbe0","Alfapar 1","1"
"6a6e4dbc46feabf3642b10a3","69db27fa2b56cc0c1597fba8","Alfapar Semidelino nutritivo shampoo 250 ml.","1"
"6a6e4dbc46feabf3642b10ba","69db27ee2b56cc0c1597faae","Adhesivo Tubo Transparente J.D/10gramos","1"
"6a6e4dbc46feabf3642b10e9","69db27f42b56cc0c1597fb37","Alexander tijera","1"
"6a6e4dbc46feabf3642b1103","69db28272b56cc0c1597ff52","Alicate Alaska Spa","1"
"6a6e4dbc46feabf3642b1103","69db28232b56cc0c1597feec","Alfapar Oxido 20vol. 1000ml.","1"
"6a6e4dbc46feabf3642b110f","69db27e62b56cc0c1597fa0a","acondicionador artesanal","1"
"6a6e4dbc46feabf3642b1115","69db27fd2b56cc0c1597fbe0","Alfapar 1","1"
"6a6e4dbc46feabf3642b1115","69db28292b56cc0c1597ff6f","Alicate Gc Medium","1"
"6a6e4dbc46feabf3642b1115","69db27fa2b56cc0c1597fba8","Alfapar Semidelino nutritivo shampoo 250 ml.","1"
"6a6e4dbc46feabf3642b1115","69db28102b56cc0c1597fd68","Alfapar 7.01","1"
"6a6e4dbc46feabf3642b111a","69db28002b56cc0c1597fc18","Alfapar 11.00","1"
"6a6e4dbc46feabf3642b111a","69db27dc2b56cc0c1597f934","4x4 Pomada Roja 200g","1"
"6a6e4dbc46feabf3642b111a","69db28012b56cc0c1597fc3b","Alfapar 11.21","1"
"6a6e4dbc46feabf3642b111a","69db280b2b56cc0c1597fd06","Alfapar 6.23","1"
"6a6e4dbc46feabf3642b111f","69db27d32b56cc0c1597f86c","4x4 Gel 500g.","1"
"6a6e4dbc46feabf3642b111f","69db27dd2b56cc0c1597f949","4x4 shampoo cbd minoxidi 500ml.","1"
"6a6e4dbc46feabf3642b111f","69db28242b56cc0c1597ff01","Alfapar protector termico 200ml.","1"
"6a6e4dbc46feabf3642b112c","69db27c92b56cc0c1597f7a9","4X4 oferta combo barber de 5 pz.","1"
"6a6e4dbc46feabf3642b112c","69db27c82b56cc0c1597f787","4X4 Gel para afeitar menta 1kg","1"
"6a6e4dbc46feabf3642b112c","69db27cd2b56cc0c1597f7fa","4x4 Cera en Polvo Volumizador Amarillo","1"
"6a6e4dbc46feabf3642b112c","69db27e72b56cc0c1597fa11","Acondicionador Diamante 250ml.","1"
"6a6e4dbc46feabf3642b1141","69db28032b56cc0c1597fc5e","Alfapar 4.32","1"
"6a6e4dbc46feabf3642b1141","69db27e82b56cc0c1597fa26","Acrílico Zodiaco","1"
"6a6e4dbc46feabf3642b1141","69db280d2b56cc0c1597fd29","Alfapar 6.45","1"
"6a6e4dbc46feabf3642b1141","69db27eb2b56cc0c1597fa72","adhesivo libre de latex","1"
"6a6e4dbc46feabf3642b114a","69db281a2b56cc0c1597fe3a","Alfapar 8.66I","1"
"6a6e4dbc46feabf3642b114c","69db28232b56cc0c1597feec","Alfapar Oxido 20vol. 1000ml.","1"
"6a6e4dbc46feabf3642b114e","69db27ff2b56cc0c1597fc0a","Alfapar 10.31","1"
"6a6e4dbc46feabf3642b114e","69db280e2b56cc0c1597fd30","Alfapar 6.5","1"
"6a6e4dbc46feabf3642b114e","69db27fe2b56cc0c1597fbf5","Alfapar 10.1","1"
"6a6e4dbc46feabf3642b1152","69db28292b56cc0c1597ff6f","Alicate Gc Medium","1"
"6a6e4dbc46feabf3642b1152","69db27ed2b56cc0c1597fa92","Adhesivo Para Pestañas Duo Transparente","1"
"6a6e4dbc46feabf3642b1152","69db27cd2b56cc0c1597f7f3","4x4 Balsamo Negro Liquido","1"
"6a6e4dbc46feabf3642b1156","69db282b2b56cc0c1597ff97","Almoadillas de algodon","1"
"6a6e4dbc46feabf3642b115f","69db28182b56cc0c1597fe09","Alfapar 8.21","1"
"6a6e4dbc46feabf3642b115f","69db28252b56cc0c1597ff16","Alfapar Semi di lino 50ml.","1"
"6a6e4dbc46feabf3642b115f","69db27df2b56cc0c1597f970","Aashta clip metalico o sojetador","1"
"6a6e4dbc46feabf3642b116e","69db27dc2b56cc0c1597f926","4x4 Pomada Gris 100ml.","1"
"6a6e4dbc46feabf3642b116e","69db27d52b56cc0c1597f89d","4x4 maquina de corte trimmer inalambrico metalica","1"
"6a6e4dbc46feabf3642b116e","69db27ea2b56cc0c1597fa64","Adhesivo J.Denis Transparente con keratina","1"
"6a6e4dbc46feabf3642b116e","69db28162b56cc0c1597fde6","Alfapar 7NI","1"
"6a6e4dbc46feabf3642b117a","69db27f12b56cc0c1597faf0","Alain Silver Hot Tratamiento Restauraurador","1"
"6a6e4dbc46feabf3642b117a","69db27ed2b56cc0c1597fa92","Adhesivo Para Pestañas Duo Transparente","1"
"6a6e4dbc46feabf3642b117d","69db27db2b56cc0c1597f91f","4x4 Pomada Extrafirme Verde 200g.","1"
"6a6e4dbc46feabf3642b117f","69db282b2b56cc0c1597ff97","Almoadillas de algodon","1"
"6a6e4dbc46feabf3642b117f","69db282f2b56cc0c1597ffff","Ampolletas Revive Fortificante","1"
"6a6e4dbc46feabf3642b117f","69db28062b56cc0c1597fc8f","Alfapar 5.1","1"
"6a6e4dbc46feabf3642b1187","69db280d2b56cc0c1597fd29","Alfapar 6.45","1"
"6a6e4dbc46feabf3642b1187","69db28322b56cc0c15980036","Andis Cuchilla Mini","1"
"6a6e4dbc46feabf3642b1187","69db28272b56cc0c1597ff44","Alicate Alaska Manicure","1"
"6a6e4dbc46feabf3642b1187","69db27ef2b56cc0c1597fac5","Agoja para rayos","1"
"6a6e4dbc46feabf3642b1199","69db27fa2b56cc0c1597fbaf","Alfapar shampoo Rigen Dañado 250g.","1"
"6a6e4dbc46feabf3642b1199","69db28122b56cc0c1597fd84","Alfapar 7.3","1"
"6a6e4dbc46feabf3642b119e","69db27d12b56cc0c1597f847","4x4 Cuchilla Trimer","1"
"6a6e4dbc46feabf3642b11b7","69db28202b56cc0c1597feb4","Alfapar keratin therapy lisse acondicionador 250ml.","1"
"6a6e4dbc46feabf3642b11b7","69db280e2b56cc0c1597fd30","Alfapar 6.5","1"
"6a6e4dbc46feabf3642b11b7","69db27fa2b56cc0c1597fbb6","Alfapar shampoo seco sin gas 150ml.","1"
"6a6e4dbc46feabf3642b11b7","69db27d62b56cc0c1597f8ab","4x4 Maquina platino 10000 RPM","1"
"6a6e4dbc46feabf3642b11bc","69db28112b56cc0c1597fd6f","Alfapar 7.1","1"
"6a6e4dbc46feabf3642b11bc","69db28082b56cc0c1597fcc7","Alfapar 5.62","1"
"6a6e4dbc46feabf3642b11bc","69db27e72b56cc0c1597fa11","Acondicionador Diamante 250ml.","1"
"6a6e4dbc46feabf3642b11bc","69db27f82b56cc0c1597fb7e","Alfaparf 8.221","1"
"6a6e4dbc46feabf3642b11c5","69db280c2b56cc0c1597fd14","Alfapar 6.32","1"
"6a6e4dbc46feabf3642b11c5","69db28012b56cc0c1597fc3b","Alfapar 11.21","1"
"6a6e4dbc46feabf3642b11c5","69db27fb2b56cc0c1597fbc4","Alfapar 01","1"
"6a6e4dbc46feabf3642b11cd","69db27da2b56cc0c1597f903","4x4 Pasta Dorada 200g.","1"
"6a6e4dbc46feabf3642b11cd","69db27dd2b56cc0c1597f942","4x4 shampoo cbd bergamota 500ml.","1"
"6a6e4dbc46feabf3642b11cd","69db27f72b56cc0c1597fb69","Alfaparf 7.24","1"
"6a6e4dbc46feabf3642b11d5","69db28162b56cc0c1597fddf","Alfapar 7NB","1"
"6a6e4dbc46feabf3642b11d5","69db281a2b56cc0c1597fe3a","Alfapar 8.66I","1"
"6a6e4dbc46feabf3642b11d5","69db27d42b56cc0c1597f881","4x4 Gel Para Afeitar Citrico 485ml.","1"
"6a6e4dbc46feabf3642b11e3","69db27dd2b56cc0c1597f949","4x4 shampoo cbd minoxidi 500ml.","1"
"6a6e4dbc46feabf3642b11e3","69db27eb2b56cc0c1597fa72","adhesivo libre de latex","1"
"6a6e4dbc46feabf3642b11ea","69db28002b56cc0c1597fc1f","Alfapar 11.10","1"
"6a6e4dbc46feabf3642b11ea","69db280b2b56cc0c1597fcff","Alfapar 6.1","1"
"6a6e4dbc46feabf3642b11ed","69db28242b56cc0c1597ff01","Alfapar protector termico 200ml.","1"
"6a6e4dbc46feabf3642b11ed","69db28242b56cc0c1597ff08","Alfapar Real Rigen k.","1"
"6a6e4dbc46feabf3642b11ed","69db28272b56cc0c1597ff44","Alicate Alaska Manicure","1"
"6a6e4dbc46feabf3642b11ed","69db28092b56cc0c1597fcce","Alfapar 5.65","1"
"6a6e4dbc46feabf3642b11f6","69db27e52b56cc0c1597f9fa","Acetona quinta esmalte 98(60 ml)","1"
"6a6e4dbc46feabf3642b11f6","69db28082b56cc0c1597fcb9","Alfapar 5.53","1"
"6a6e4dbc46feabf3642b11f9","69db28142b56cc0c1597fdae","Alfapar 7.43","1"
"6a6e4dbc46feabf3642b11f9","69db27fc2b56cc0c1597fbd9","Alfapar 03","1"
"6a6e4dbc46feabf3642b11f9","69db27eb2b56cc0c1597fa6b","adhesivo latex para rulos o pads liftin j denis","1"
"6a6e4dbc46feabf3642b1200","69db282f2b56cc0c1597fff1","Ampolletas Revive Bifasica","1"
"6a6e4dbc46feabf3642b1200","69db282c2b56cc0c1597ffb6","Amor pinza pestañas","1"
"6a6e4dbc46feabf3642b1200","69db27d22b56cc0c1597f865","4x4 gel afeitar 955kg. blanco","1"
"6a6e4dbc46feabf3642b1207","69db28102b56cc0c1597fd68","Alfapar 7.01","1"
"6a6e4dbc46feabf3642b1207","69db28092b56cc0c1597fcce","Alfapar 5.65","1"
"6a6e4dbc46feabf3642b1207","69db27cc2b56cc0c1597f7ec","4x4 Balsamo Cubre Canas 100g.","1"
"6a6e4dbc46feabf3642b1207","69db27d52b56cc0c1597f8a4","4X4 Maquina inalambrica clipper heavy duty metalica G.","1"
"6a6e4dbc46feabf3642b120c","69db28022b56cc0c1597fc50","Alfapar 3","1"
"6a6e4dbc46feabf3642b120c","69db27f12b56cc0c1597faf7","Alain silver shampoo","1"
"6a6e4dbc46feabf3642b120c","69db28012b56cc0c1597fc42","Alfapar 11.32","1"
"6a6e4dbc46feabf3642b120c","69db27e72b56cc0c1597fa1f","acrílico organic blanco (white)","1"
"6a6e4dbc46feabf3642b1211","69db27ee2b56cc0c1597faa7","Adhesivo Tubo oscuro J.D/10gramos","1"
"6a6e4dbc46feabf3642b1213","69db27dc2b56cc0c1597f926","4x4 Pomada Gris 100ml.","1"
"6a6e4dbc46feabf3642b1213","69db28182b56cc0c1597fe02","Alfapar 8.13","1"
"6a6e4dbc46feabf3642b1213","69db27fa2b56cc0c1597fbb6","Alfapar shampoo seco sin gas 150ml.","1"
"6a6e4dbc46feabf3642b1217","69db28192b56cc0c1597fe1e","Alfapar 8.31","1"
"6a6e4dbc46feabf3642b1217","69db27e42b56cc0c1597f9d1","ACETONA ORGANIC 120 ML","1"
"6a6e4dbc46feabf3642b121a","69db27dd2b56cc0c1597f942","4x4 shampoo cbd bergamota 500ml.","1"
"6a6e4dbc46feabf3642b121a","69db27e72b56cc0c1597fa18","acrílico cristal organic 50 gramos 1.76 oz","1"
"6a6e4dbc46feabf3642b122b","69db28092b56cc0c1597fcce","Alfapar 5.65","1"
"6a6e4dbc46feabf3642b122b","69db27fd2b56cc0c1597fbe7","Alfapar 1.11","1"
"6a6e4dbc46feabf3642b122e","69db280a2b56cc0c1597fcea","Alfapar 5NI","1"
"6a6e4dbc46feabf3642b1234","69db28182b56cc0c1597fe02","Alfapar 8.13","1"
"6a6e4dbc46feabf3642b123b","69db28232b56cc0c1597fefa","Alfapar Oxido 40 vol. 1000ml.","1"
"6a6e4dbc46feabf3642b123b","69db27ff2b56cc0c1597fc0a","Alfapar 10.31","1"
"6a6e4dbc46feabf3642b123b","69db280d2b56cc0c1597fd22","Alfapar 6.4","1"
"6a6e4dbc46feabf3642b123b","69db27ec2b56cc0c1597fa8b","Adhesivo Para Pestañas Duo Oscuro","1"
"6a6e4dbc46feabf3642b1240","69db27e52b56cc0c1597f9f3","Acetona Pura Touche 980ml","1"
"6a6e4dbc46feabf3642b1240","69db280c2b56cc0c1597fd1b","Alfapar 6.35","1"
"6a6e4dbc46feabf3642b1240","69db27dc2b56cc0c1597f926","4x4 Pomada Gris 100ml.","1"
"6a6e4dbc46feabf3642b1240","69db28082b56cc0c1597fcb9","Alfapar 5.53","1"
"6a6e4dbc46feabf3642b1251","69db27e42b56cc0c1597f9e5","Acetona Pura Chica (frasco hidra)","1"
"6a6e4dbc46feabf3642b1251","69db28222b56cc0c1597fee5","Alfapar Oxido 10 vol. 1000ml.","1"
"6a6e4dbc46feabf3642b1258","69db282a2b56cc0c1597ff90","Alkahzar agua de rosas","1"
"6a6e4dbc46feabf3642b1258","69db28032b56cc0c1597fc5e","Alfapar 4.32","1"
"6a6e4dbc46feabf3642b125b","69db280b2b56cc0c1597fd06","Alfapar 6.23","1"
"6a6e4dbc46feabf3642b125b","69db28072b56cc0c1597fca4","Alfapar 5.32","1"
"6a6e4dbc46feabf3642b125b","69db27e92b56cc0c1597fa3b","Acrylic sterilizador agrílico","1"
"6a6e4dbc46feabf3642b125b","69db27ed2b56cc0c1597fa92","Adhesivo Para Pestañas Duo Transparente","1"
"6a6e4dbc46feabf3642b1265","69db28072b56cc0c1597fcab","Alfapar 5.35","1"
"6a6e4dbc46feabf3642b1267","69db281f2b56cc0c1597fea6","Alfapar Brocha y cio para tinte","1"
"6a6e4dbc46feabf3642b1267","69db27e52b56cc0c1597f9f3","Acetona Pura Touche 980ml","1"
"6a6e4dbc46feabf3642b126d","69db28022b56cc0c1597fc49","Alfapar 2","1"
"6a6e4dbc46feabf3642b126d","69db27eb2b56cc0c1597fa6b","adhesivo latex para rulos o pads liftin j denis","1"
"6a6e4dbc46feabf3642b126d","69db28012b56cc0c1597fc42","Alfapar 11.32","1"
"6a6e4dbc46feabf3642b126d","69db27ed2b56cc0c1597fa92","Adhesivo Para Pestañas Duo Transparente","1"
"6a6e4dbc46feabf3642b1294","69db28002b56cc0c1597fc18","Alfapar 11.00","1"
"6a6e4dbc46feabf3642b1296","69db27e82b56cc0c1597fa2d","Acrílico Eteri Organic","1"
"6a6e4dbc46feabf3642b12b7","69db28012b56cc0c1597fc34","Alfapar 11.20","1"
"6a6e4dbc46feabf3642b12b7","69db27f02b56cc0c1597fad5","Aguja Peina Facil Grande 5pz.","1"
"6a6e4dbc46feabf3642b12b7","69db27d32b56cc0c1597f87a","4X4 Gel Cubre Cana 315gr.","1"
"6a6e4dbc46feabf3642b12b7","69db27ed2b56cc0c1597fa92","Adhesivo Para Pestañas Duo Transparente","1"
"6a6e4dbc46feabf3642b12d0","69db28052b56cc0c1597fc88","Alfapar 5","1"
"6a6e4dbc46feabf3642b12d0","69db27e92b56cc0c1597fa3b","Acrylic sterilizador agrílico","1"
"6a6e4dbc46feabf3642b12d0","69db28032b56cc0c1597fc6c","Alfapar 4.65","1"
"6a6e4dbc46feabf3642b12d4","69db27f82b56cc0c1597fb7e","Alfaparf 8.221","1"
"6a6e4dbc46feabf3642b12db","69db282d2b56cc0c1597ffd4","Ampolletas Alfaparf Semi Di Lino Essential Oil (Azul)","1"
"6a6e4dbc46feabf3642b12db","69db281f2b56cc0c1597fea6","Alfapar Brocha y cio para tinte","1"
"6a6e4dbc46feabf3642b12e8","69db281b2b56cc0c1597fe48","Alfapar 8NI","1"
"6a6e4dbc46feabf3642b12e8","69db28282b56cc0c1597ff5d","Alicate barrilito","1"
"6a6e4dbc46feabf3642b12e8","69db28102b56cc0c1597fd61","Alfapar 7","1"
"6a6e4dbc46feabf3642b12ec","69db281d2b56cc0c1597fe72","Alfapar 9.21","1"
"6a6e4dbc46feabf3642b12ec","69db28162b56cc0c1597fde6","Alfapar 7NI","1"
"6a6e4dbc46feabf3642b12fd","69db28172b56cc0c1597fdf4","Alfapar 8.01","1"
"6a6e4dbc46feabf3642b12fd","69db27f62b56cc0c1597fb52","Alfapaf 6.56","1"
"6a6e4dbc46feabf3642b12fd","69db27de2b56cc0c1597f950","4x4 shampoo cervesa azul","1"
"6a6e4dbc46feabf3642b12fd","69db27e42b56cc0c1597f9d1","ACETONA ORGANIC 120 ML","1"
"6a6e4dbc46feabf3642b1305","69db28242b56cc0c1597ff08","Alfapar Real Rigen k.","1"
"6a6e4dbc46feabf3642b1305","69db27e92b56cc0c1597fa4b","Adesivo para extenciones Pestañas","1"
"6a6e4dbc46feabf3642b1308","69db27d22b56cc0c1597f865","4x4 gel afeitar 955kg. blanco","1"
"6a6e4dbc46feabf3642b130a","69db27e82b56cc0c1597fa34","Acrílicos De Colores Touche diamonds","1"
"6a6e4dbc46feabf3642b130a","69db280e2b56cc0c1597fd3e","Alfapar 6.6","1"
"6a6e4dbc46feabf3642b130a","69db281b2b56cc0c1597fe48","Alfapar 8NI","1"
"6a6e4dbc46feabf3642b130e","69db27fc2b56cc0c1597fbcb","alfapar 013","1"
"6a6e4dbc46feabf3642b1310","69db27f72b56cc0c1597fb69","Alfaparf 7.24","1"
"6a6e4dbc46feabf3642b1310","69db28162b56cc0c1597fddf","Alfapar 7NB","1"
"6a6e4dbc46feabf3642b1310","69db27d52b56cc0c1597f896","4x4 guantes vinil nitrilo","1"
"6a6e4dbc46feabf3642b1316","69db27f02b56cc0c1597fad5","Aguja Peina Facil Grande 5pz.","1"
"6a6e4dbc46feabf3642b1316","69db27cf2b56cc0c1597f824","4X4 Combo Maquina platinum Clipper/Trimmer","1"
"6a6e4dbc46feabf3642b1319","69db28182b56cc0c1597fe10","Alfapar 8.23","1"
"6a6e4dbc46feabf3642b1319","69db27d92b56cc0c1597f8e7","4x4 papel cuello blanco rollo","1"
"6a6e4dbc46feabf3642b1319","69db27eb2b56cc0c1597fa72","adhesivo libre de latex","1"
"6a6e4dbc46feabf3642b1325","69db27d62b56cc0c1597f8b2","4X4 Maquina Platinum Clipper","1"
"6a6e4dbc46feabf3642b1327","69db28302b56cc0c1598000d","Ampolletas Revive Teñido","1"
"6a6e4dbc46feabf3642b1331","69db27f62b56cc0c1597fb5b","Alfapar benvoleo shampoo seco sin gas 150 g","1"
"6a6e4dbc46feabf3642b1333","69db27e42b56cc0c1597f9e5","Acetona Pura Chica (frasco hidra)","1"
"6a6e4dbc46feabf3642b1333","69db27e22b56cc0c1597f9b2","Aceite De Hueso De Mamey Para Pestañas.","1"
"6a6e4dbc46feabf3642b1333","69db27ca2b56cc0c1597f7c0","4x4 Aceite Para Cortadoras 118ml.","1"
"6a6e4dbc46feabf3642b1342","69db27ce2b56cc0c1597f816","4x4 Cera Rosa 200ml.","1"
"6a6e4dbc46feabf3642b1342","69db281d2b56cc0c1597fe72","Alfapar 9.21","1"
"6a6e4dbc46feabf3642b1345","69db28182b56cc0c1597fe02","Alfapar 8.13","1"
"6a6e4dbc46feabf3642b1345","69db27d42b56cc0c1597f881","4x4 Gel Para Afeitar Citrico 485ml.","1"
"6a6e4dbc46feabf3642b1345","69db282f2b56cc0c1597ffff","Ampolletas Revive Fortificante","1"
"6a6e4dbc46feabf3642b1345","69db27e82b56cc0c1597fa2d","Acrílico Eteri Organic","1"
"6a6e4dbc46feabf3642b1358","69db280e2b56cc0c1597fd37","Alfapar 6.53","1"
"6a6e4dbc46feabf3642b1358","69db28282b56cc0c1597ff5d","Alicate barrilito","1"
"6a6e4dbc46feabf3642b1358","69db28122b56cc0c1597fd92","Alfapar 7.32","1"
"6a6e4dbc46feabf3642b1358","69db27e42b56cc0c1597f9dc","acetona pura arys grande","1"
"6a6e4dbc46feabf3642b135d","69db28012b56cc0c1597fc3b","Alfapar 11.21","1"
"6a6e4dbc46feabf3642b135d","69db27da2b56cc0c1597f903","4x4 Pasta Dorada 200g.","1"
"6a6e4dbc46feabf3642b135d","69db27d52b56cc0c1597f896","4x4 guantes vinil nitrilo","1"
"6a6e4dbc46feabf3642b135d","69db281a2b56cc0c1597fe33","Alfapar 8.43","1"
"6a6e4dbc46feabf3642b1364","69db28212b56cc0c1597fed0","Alfapar mask. keratin therapy","1"
"6a6e4dbc46feabf3642b1369","69db27f52b56cc0c1597fb49","Alfa sobres de 30 pz","1"
"6a6e4dbc46feabf3642b1370","69db280e2b56cc0c1597fd30","Alfapar 6.5","1"
"6a6e4dbc46feabf3642b1370","69db27de2b56cc0c1597f957","4x4 spray","1"
"6a6e4dbc46feabf3642b1380","69db280a2b56cc0c1597fcea","Alfapar 5NI","1"
"6a6e4dbc46feabf3642b1380","69db27e72b56cc0c1597fa18","acrílico cristal organic 50 gramos 1.76 oz","1"
"6a6e4dbc46feabf3642b1380","69db27d02b56cc0c1597f832","4x4 Cuchilla Platino trimer DLC","1"
"6a6e4dbc46feabf3642b1380","69db27fe2b56cc0c1597fbf5","Alfapar 10.1","1"
"6a6e4dbc46feabf3642b138a","69db281e2b56cc0c1597fe8a","Alfapar 9NB","1"
"6a6e4dbc46feabf3642b138c","69db27e52b56cc0c1597f9ec","Acetona Pura Mediana arys","1"
"6a6e4dbc46feabf3642b138c","69db27d42b56cc0c1597f881","4x4 Gel Para Afeitar Citrico 485ml.","1"
"6a6e4dbc46feabf3642b138c","69db27fa2b56cc0c1597fbb6","Alfapar shampoo seco sin gas 150ml.","1"
"6a6e4dbc46feabf3642b138c","69db27ce2b56cc0c1597f80f","4x4 Cera Rosa 100ml.","1"
"6a6e4dbc46feabf3642b1398","69db27ca2b56cc0c1597f7b0","4x4 papel cuello blanco de 5 pz.","1"
"6a6e4dbc46feabf3642b1398","69db28272b56cc0c1597ff44","Alicate Alaska Manicure","1"
"6a6e4dbc46feabf3642b1398","69db27f72b56cc0c1597fb69","Alfaparf 7.24","1"
"6a6e4dbc46feabf3642b139e","69db281f2b56cc0c1597fe98","Alfapar ampoll. anti caida","1"
"6a6e4dbc46feabf3642b13a0","69db27e12b56cc0c1597f98e","Aashta Tijera Cocodrilo","1"
"6a6e4dbc46feabf3642b13a0","69db27e02b56cc0c1597f980","aashta ps -807","1"
"6a6e4dbc46feabf3642b13a0","69db280a2b56cc0c1597fce3","Alfapar 5NB","1"
"6a6e4dbc46feabf3642b13a4","69db27eb2b56cc0c1597fa72","adhesivo libre de latex","1"
"6a6e4dbc46feabf3642b13a4","69db28042b56cc0c1597fc7a","Alfapar 4NB","1"
"6a6e4dbc46feabf3642b13a7","69db28042b56cc0c1597fc73","Alfapar 4.66I","1"
"6a6e4dbc46feabf3642b13a7","69db281c2b56cc0c1597fe56","Alfapar 9.04","1"
"6a6e4dbc46feabf3642b13a7","69db281a2b56cc0c1597fe3a","Alfapar 8.66I","1"
"6a6e4dbc46feabf3642b13b2","69db28232b56cc0c1597feec","Alfapar Oxido 20vol. 1000ml.","1"
"6a6e4dbc46feabf3642b13b2","69db28192b56cc0c1597fe1e","Alfapar 8.31","1"
"6a6e4dbc46feabf3642b13b5","69db27dc2b56cc0c1597f926","4x4 Pomada Gris 100ml.","1"
"6a6e4dbc46feabf3642b13b7","69db282c2b56cc0c1597ffb6","Amor pinza pestañas","1"
"6a6e4dbc46feabf3642b13b9","69db27f92b56cc0c1597fba1","Alfapar rigen shampoo 250 ml.","1"
"6a6e4dbc46feabf3642b13b9","69db27f32b56cc0c1597fb10","Alaska Bisturi AK-02-0019","1"
"6a6e4dbc46feabf3642b13b9","69db28152b56cc0c1597fdca","Alfapar 7.62","1"
"6a6e4dbc46feabf3642b13b9","69db27f32b56cc0c1597fb17","Alaska Saca Comedones","1"
"6a6e4dbc46feabf3642b13c6","69db27ed2b56cc0c1597fa92","Adhesivo Para Pestañas Duo Transparente","1"
"6a6e4dbc46feabf3642b13c6","69db28062b56cc0c1597fc96","Alfapar 5.22","1"
"6a6e4dbc46feabf3642b13cc","69db27f92b56cc0c1597fb9a","Alfapar mask 200ml.","1"
"6a6e4dbc46feabf3642b13ce","69db27cd2b56cc0c1597f7f3","4x4 Balsamo Negro Liquido","1"
"6a6e4dbc46feabf3642b13d0","69db27f62b56cc0c1597fb52","Alfapaf 6.56","1"
"6a6e4dbc46feabf3642b13d0","69db280a2b56cc0c1597fcf1","Alfapar 6","1"
"6a6e4dbc46feabf3642b13d0","69db282d2b56cc0c1597ffc6","Ampolletas Alfaparf Aceite Lenitivo","1"
"6a6e4dbc46feabf3642b13d0","69db27d82b56cc0c1597f8d9","4x4 oferta cera pasta y pomada 3pz.","1"
"6a6e4dbc46feabf3642b13d5","69db27f62b56cc0c1597fb5b","Alfapar benvoleo shampoo seco sin gas 150 g","1"
"6a6e4dbc46feabf3642b13d5","69db28312b56cc0c15980026","Andis slimline pro li","1"
"6a6e4dbc46feabf3642b13d5","69db27cd2b56cc0c1597f801","4x4 cera gel kg.","1"
"6a6e4dbc46feabf3642b13d5","69db28162b56cc0c1597fde6","Alfapar 7NI","1"
"6a6e4dbc46feabf3642b13da","69db28242b56cc0c1597ff0f","Alfapar salone shampoo 500ml.","1"
"6a6e4dbc46feabf3642b13da","69db28062b56cc0c1597fc96","Alfapar 5.22","1"
"6a6e4dbc46feabf3642b13da","69db281b2b56cc0c1597fe48","Alfapar 8NI","1"
"6a6e4dbc46feabf3642b13da","69db27f92b56cc0c1597fba1","Alfapar rigen shampoo 250 ml.","1"
"6a6e4dbc46feabf3642b13e4","69db28182b56cc0c1597fe09","Alfapar 8.21","1"
"6a6e4dbc46feabf3642b13e4","69db28212b56cc0c1597fec2","Alfapar Keratin Therapy Shampoo 250ml.","1"
"6a6e4dbc46feabf3642b13ec","69db27cf2b56cc0c1597f824","4X4 Combo Maquina platinum Clipper/Trimmer","1"
"6a6e4dbc46feabf3642b13ec","69db28202b56cc0c1597fead","Alfapar keratin mask","1"
"6a6e4dbc46feabf3642b13ec","69db28312b56cc0c15980026","Andis slimline pro li","1"
"6a6e4dbc46feabf3642b13f0","69db27d62b56cc0c1597f8b9","4X4 Maquina Platinum Trimmer","1"
"6a6e4dbc46feabf3642b13f0","69db27cb2b56cc0c1597f7d5","4X4 Aftershave Power Green 400ml.","1"
"6a6e4dbc46feabf3642b13f0","69db27f92b56cc0c1597fb9a","Alfapar mask 200ml.","1"
"6a6e4dbc46feabf3642b1401","69db27d52b56cc0c1597f8a4","4X4 Maquina inalambrica clipper heavy duty metalica G.","1"
"6a6e4dbc46feabf3642b1401","69db27f82b56cc0c1597fb8c","Alfapar 9.423","1"
"6a6e4dbc46feabf3642b1401","69db27ef2b56cc0c1597face","Aguja Peina Facil 5pz. V/Colores","1"
"6a6e4dbc46feabf3642b1401","69db27d52b56cc0c1597f89d","4x4 maquina de corte trimmer inalambrico metalica","1"
"6a6e4dbc46feabf3642b1410","69db27ce2b56cc0c1597f80f","4x4 Cera Rosa 100ml.","1"
"6a6e4dbc46feabf3642b1410","69db27f32b56cc0c1597fb10","Alaska Bisturi AK-02-0019","1"
"6a6e4dbc46feabf3642b1410","69db27ca2b56cc0c1597f7b0","4x4 papel cuello blanco de 5 pz.","1"
"6a6e4dbc46feabf3642b1414","69db27fa2b56cc0c1597fbb6","Alfapar shampoo seco sin gas 150ml.","1"
"6a6e4dbc46feabf3642b1414","69db27e02b56cc0c1597f979","aashta kit 2 pz.","1"
"6a6e4dbc46feabf3642b1414","69db27d32b56cc0c1597f873","4x4 gel afeitar 955kg azul","1"
"6a6e4dbc46feabf3642b1414","69db28082b56cc0c1597fcc7","Alfapar 5.62","1"
"6a6e4dbc46feabf3642b143c","69db28292b56cc0c1597ff7a","Alicate Katya 1162-07","1"
"6a6e4dbc46feabf3642b143c","69db27cf2b56cc0c1597f824","4X4 Combo Maquina platinum Clipper/Trimmer","1"
"6a6e4dbc46feabf3642b143f","69db28182b56cc0c1597fe10","Alfapar 8.23","1"
"6a6e4dbc46feabf3642b143f","69db28072b56cc0c1597fcb2","Alfapar 5.5","1"
"6a6e4dbc46feabf3642b143f","69db28202b56cc0c1597feb4","Alfapar keratin therapy lisse acondicionador 250ml.","1"
"6a6e4dbc46feabf3642b1443","69db28232b56cc0c1597fef3","Alfapar Oxido 30 vol. 1000ml.","1"
"6a6e4dbc46feabf3642b1443","69db28252b56cc0c1597ff16","Alfapar Semi di lino 50ml.","1"
"6a6e4dbc46feabf3642b1446","69db282a2b56cc0c1597ff85","Alicate Lobo1330-00","1"
"6a6e4dbc46feabf3642b1446","69db28012b56cc0c1597fc3b","Alfapar 11.21","1"
"6a6e4dbc46feabf3642b1459","69db27d42b56cc0c1597f88f","4x4 Goma 280ml.","1"
"6a6e4dbc46feabf3642b1459","69db27cd2b56cc0c1597f7fa","4x4 Cera en Polvo Volumizador Amarillo","1"
"6a6e4dbc46feabf3642b1459","69db27d62b56cc0c1597f8b9","4X4 Maquina Platinum Trimmer","1"
"6a6e4dbc46feabf3642b1459","69db27e02b56cc0c1597f980","aashta ps -807","1"
"6a6e4dbc46feabf3642b145e","69db27e42b56cc0c1597f9d1","ACETONA ORGANIC 120 ML","1"
"6a6e4dbc46feabf3642b145e","69db28002b56cc0c1597fc18","Alfapar 11.00","1"
"6a6e4dbc46feabf3642b145e","69db27e12b56cc0c1597f98e","Aashta Tijera Cocodrilo","1"
"6a6e4dbc46feabf3642b1462","69db27e02b56cc0c1597f980","aashta ps -807","1"
"6a6e4dbc46feabf3642b1462","69db28122b56cc0c1597fd84","Alfapar 7.3","1"
"6a6e4dbc46feabf3642b146d","69db27f02b56cc0c1597fae0","Alain silver tratamiento","1"
"6a6e4dbc46feabf3642b146d","69db27df2b56cc0c1597f970","Aashta clip metalico o sojetador","1"
"6a6e4dbc46feabf3642b146d","69db28092b56cc0c1597fcd5","Alfapar 5.66I","1"
"6a6e4dbc46feabf3642b146d","69db28272b56cc0c1597ff44","Alicate Alaska Manicure","1"
"6a6e4dbc46feabf3642b1478","69db28242b56cc0c1597ff0f","Alfapar salone shampoo 500ml.","1"
"6a6e4dbc46feabf3642b1478","69db27ce2b56cc0c1597f816","4x4 Cera Rosa 200ml.","1"
"6a6e4dbc46feabf3642b1478","69db27ca2b56cc0c1597f7b0","4x4 papel cuello blanco de 5 pz.","1"
"6a6e4dbc46feabf3642b1478","69db280f2b56cc0c1597fd53","Alfapar 6NB","1"
"6a6e4dbc46feabf3642b147d","69db27e32b56cc0c1597f9c6","Aceite Para Cuticula Touche Frambuesa","1"
"6a6e4dbc46feabf3642b147d","69db280e2b56cc0c1597fd3e","Alfapar 6.6","1"
"6a6e4dbc46feabf3642b147d","69db27f22b56cc0c1597fb09","Alaska brocha barbero","1"
"6a6e4dbc46feabf3642b148b","69db28102b56cc0c1597fd61","Alfapar 7","1"
"6a6e4dbc46feabf3642b148b","69db28112b56cc0c1597fd6f","Alfapar 7.1","1"
"6a6e4dbc46feabf3642b148b","69db27cc2b56cc0c1597f7ec","4x4 Balsamo Cubre Canas 100g.","1"
"6a6e4dbc46feabf3642b1492","69db27f92b56cc0c1597fba1","Alfapar rigen shampoo 250 ml.","1"
"6a6e4dbc46feabf3642b1492","69db27ea2b56cc0c1597fa56","Adhesivo J.Denis Para Rulos/Pestañas.","1"
"6a6e4dbc46feabf3642b1492","69db27f42b56cc0c1597fb37","Alexander tijera","1"
"6a6e4dbc46feabf3642b1492","69db280c2b56cc0c1597fd14","Alfapar 6.32","1"
"6a6e4dbc46feabf3642b1499","69db27ca2b56cc0c1597f7b9","4x4 Pomada azul 100g","1"
"6a6e4dbc46feabf3642b1499","69db28242b56cc0c1597ff01","Alfapar protector termico 200ml.","1"
"6a6e4dbc46feabf3642b1499","69db27dd2b56cc0c1597f949","4x4 shampoo cbd minoxidi 500ml.","1"
"6a6e4dbc46feabf3642b14a0","69db28192b56cc0c1597fe25","Alfapar 8.32","1"
"6a6e4dbc46feabf3642b14a0","69db27f82b56cc0c1597fb8c","Alfapar 9.423","1"
"6a6e4dbc46feabf3642b14a0","69db28012b56cc0c1597fc34","Alfapar 11.20","1"
"6a6e4dbc46feabf3642b14a0","69db27d82b56cc0c1597f8d9","4x4 oferta cera pasta y pomada 3pz.","1"
"6a6e4dbc46feabf3642b14aa","69db27ee2b56cc0c1597faa7","Adhesivo Tubo oscuro J.D/10gramos","1"
"6a6e4dbc46feabf3642b14aa","69db27f92b56cc0c1597fba1","Alfapar rigen shampoo 250 ml.","1"
"6a6e4dbc46feabf3642b14aa","69db28192b56cc0c1597fe17","Alfapar 8.3","1"
"6a6e4dbc46feabf3642b14aa","69db27d42b56cc0c1597f88f","4x4 Goma 280ml.","1"
"6a6e4dbc46feabf3642b14af","69db28042b56cc0c1597fc7a","Alfapar 4NB","1"
"6a6e4dbc46feabf3642b14bb","69db27db2b56cc0c1597f911","4x4 Pomada Azul 200g","1"
"6a6e4dbc46feabf3642b14bb","69db27f72b56cc0c1597fb69","Alfaparf 7.24","1"
"6a6e4dbc46feabf3642b14c8","69db27d92b56cc0c1597f8f5","4x4 papel cuello negro 5 pz","1"
"6a6e4dbc46feabf3642b14c8","69db27e82b56cc0c1597fa2d","Acrílico Eteri Organic","1"
"6a6e4dbc46feabf3642b14cb","69db28272b56cc0c1597ff44","Alicate Alaska Manicure","1"
"6a6e4dbc46feabf3642b14cb","69db28322b56cc0c15980036","Andis Cuchilla Mini","1"
"6a6e4dbc46feabf3642b14ce","69db27e32b56cc0c1597f9bb","Aceite Fortalezador Argan/Mamey","1"
"6a6e4dbc46feabf3642b14ce","69db28042b56cc0c1597fc73","Alfapar 4.66I","1"
"6a6e4dbc46feabf3642b14ce","69db28092b56cc0c1597fcdc","Alfapar 5.7","1"
"6a6e4dbc46feabf3642b14ce","69db28182b56cc0c1597fe02","Alfapar 8.13","1"
"6a6e4dbc46feabf3642b14dc","69db27d62b56cc0c1597f8b2","4X4 Maquina Platinum Clipper","1"
"6a6e4dbc46feabf3642b14f1","69db28152b56cc0c1597fdc3","Alfapar 7.6","1"
"6a6e4dbc46feabf3642b14fa","69db28252b56cc0c1597ff1d","Alfapar Semidelino shampoo 250ml.","1"
"6a6e4dbc46feabf3642b14fa","69db281e2b56cc0c1597fe83","Alfapar 9.31","1"
"6a6e4dbc46feabf3642b14fa","69db27fb2b56cc0c1597fbbd","Alfapar 000SSS","1"
"6a6e4dbc46feabf3642b14fa","69db27e22b56cc0c1597f9b2","Aceite De Hueso De Mamey Para Pestañas.","1"
"6a6e4dbc46feabf3642b1507","69db27e02b56cc0c1597f980","aashta ps -807","1"
"6a6e4dbc46feabf3642b1507","69db27d62b56cc0c1597f8b2","4X4 Maquina Platinum Clipper","1"
"6a6e4dbc46feabf3642b1507","69db27ff2b56cc0c1597fc0a","Alfapar 10.31","1"
"6a6e4dbc46feabf3642b150b","69db28252b56cc0c1597ff16","Alfapar Semi di lino 50ml.","1"
"6a6e4dbc46feabf3642b150b","69db27f62b56cc0c1597fb52","Alfapaf 6.56","1"
"6a6e4dbc46feabf3642b150b","69db27ca2b56cc0c1597f7b9","4x4 Pomada azul 100g","1"
"6a6e4dbc46feabf3642b151d","69db27d02b56cc0c1597f832","4x4 Cuchilla Platino trimer DLC","1"
"6a6e4dbc46feabf3642b151f","69db27e82b56cc0c1597fa26","Acrílico Zodiaco","1"
"6a6e4dbc46feabf3642b151f","69db28022b56cc0c1597fc57","Alfapar 4","1"
"6a6e4dbc46feabf3642b1524","69db27e92b56cc0c1597fa3b","Acrylic sterilizador agrílico","1"
"6a6e4dbc46feabf3642b1524","69db28312b56cc0c1598001f","Andis","1"
"6a6e4dbc46feabf3642b1524","69db281d2b56cc0c1597fe79","Alfapar 9.3","1"
"6a6e4dbc46feabf3642b1524","69db27f32b56cc0c1597fb1e","Alaska Tijera Manicure","1"
"6a6e4dbc46feabf3642b1529","69db28152b56cc0c1597fdca","Alfapar 7.62","1"
"6a6e4dbc46feabf3642b1543","69db27e02b56cc0c1597f980","aashta ps -807","1"
"6a6e4dbc46feabf3642b1545","69db27e52b56cc0c1597f9ec","Acetona Pura Mediana arys","1"
"6a6e4dbc46feabf3642b1547","69db281e2b56cc0c1597fe83","Alfapar 9.31","1"
"6a6e4dbc46feabf3642b1547","69db281c2b56cc0c1597fe5d","Alfapar 9.1","1"
"6a6e4dbc46feabf3642b154a","69db27e52b56cc0c1597f9ec","Acetona Pura Mediana arys","1"
"6a6e4dbc46feabf3642b1552","69db280f2b56cc0c1597fd45","Alfapar 6.66I","1"
"6a6e4dbc46feabf3642b1552","69db27e12b56cc0c1597f98e","Aashta Tijera Cocodrilo","1"
"6a6e4dbc46feabf3642b1552","69db27d42b56cc0c1597f88f","4x4 Goma 280ml.","1"
"6a6e4dbc46feabf3642b1556","69db27f32b56cc0c1597fb17","Alaska Saca Comedones","1"
"6a6e4dbc46feabf3642b155d","69db281b2b56cc0c1597fe41","Alfapar 8NB","1"
"6a6e4dbc46feabf3642b155d","69db27d92b56cc0c1597f8f5","4x4 papel cuello negro 5 pz","1"
"6a6e4dbc46feabf3642b155d","69db282c2b56cc0c1597ffbf","Amor us","1"
"6a6e4dbc46feabf3642b155d","69db28162b56cc0c1597fdd8","Alfapar 7000","1"
"6a6e4dbc46feabf3642b1573","69db28122b56cc0c1597fd84","Alfapar 7.3","1"
"6a6e4dbc46feabf3642b1573","69db27f22b56cc0c1597fb09","Alaska brocha barbero","1"
"6a6e4dbc46feabf3642b1573","69db280e2b56cc0c1597fd37","Alfapar 6.53","1"
"6a6e4dbc46feabf3642b1573","69db27f82b56cc0c1597fb7e","Alfaparf 8.221","1"
"6a6e4dbc46feabf3642b1586","69db28132b56cc0c1597fd99","Alfapar 7.34","1"
"6a6e4dbc46feabf3642b1586","69db27e72b56cc0c1597fa1f","acrílico organic blanco (white)","1"
"6a6e4dbc46feabf3642b1586","69db28192b56cc0c1597fe1e","Alfapar 8.31","1"
"6a6e4dbc46feabf3642b1593","69db27ff2b56cc0c1597fc03","Alfapar 10.3","1"
"6a6e4dbc46feabf3642b15a1","69db27df2b56cc0c1597f970","Aashta clip metalico o sojetador","1"
"6a6e4dbc46feabf3642b15a3","69db28272b56cc0c1597ff52","Alicate Alaska Spa","1"
"6a6e4dbc46feabf3642b15a3","69db28212b56cc0c1597fec9","Alfapar Maschera Plex 150g.","1"
"6a6e4dbc46feabf3642b15a3","69db28272b56cc0c1597ff44","Alicate Alaska Manicure","1"
"6a6e4dbc46feabf3642b15a3","69db27f72b56cc0c1597fb77","Alfaparf 11.02","1"
"6a6e4dbc46feabf3642b15ae","69db27d42b56cc0c1597f881","4x4 Gel Para Afeitar Citrico 485ml.","1"
"6a6e4dbc46feabf3642b15ae","69db28202b56cc0c1597febb","Alfapar Keratin Therapy lisse Oil 50ml.","1"
"6a6e4dbc46feabf3642b15ae","69db28202b56cc0c1597fead","Alfapar keratin mask","1"
"6a6e4dbc46feabf3642b15c3","69db28032b56cc0c1597fc65","Alfapar 4.52","1"
"6a6e4dbc46feabf3642b15c3","69db28322b56cc0c15980036","Andis Cuchilla Mini","1"
"6a6e4dbc46feabf3642b15cb","69db28102b56cc0c1597fd61","Alfapar 7","1"
"6a6e4dbc46feabf3642b15cb","69db27f42b56cc0c1597fb37","Alexander tijera","1"
"6a6e4dbc46feabf3642b15d1","69db28022b56cc0c1597fc57","Alfapar 4","1"
"6a6e4dbc46feabf3642b15d1","69db281d2b56cc0c1597fe72","Alfapar 9.21","1"
"6a6e4dbc46feabf3642b15d1","69db27fb2b56cc0c1597fbc4","Alfapar 01","1"
"6a6e4dbc46feabf3642b15d1","69db28042b56cc0c1597fc81","Alfapar 4NI","1"
"6a6e4dbc46feabf3642b15db","69db28192b56cc0c1597fe1e","Alfapar 8.31","1"
"6a6e4dbc46feabf3642b15df","69db280b2b56cc0c1597fd06","Alfapar 6.23","1"
"6a6e4dbc46feabf3642b15df","69db27db2b56cc0c1597f911","4x4 Pomada Azul 200g","1"
"6a6e4dbc46feabf3642b15df","69db282b2b56cc0c1597ffa2","Aluminio Profesional Mopi","1"
"6a6e4dbc46feabf3642b15df","69db27f22b56cc0c1597fb09","Alaska brocha barbero","1"
"6a6e4dbc46feabf3642b15e4","69db27ff2b56cc0c1597fc0a","Alfapar 10.31","1"
"6a6e4dbc46feabf3642b15e6","69db28102b56cc0c1597fd68","Alfapar 7.01","1"
"6a6e4dbc46feabf3642b15e6","69db28122b56cc0c1597fd92","Alfapar 7.32","1"
"6a6e4dbc46feabf3642b15e6","69db281e2b56cc0c1597fe8a","Alfapar 9NB","1"
"6a6e4dbc46feabf3642b15f0","69db28122b56cc0c1597fd8b","Alfapar 7.31","1"
"6a6e4dbc46feabf3642b15f0","69db281d2b56cc0c1597fe72","Alfapar 9.21","1"
"6a6e4dbc46feabf3642b15f7","69db27d22b56cc0c1597f855","4x4 Enfriador de Maquinas 400g.","1"
"6a6e4dbc46feabf3642b1603","69db28162b56cc0c1597fddf","Alfapar 7NB","1"
"6a6e4dbc46feabf3642b1605","69db27f92b56cc0c1597fb9a","Alfapar mask 200ml.","1"
"6a6e4dbc46feabf3642b1605","69db27d02b56cc0c1597f82b","4X4 Combo pow 5 pz.","1"
"6a6e4dbc46feabf3642b1608","69db27f52b56cc0c1597fb49","Alfa sobres de 30 pz","1"
"6a6e4dbc46feabf3642b1622","69db28182b56cc0c1597fe02","Alfapar 8.13","1"
"6a6e4dbc46feabf3642b1622","69db28072b56cc0c1597fca4","Alfapar 5.32","1"
"6a6e4dbc46feabf3642b1622","69db27cc2b56cc0c1597f7ec","4x4 Balsamo Cubre Canas 100g.","1"
"6a6e4dbc46feabf3642b1622","69db28192b56cc0c1597fe17","Alfapar 8.3","1"
"6a6e4dbc46feabf3642b1627","69db27cb2b56cc0c1597f7ce","4x4 Aftershave King Blue 400ml","1"
"6a6e4dbc46feabf3642b1627","69db27d82b56cc0c1597f8d2","4x4 navaja platinum","1"
"6a6e4dbc46feabf3642b1627","69db28062b56cc0c1597fc96","Alfapar 5.22","1"
"6a6e4dbc46feabf3642b1627","69db27f32b56cc0c1597fb10","Alaska Bisturi AK-02-0019","1"
"6a6e4dbc46feabf3642b163b","69db27d32b56cc0c1597f873","4x4 gel afeitar 955kg azul","1"
"6a6e4dbc46feabf3642b1644","69db28062b56cc0c1597fc8f","Alfapar 5.1","1"
"6a6e4dbc46feabf3642b1644","69db28012b56cc0c1597fc34","Alfapar 11.20","1"
"6a6e4dbc46feabf3642b1644","69db28232b56cc0c1597feec","Alfapar Oxido 20vol. 1000ml.","1"
"6a6e4dbc46feabf3642b1648","69db27cd2b56cc0c1597f801","4x4 cera gel kg.","1"
"6a6e4dbc46feabf3642b164c","69db27f22b56cc0c1597fafe","Alain silver 30ml.","1"
"6a6e4dbc46feabf3642b164c","69db28222b56cc0c1597fed7","Alfapar nutritivo Mask","1"
"6a6e4dbc46feabf3642b164c","69db27d22b56cc0c1597f855","4x4 Enfriador de Maquinas 400g.","1"
"6a6e4dbc46feabf3642b1650","69db27e02b56cc0c1597f980","aashta ps -807","1"
"6a6e4dbc46feabf3642b1652","69db27f52b56cc0c1597fb49","Alfa sobres de 30 pz","1"
"6a6e4dbc46feabf3642b1652","69db28252b56cc0c1597ff1d","Alfapar Semidelino shampoo 250ml.","1"
"6a6e4dbc46feabf3642b1652","69db28182b56cc0c1597fe02","Alfapar 8.13","1"
"6a6e4dbc46feabf3642b165a","69db28142b56cc0c1597fdb5","Alfapar 7.45","1"
"6a6e4dbc46feabf3642b165a","69db27d12b56cc0c1597f84e","4x4 Desinfectante Antibacterial 250ml.","1"
"6a6e4dbc46feabf3642b165a","69db27d32b56cc0c1597f87a","4X4 Gel Cubre Cana 315gr.","1"
"6a6e4dbc46feabf3642b165e","69db27ca2b56cc0c1597f7c0","4x4 Aceite Para Cortadoras 118ml.","1"
"6a6e4dbc46feabf3642b165e","69db27ff2b56cc0c1597fc03","Alfapar 10.3","1"
"6a6e4dbc46feabf3642b165e","69db28172b56cc0c1597fdf4","Alfapar 8.01","1"
"6a6e4dbc46feabf3642b1662","69db27f92b56cc0c1597fba1","Alfapar rigen shampoo 250 ml.","1"
"6a6e4dbc46feabf3642b1662","69db28322b56cc0c15980036","Andis Cuchilla Mini","1"
"6a6e4dbc46feabf3642b1662","69db282a2b56cc0c1597ff85","Alicate Lobo1330-00","1"
"6a6e4dbc46feabf3642b1666","69db27f82b56cc0c1597fb85","Alfapar 8.34","1"
"6a6e4dbc46feabf3642b1666","69db27eb2b56cc0c1597fa6b","adhesivo latex para rulos o pads liftin j denis","1"
"6a6e4dbc46feabf3642b1666","69db281f2b56cc0c1597fea6","Alfapar Brocha y cio para tinte","1"
"6a6e4dbc46feabf3642b1666","69db28192b56cc0c1597fe25","Alfapar 8.32","1"
"6a6e4dbc46feabf3642b1673","69db28142b56cc0c1597fdae","Alfapar 7.43","1"
"6a6e4dbc46feabf3642b1673","69db27de2b56cc0c1597f950","4x4 shampoo cervesa azul","1"
"6a6e4dbc46feabf3642b167c","69db280d2b56cc0c1597fd29","Alfapar 6.45","1"
"6a6e4dbc46feabf3642b167c","69db27e32b56cc0c1597f9c6","Aceite Para Cuticula Touche Frambuesa","1"
"6a6e4dbc46feabf3642b167c","69db28172b56cc0c1597fdf4","Alfapar 8.01","1"
"6a6e4dbc46feabf3642b167c","69db27c82b56cc0c1597f790","4x4 Guantes nitrilo negros","1"
"6a6e4dbc46feabf3642b1683","69db28182b56cc0c1597fe10","Alfapar 8.23","1"
"6a6e4dbc46feabf3642b168d","69db280f2b56cc0c1597fd4c","Alfapar 6.7","1"
"6a6e4dbc46feabf3642b168f","69db27f62b56cc0c1597fb5b","Alfapar benvoleo shampoo seco sin gas 150 g","1"
"6a6e4dbc46feabf3642b1696","69db28292b56cc0c1597ff6f","Alicate Gc Medium","1"
"6a6e4dbc46feabf3642b16a2","69db28152b56cc0c1597fdc3","Alfapar 7.6","1"
"6a6e4dbc46feabf3642b16a2","69db27e72b56cc0c1597fa11","Acondicionador Diamante 250ml.","1"
"6a6e4dbc46feabf3642b16a2","69db27cf2b56cc0c1597f824","4X4 Combo Maquina platinum Clipper/Trimmer","1"
"6a6e4dbc46feabf3642b16aa","69db28222b56cc0c1597fee5","Alfapar Oxido 10 vol. 1000ml.","1"
"6a6e4dbc46feabf3642b16aa","69db27e22b56cc0c1597f9a7","Ablandador De Canas Waving","1"
"6a6e4dbc46feabf3642b16bc","69db28042b56cc0c1597fc81","Alfapar 4NI","1"
"6a6e4dbc46feabf3642b16bc","69db28042b56cc0c1597fc7a","Alfapar 4NB","1"
"6a6e4dbc46feabf3642b16bc","69db27d22b56cc0c1597f85e","4X4 Exfoliante facial","1"
"6a6e4dbc46feabf3642b16bc","69db281e2b56cc0c1597fe91","Alfapar 9NI","1"
"6a6e4dbc46feabf3642b16c6","69db27ee2b56cc0c1597faae","Adhesivo Tubo Transparente J.D/10gramos","1"
"6a6e4dbc46feabf3642b16c6","69db27ff2b56cc0c1597fc03","Alfapar 10.3","1"
"6a6e4dbc46feabf3642b16c9","69db27e02b56cc0c1597f980","aashta ps -807","1"
"6a6e4dbc46feabf3642b16c9","69db27cf2b56cc0c1597f81d","4x4 Cera Telaraña 100ml.","1"
"6a6e4dbc46feabf3642b16c9","69db28242b56cc0c1597ff0f","Alfapar salone shampoo 500ml.","1"
"6a6e4dbc46feabf3642b16cd","69db282a2b56cc0c1597ff85","Alicate Lobo1330-00","1"
"6a6e4dbc46feabf3642b16cd","69db27fa2b56cc0c1597fbb6","Alfapar shampoo seco sin gas 150ml.","1"
"6a6e4dbc46feabf3642b16d0","69db28102b56cc0c1597fd61","Alfapar 7","1"
"6a6e4dbc46feabf3642b16d0","69db28172b56cc0c1597fdfb","Alfapar 8.1","1"
"6a6e4dbc46feabf3642b16d0","69db27f02b56cc0c1597fae0","Alain silver tratamiento","1"
"6a6e4dbc46feabf3642b16d0","69db282d2b56cc0c1597ffd4","Ampolletas Alfaparf Semi Di Lino Essential Oil (Azul)","1"
"6a6e4dbc46feabf3642b16d9","69db281a2b56cc0c1597fe2c","Alfapar 8.4","1"
"6a6e4dbc46feabf3642b16d9","69db28092b56cc0c1597fcd5","Alfapar 5.66I","1"
"6a6e4dbc46feabf3642b16d9","69db27df2b56cc0c1597f970","Aashta clip metalico o sojetador","1"
"6a6e4dbc46feabf3642b16e9","69db28292b56cc0c1597ff6f","Alicate Gc Medium","1"
"6a6e4dbc46feabf3642b16eb","69db27e02b56cc0c1597f979","aashta kit 2 pz.","1"
"6a6e4dbc46feabf3642b16ed","69db281f2b56cc0c1597fea6","Alfapar Brocha y cio para tinte","1"
"6a6e4dbc46feabf3642b16ed","69db27e02b56cc0c1597f979","aashta kit 2 pz.","1"
"6a6e4dbc46feabf3642b16f0","69db27ef2b56cc0c1597face","Aguja Peina Facil 5pz. V/Colores","1"
"6a6e4dbc46feabf3642b16f0","69db28242b56cc0c1597ff0f","Alfapar salone shampoo 500ml.","1"
"6a6e4dbc46feabf3642b16f0","69db281f2b56cc0c1597fea6","Alfapar Brocha y cio para tinte","1"
"6a6e4dbc46feabf3642b16f0","69db281e2b56cc0c1597fe8a","Alfapar 9NB","1"
"6a6e4dbc46feabf3642b16fe","69db28312b56cc0c1598001f","Andis","1"
"6a6e4dbc46feabf3642b16fe","69db28312b56cc0c1598002d","Andis Cool Care Plus","1"
"6a6e4dbc46feabf3642b1701","69db27d82b56cc0c1597f8d2","4x4 navaja platinum","1"
"6a6e4dbc46feabf3642b1701","69db282b2b56cc0c1597ffa2","Aluminio Profesional Mopi","1"
"6a6e4dbc46feabf3642b1701","69db27dd2b56cc0c1597f949","4x4 shampoo cbd minoxidi 500ml.","1"
"6a6e4dbc46feabf3642b1705","69db28192b56cc0c1597fe25","Alfapar 8.32","1"
"6a6e4dbc46feabf3642b1705","69db28312b56cc0c1598002d","Andis Cool Care Plus","1"
"6a6e4dbc46feabf3642b1705","69db28172b56cc0c1597fdf4","Alfapar 8.01","1"
"6a6e4dbc46feabf3642b1705","69db27cc2b56cc0c1597f7dc","4X4 Aftershave Power Gold 400ml.","1"
"6a6e4dbc46feabf3642b170a","69db281c2b56cc0c1597fe64","Alfapar 9.13","1"
"6a6e4dbc46feabf3642b170a","69db27d22b56cc0c1597f865","4x4 gel afeitar 955kg. blanco","1"
"6a6e4dbc46feabf3642b170a","69db27e62b56cc0c1597fa01","Acetona Touche 225ml.","1"
"6a6e4dbc46feabf3642b1712","69db28172b56cc0c1597fded","Alfapar 8","1"
"6a6e4dbc46feabf3642b1725","69db27cd2b56cc0c1597f801","4x4 cera gel kg.","1"
"6a6e4dbc46feabf3642b1725","69db28232b56cc0c1597feec","Alfapar Oxido 20vol. 1000ml.","1"
"6a6e4dbc46feabf3642b1736","69db27f42b56cc0c1597fb30","Alexander Style Tijera 7.5","1"
"6a6e4dbc46feabf3642b1736","69db27f62b56cc0c1597fb5b","Alfapar benvoleo shampoo seco sin gas 150 g","1"
"6a6e4dbc46feabf3642b1736","69db28322b56cc0c15980036","Andis Cuchilla Mini","1"
"6a6e4dbc46feabf3642b1736","69db27e92b56cc0c1597fa44","Activador para Gel en Frio Touche","1"
"6a6e4dbc46feabf3642b1757","69db28012b56cc0c1597fc3b","Alfapar 11.21","1"
"6a6e4dbc46feabf3642b1757","69db28142b56cc0c1597fdbc","Alfapar 7.53","1"
"6a6e4dbc46feabf3642b1757","69db28042b56cc0c1597fc73","Alfapar 4.66I","1"
"6a6e4dbc46feabf3642b1757","69db27c92b56cc0c1597f7a0","4x4 minoxidil","1"
"6a6e4dbc46feabf3642b175c","69db28302b56cc0c1598000d","Ampolletas Revive Teñido","1"
"6a6e4dbc46feabf3642b175c","69db27d12b56cc0c1597f847","4x4 Cuchilla Trimer","1"
"6a6e4dbc46feabf3642b175c","69db27d42b56cc0c1597f888","4x4 Gel Para Afeitar Menta 485ml.","1"
"6a6e4dbc46feabf3642b1764","69db27da2b56cc0c1597f903","4x4 Pasta Dorada 200g.","1"
"6a6e4dbc46feabf3642b1764","69db28082b56cc0c1597fcc0","Alfapar 5.6","1"
"6a6e4dbc46feabf3642b176d","69db27d22b56cc0c1597f85e","4X4 Exfoliante facial","1"
"6a6e4dbc46feabf3642b176d","69db281b2b56cc0c1597fe48","Alfapar 8NI","1"
"6a6e4dbc46feabf3642b176d","69db27e02b56cc0c1597f980","aashta ps -807","1"
"6a6e4dbc46feabf3642b176d","69db28252b56cc0c1597ff1d","Alfapar Semidelino shampoo 250ml.","1"
"6a6e4dbc46feabf3642b1772","69db27cb2b56cc0c1597f7d5","4X4 Aftershave Power Green 400ml.","1"
"6a6e4dbc46feabf3642b1772","69db27e12b56cc0c1597f995","Aashta tijeras negro no. 7","1"
"6a6e4dbc46feabf3642b1772","69db27da2b56cc0c1597f90a","4x4 Polvo Volumizador Seco Negro","1"
"6a6e4dbc46feabf3642b1772","69db282b2b56cc0c1597ffad","Amor us sponge","1"
"6a6e4dbc46feabf3642b1777","69db280d2b56cc0c1597fd22","Alfapar 6.4","1"
"6a6e4dbc46feabf3642b1777","69db27ed2b56cc0c1597fa92","Adhesivo Para Pestañas Duo Transparente","1"
"6a6e4dbc46feabf3642b178b","69db28002b56cc0c1597fc26","Alfapar 11.11","1"
"6a6e4dbc46feabf3642b179a","69db28302b56cc0c15980014","Amura depilacion definitiva","1"
"6a6e4dbc46feabf3642b179a","69db27f52b56cc0c1597fb42","Alfa keratin Therapia","1"
"6a6e4dbc46feabf3642b179a","69db27da2b56cc0c1597f90a","4x4 Polvo Volumizador Seco Negro","1"
"6a6e4dbc46feabf3642b17a2","69db27d12b56cc0c1597f84e","4x4 Desinfectante Antibacterial 250ml.","1"
"6a6e4dbc46feabf3642b17a2","69db27d22b56cc0c1597f855","4x4 Enfriador de Maquinas 400g.","1"
"6a6e4dbc46feabf3642b17a2","69db27e62b56cc0c1597fa0a","acondicionador artesanal","1"
"6a6e4dbc46feabf3642b17a2","69db28092b56cc0c1597fcdc","Alfapar 5.7","1"
"6a6e4dbc46feabf3642b17a7","69db281f2b56cc0c1597fe9f","Alfapar benvoleo olio nutritivo 100ml.","1"
"6a6e4dbc46feabf3642b17a7","69db27d22b56cc0c1597f865","4x4 gel afeitar 955kg. blanco","1"
"6a6e4dbc46feabf3642b17a7","69db27e82b56cc0c1597fa34","Acrílicos De Colores Touche diamonds","1"
"6a6e4dbc46feabf3642b17ab","69db28242b56cc0c1597ff01","Alfapar protector termico 200ml.","1"
"6a6e4dbc46feabf3642b17ab","69db282b2b56cc0c1597ff97","Almoadillas de algodon","1"
"6a6e4dbc46feabf3642b17b8","69db28142b56cc0c1597fdbc","Alfapar 7.53","1"
"6a6e4dbc46feabf3642b17c8","69db28242b56cc0c1597ff0f","Alfapar salone shampoo 500ml.","1"
"6a6e4dbc46feabf3642b17c8","69db27fd2b56cc0c1597fbe7","Alfapar 1.11","1"
"6a6e4dbc46feabf3642b17c8","69db27d12b56cc0c1597f840","4X4 Cuchilla Normal","1"
"6a6e4dbc46feabf3642b17ce","69db27da2b56cc0c1597f903","4x4 Pasta Dorada 200g.","1"
"6a6e4dbc46feabf3642b17ce","69db28012b56cc0c1597fc34","Alfapar 11.20","1"
"6a6e4dbc46feabf3642b17d1","69db282d2b56cc0c1597ffcd","Ampolletas Alfaparf Midollo di Bamboo (Blanco)","1"
"6a6e4dbc46feabf3642b17d1","69db27ff2b56cc0c1597fc0a","Alfapar 10.31","1"
"6a6e4dbc46feabf3642b17d6","69db27d42b56cc0c1597f881","4x4 Gel Para Afeitar Citrico 485ml.","1"
"6a6e4dbc46feabf3642b17d6","69db281e2b56cc0c1597fe8a","Alfapar 9NB","1"
"6a6e4dbc46feabf3642b17d6","69db27d92b56cc0c1597f8ee","4x4 papel cuello negro un rollo","1"
"6a6e4dbc46feabf3642b17da","69db28052b56cc0c1597fc88","Alfapar 5","1"
"6a6e4dbc46feabf3642b17da","69db281e2b56cc0c1597fe8a","Alfapar 9NB","1"
"6a6e4dbc46feabf3642b17df","69db28302b56cc0c15980014","Amura depilacion definitiva","1"
"6a6e4dbc46feabf3642b17df","69db27f82b56cc0c1597fb85","Alfapar 8.34","1"
"6a6e4dbc46feabf3642b17df","69db27f72b56cc0c1597fb69","Alfaparf 7.24","1"
"6a6e4dbc46feabf3642b17df","69db27ee2b56cc0c1597faae","Adhesivo Tubo Transparente J.D/10gramos","1"
"6a6e4dbc46feabf3642b17ee","69db28152b56cc0c1597fdc3","Alfapar 7.6","1"
"6a6e4dbc46feabf3642b17f3","69db27d22b56cc0c1597f865","4x4 gel afeitar 955kg. blanco","1"
"6a6e4dbc46feabf3642b17f3","69db281f2b56cc0c1597fea6","Alfapar Brocha y cio para tinte","1"
"6a6e4dbc46feabf3642b17f3","69db28082b56cc0c1597fcc0","Alfapar 5.6","1"
"6a6e4dbc46feabf3642b17f3","69db27d22b56cc0c1597f855","4x4 Enfriador de Maquinas 400g.","1"
"6a6e4dbc46feabf3642b1804","69db281f2b56cc0c1597fe9f","Alfapar benvoleo olio nutritivo 100ml.","1"
"6a6e4dbc46feabf3642b1804","69db281e2b56cc0c1597fe83","Alfapar 9.31","1"
"6a6e4dbc46feabf3642b1804","69db27e62b56cc0c1597fa01","Acetona Touche 225ml.","1"
"6a6e4dbc46feabf3642b1804","69db27ff2b56cc0c1597fc11","Alfapar 10NB","1"
"6a6e4dbc46feabf3642b180e","69db280b2b56cc0c1597fcf8","Alfapar 6.01","1"
"6a6e4dbc46feabf3642b180e","69db281c2b56cc0c1597fe56","Alfapar 9.04","1"
"6a6e4dbc46feabf3642b180e","69db28132b56cc0c1597fda7","Alfapar 7.4","1"
"6a6e4dbc46feabf3642b180e","69db27f32b56cc0c1597fb1e","Alaska Tijera Manicure","1"
"6a6e4dbc46feabf3642b181a","69db27cc2b56cc0c1597f7e3","4x4 Aftershave Rojo 400ml.","1"
"6a6e4dbc46feabf3642b181a","69db27f62b56cc0c1597fb5b","Alfapar benvoleo shampoo seco sin gas 150 g","1"
"6a6e4dbc46feabf3642b1833","69db27d72b56cc0c1597f8c9","4x4 matizante violeta","1"
"6a6e4dbc46feabf3642b1833","69db27f82b56cc0c1597fb85","Alfapar 8.34","1"
"6a6e4dbc46feabf3642b183f","69db27dc2b56cc0c1597f92d","4x4 Pomada Gris 200ml.","1"
"6a6e4dbc46feabf3642b1846","69db28012b56cc0c1597fc34","Alfapar 11.20","1"
"6a6e4dbc46feabf3642b1846","69db27ed2b56cc0c1597fa92","Adhesivo Para Pestañas Duo Transparente","1"
"6a6e4dbc46feabf3642b1853","69db27c82b56cc0c1597f787","4X4 Gel para afeitar menta 1kg","1"
"6a6e4dbc46feabf3642b1853","69db27cc2b56cc0c1597f7ec","4x4 Balsamo Cubre Canas 100g.","1"
"6a6e4dbc46feabf3642b1853","69db28132b56cc0c1597fda7","Alfapar 7.4","1"
"6a6e4dbc46feabf3642b1857","69db28002b56cc0c1597fc1f","Alfapar 11.10","1"
"6a6e4dbc46feabf3642b1857","69db281c2b56cc0c1597fe64","Alfapar 9.13","1"
"6a6e4dbc46feabf3642b1857","69db28152b56cc0c1597fdd1","Alfapar 7.66I","1"
"6a6e4dbc46feabf3642b187a","69db27da2b56cc0c1597f903","4x4 Pasta Dorada 200g.","1"
"6a6e4dbc46feabf3642b187a","69db28082b56cc0c1597fcb9","Alfapar 5.53","1"
"6a6e4dbc46feabf3642b187a","69db280d2b56cc0c1597fd22","Alfapar 6.4","1"
"6a6e4dbc46feabf3642b187e","69db28182b56cc0c1597fe09","Alfapar 8.21","1"
"6a6e4dbc46feabf3642b187e","69db28102b56cc0c1597fd5a","Alfapar 6NI","1"
"6a6e4dbc46feabf3642b187e","69db28182b56cc0c1597fe02","Alfapar 8.13","1"
"6a6e4dbc46feabf3642b187e","69db281a2b56cc0c1597fe3a","Alfapar 8.66I","1"
"6a6e4dbc46feabf3642b188d","69db28222b56cc0c1597fee5","Alfapar Oxido 10 vol. 1000ml.","1"
"6a6e4dbc46feabf3642b188d","69db27f12b56cc0c1597faf0","Alain Silver Hot Tratamiento Restauraurador","1"
"6a6e4dbc46feabf3642b188d","69db28312b56cc0c1598001f","Andis","1"
"6a6e4dbc46feabf3642b1895","69db27ec2b56cc0c1597fa80","adhesivo para pads color blanco  trasparente j denis","1"
"6a6e4dbc46feabf3642b1895","69db27f72b56cc0c1597fb70","Alfaparf 10.342","1"
"6a6e4dbc46feabf3642b1895","69db28272b56cc0c1597ff44","Alicate Alaska Manicure","1"
"6a6e4dbc46feabf3642b1895","69db28012b56cc0c1597fc2d","Alfapar 11.13","1"
"6a6e4dbc46feabf3642b18ab","69db27d32b56cc0c1597f873","4x4 gel afeitar 955kg azul","1"
"6a6e4dbc46feabf3642b18ab","69db28152b56cc0c1597fdca","Alfapar 7.62","1"
"6a6e4dbc46feabf3642b18ab","69db27d12b56cc0c1597f84e","4x4 Desinfectante Antibacterial 250ml.","1"
"6a6e4dbc46feabf3642b18b9","69db27f42b56cc0c1597fb37","Alexander tijera","1"
"6a6e4dbc46feabf3642b18b9","69db27f62b56cc0c1597fb52","Alfapaf 6.56","1"
"6a6e4dbc46feabf3642b18b9","69db28272b56cc0c1597ff4b","Alicate Alaska Pedicure","1"
"6a6e4dbc46feabf3642b18bd","69db27c92b56cc0c1597f7a9","4X4 oferta combo barber de 5 pz.","1"
"6a6e4dbc46feabf3642b18bd","69db27fe2b56cc0c1597fbfc","Alfapar 10.21","1"
"6a6e4dbc46feabf3642b18bd","69db28102b56cc0c1597fd5a","Alfapar 6NI","1"
"6a6e4dbc46feabf3642b18cd","69db27f82b56cc0c1597fb7e","Alfaparf 8.221","1"
"6a6e4dbc46feabf3642b18cd","69db282b2b56cc0c1597ffa2","Aluminio Profesional Mopi","1"
"6a6e4dbc46feabf3642b18cd","69db27d92b56cc0c1597f8f5","4x4 papel cuello negro 5 pz","1"
"6a6e4dbc46feabf3642b18d1","69db281f2b56cc0c1597fea6","Alfapar Brocha y cio para tinte","1"
"6a6e4dbc46feabf3642b18d1","69db27e52b56cc0c1597f9f3","Acetona Pura Touche 980ml","1"
"6a6e4dbc46feabf3642b18d6","69db27db2b56cc0c1597f91f","4x4 Pomada Extrafirme Verde 200g.","1"
"6a6e4dbc46feabf3642b18d6","69db27d32b56cc0c1597f86c","4x4 Gel 500g.","1"
"6a6e4dbc46feabf3642b18d6","69db27e12b56cc0c1597f995","Aashta tijeras negro no. 7","1"
"6a6e4dbc46feabf3642b18d6","69db27d62b56cc0c1597f8b2","4X4 Maquina Platinum Clipper","1"
"6a6e4dbc46feabf3642b18df","69db27c82b56cc0c1597f787","4X4 Gel para afeitar menta 1kg","1"
"6a6e4dbc46feabf3642b18df","69db27fc2b56cc0c1597fbd2","Alfapar 02","1"
"6a6e4dbc46feabf3642b18e5","69db28082b56cc0c1597fcb9","Alfapar 5.53","1"
"6a6e4dbc46feabf3642b18ef","69db27fd2b56cc0c1597fbee","Alfapar 10","1"
"6a6e4dbc46feabf3642b18ef","69db27dc2b56cc0c1597f92d","4x4 Pomada Gris 200ml.","1"
"6a6e4dbc46feabf3642b18ef","69db27fb2b56cc0c1597fbbd","Alfapar 000SSS","1"
"6a6e4dbc46feabf3642b18ef","69db281c2b56cc0c1597fe64","Alfapar 9.13","1"
"6a6e4dbc46feabf3642b18f4","69db28022b56cc0c1597fc50","Alfapar 3","1"
"6a6e4dbc46feabf3642b18f4","69db28132b56cc0c1597fda0","Alfapar 7.35","1"
"6a6e4dbc46feabf3642b18f4","69db28172b56cc0c1597fded","Alfapar 8","1"
"6a6e4dbc46feabf3642b18f8","69db27d12b56cc0c1597f840","4X4 Cuchilla Normal","1"
"6a6e4dbc46feabf3642b18f8","69db281f2b56cc0c1597fea6","Alfapar Brocha y cio para tinte","1"
"6a6e4dbc46feabf3642b18f8","69db28012b56cc0c1597fc2d","Alfapar 11.13","1"
"6a6e4dbc46feabf3642b1911","69db27e02b56cc0c1597f979","aashta kit 2 pz.","1"
"6a6e4dbc46feabf3642b1911","69db27e92b56cc0c1597fa44","Activador para Gel en Frio Touche","1"
"6a6e4dbc46feabf3642b191f","69db27e92b56cc0c1597fa44","Activador para Gel en Frio Touche","1"
"6a6e4dbc46feabf3642b191f","69db27f02b56cc0c1597fad5","Aguja Peina Facil Grande 5pz.","1"
"6a6e4dbc46feabf3642b191f","69db282f2b56cc0c1597fff8","Ampolletas Revive Cationica","1"
"6a6e4dbc46feabf3642b191f","69db281a2b56cc0c1597fe3a","Alfapar 8.66I","1"
"6a6e4dbc46feabf3642b192b","69db28192b56cc0c1597fe17","Alfapar 8.3","1"
"6a6e4dbc46feabf3642b192b","69db27e22b56cc0c1597f9a7","Ablandador De Canas Waving","1"
"6a6e4dbc46feabf3642b192b","69db281a2b56cc0c1597fe3a","Alfapar 8.66I","1"
"6a6e4dbc46feabf3642b1934","69db27dd2b56cc0c1597f942","4x4 shampoo cbd bergamota 500ml.","1"
"6a6e4dbc46feabf3642b1934","69db27fe2b56cc0c1597fbf5","Alfapar 10.1","1"
"6a6e4dbc46feabf3642b1934","69db28242b56cc0c1597ff0f","Alfapar salone shampoo 500ml.","1"
"6a6e4dbc46feabf3642b1934","69db28102b56cc0c1597fd68","Alfapar 7.01","1"
"6a6e4dbc46feabf3642b1940","69db27fc2b56cc0c1597fbd2","Alfapar 02","1"
"6a6e4dbc46feabf3642b1940","69db27e32b56cc0c1597f9c6","Aceite Para Cuticula Touche Frambuesa","1"
"6a6e4dbc46feabf3642b1940","69db28082b56cc0c1597fcc7","Alfapar 5.62","1"
"6a6e4dbc46feabf3642b1940","69db27d22b56cc0c1597f865","4x4 gel afeitar 955kg. blanco","1"
"6a6e4dbc46feabf3642b1945","69db28092b56cc0c1597fcd5","Alfapar 5.66I","1"
"6a6e4dbc46feabf3642b1945","69db28132b56cc0c1597fda0","Alfapar 7.35","1"
"6a6e4dbc46feabf3642b1945","69db27d52b56cc0c1597f896","4x4 guantes vinil nitrilo","1"
"6a6e4dbc46feabf3642b1945","69db28032b56cc0c1597fc65","Alfapar 4.52","1"
"6a6e4dbc46feabf3642b194e","69db27fc2b56cc0c1597fbd2","Alfapar 02","1"
"6a6e4dbc46feabf3642b196d","69db27d92b56cc0c1597f8ee","4x4 papel cuello negro un rollo","1"
"6a6e4dbc46feabf3642b196d","69db28002b56cc0c1597fc26","Alfapar 11.11","1"
"6a6e4dbc46feabf3642b1970","69db27d22b56cc0c1597f865","4x4 gel afeitar 955kg. blanco","1"
"6a6e4dbc46feabf3642b1970","69db27fa2b56cc0c1597fbaf","Alfapar shampoo Rigen Dañado 250g.","1"
"6a6e4dbc46feabf3642b1970","69db282a2b56cc0c1597ff85","Alicate Lobo1330-00","1"
"6a6e4dbc46feabf3642b1970","69db28322b56cc0c15980036","Andis Cuchilla Mini","1"
"6a6e4dbc46feabf3642b197c","69db27ce2b56cc0c1597f808","4x4 Cera Gel 280g.","1"
"6a6e4dbc46feabf3642b197c","69db27de2b56cc0c1597f950","4x4 shampoo cervesa azul","1"
"6a6e4dbc46feabf3642b197c","69db27fc2b56cc0c1597fbd9","Alfapar 03","1"
"6a6e4dbc46feabf3642b198d","69db28182b56cc0c1597fe09","Alfapar 8.21","1"
"6a6e4dbc46feabf3642b198d","69db27d12b56cc0c1597f84e","4x4 Desinfectante Antibacterial 250ml.","1"
"6a6e4dbc46feabf3642b198d","69db27ff2b56cc0c1597fc11","Alfapar 10NB","1"
"6a6e4dbc46feabf3642b198d","69db27fe2b56cc0c1597fbfc","Alfapar 10.21","1"
"6a6e4dbc46feabf3642b1992","69db28232b56cc0c1597feec","Alfapar Oxido 20vol. 1000ml.","1"
"6a6e4dbc46feabf3642b1992","69db280d2b56cc0c1597fd22","Alfapar 6.4","1"
"6a6e4dbc46feabf3642b1992","69db27d42b56cc0c1597f888","4x4 Gel Para Afeitar Menta 485ml.","1"
"6a6e4dbc46feabf3642b1996","69db28182b56cc0c1597fe09","Alfapar 8.21","1"
"6a6e4dbc46feabf3642b1998","69db27cf2b56cc0c1597f824","4X4 Combo Maquina platinum Clipper/Trimmer","1"
"6a6e4dbc46feabf3642b1998","69db28252b56cc0c1597ff16","Alfapar Semi di lino 50ml.","1"
"6a6e4dbc46feabf3642b1998","69db27cc2b56cc0c1597f7dc","4X4 Aftershave Power Gold 400ml.","1"
"6a6e4dbc46feabf3642b19a1","69db27fc2b56cc0c1597fbd9","Alfapar 03","1"
"6a6e4dbc46feabf3642b19a1","69db28172b56cc0c1597fded","Alfapar 8","1"
"6a6e4dbc46feabf3642b19a4","69db27fe2b56cc0c1597fbf5","Alfapar 10.1","1"
"6a6e4dbc46feabf3642b19a6","69db27d32b56cc0c1597f87a","4X4 Gel Cubre Cana 315gr.","1"
"6a6e4dbc46feabf3642b19a8","69db28162b56cc0c1597fddf","Alfapar 7NB","1"
"6a6e4dbc46feabf3642b19a8","69db27dd2b56cc0c1597f949","4x4 shampoo cbd minoxidi 500ml.","1"
"6a6e4dbc46feabf3642b19a8","69db28252b56cc0c1597ff16","Alfapar Semi di lino 50ml.","1"
"6a6e4dbc46feabf3642b19ac","69db27e72b56cc0c1597fa11","Acondicionador Diamante 250ml.","1"
"6a6e4dbc46feabf3642b19ac","69db27f42b56cc0c1597fb30","Alexander Style Tijera 7.5","1"
"6a6e4dbc46feabf3642b19ac","69db27e52b56cc0c1597f9ec","Acetona Pura Mediana arys","1"
"6a6e4dbc46feabf3642b19ac","69db282f2b56cc0c1597fff1","Ampolletas Revive Bifasica","1"
"6a6e4dbc46feabf3642b19c1","69db27e42b56cc0c1597f9e5","Acetona Pura Chica (frasco hidra)","1"
"6a6e4dbc46feabf3642b19c1","69db27f12b56cc0c1597faf0","Alain Silver Hot Tratamiento Restauraurador","1"
"6a6e4dbc46feabf3642b19c1","69db28262b56cc0c1597ff2b","Alfaparf Shampoo Plex 250g.","1"
"6a6e4dbc46feabf3642b19c1","69db28082b56cc0c1597fcb9","Alfapar 5.53","1"
"6a6e4dbc46feabf3642b19c6","69db27e42b56cc0c1597f9dc","acetona pura arys grande","1"
"6a6e4dbc46feabf3642b19c6","69db28042b56cc0c1597fc7a","Alfapar 4NB","1"
"6a6e4dbc46feabf3642b19c6","69db27f32b56cc0c1597fb1e","Alaska Tijera Manicure","1"
"6a6e4dbc46feabf3642b19c6","69db28062b56cc0c1597fc96","Alfapar 5.22","1"
"6a6e4dbc46feabf3642b19cb","69db27ea2b56cc0c1597fa56","Adhesivo J.Denis Para Rulos/Pestañas.","1"
"6a6e4dbc46feabf3642b19d1","69db27c82b56cc0c1597f787","4X4 Gel para afeitar menta 1kg","1"
"6a6e4dbc46feabf3642b19d6","69db27de2b56cc0c1597f950","4x4 shampoo cervesa azul","1"
"6a6e4dbc46feabf3642b19d6","69db27cc2b56cc0c1597f7ec","4x4 Balsamo Cubre Canas 100g.","1"
"6a6e4dbc46feabf3642b19d6","69db281b2b56cc0c1597fe4f","Alfapar 9","1"
"6a6e4dbc46feabf3642b19d6","69db27e02b56cc0c1597f987","aashta tijera ps154","1"
"6a6e4dbc46feabf3642b19db","69db28002b56cc0c1597fc26","Alfapar 11.11","1"
"6a6e4dbc46feabf3642b19dd","69db27e62b56cc0c1597fa0a","acondicionador artesanal","1"
"6a6e4dbc46feabf3642b19dd","69db28222b56cc0c1597fee5","Alfapar Oxido 10 vol. 1000ml.","1"
"6a6e4dbc46feabf3642b19dd","69db27e72b56cc0c1597fa11","Acondicionador Diamante 250ml.","1"
"6a6e4dbc46feabf3642b19dd","69db28152b56cc0c1597fdc3","Alfapar 7.6","1"
"6a6e4dbc46feabf3642b19e2","69db28072b56cc0c1597fca4","Alfapar 5.32","1"
"6a6e4dbc46feabf3642b19e2","69db27c92b56cc0c1597f799","4x4 maquina inalambrico plastico G oferta de 4 pz.","1"
"6a6e4dbc46feabf3642b19e9","69db28022b56cc0c1597fc50","Alfapar 3","1"
"6a6e4dbc46feabf3642b19e9","69db27f62b56cc0c1597fb5b","Alfapar benvoleo shampoo seco sin gas 150 g","1"
"6a6e4dbc46feabf3642b19e9","69db27d22b56cc0c1597f85e","4X4 Exfoliante facial","1"
"6a6e4dbc46feabf3642b19e9","69db27cb2b56cc0c1597f7ce","4x4 Aftershave King Blue 400ml","1"
"6a6e4dbc46feabf3642b19ee","69db280a2b56cc0c1597fce3","Alfapar 5NB","1"
"6a6e4dbc46feabf3642b19f0","69db27fc2b56cc0c1597fbcb","alfapar 013","1"
"6a6e4dbc46feabf3642b19f0","69db27e42b56cc0c1597f9d1","ACETONA ORGANIC 120 ML","1"
"6a6e4dbc46feabf3642b19f0","69db28182b56cc0c1597fe02","Alfapar 8.13","1"
"6a6e4dbc46feabf3642b19f0","69db28002b56cc0c1597fc1f","Alfapar 11.10","1"
"6a6e4dbc46feabf3642b1a08","69db27ff2b56cc0c1597fc11","Alfapar 10NB","1"
"6a6e4dbc46feabf3642b1a0a","69db27f62b56cc0c1597fb52","Alfapaf 6.56","1"
"6a6e4dbc46feabf3642b1a10","69db27f32b56cc0c1597fb17","Alaska Saca Comedones","1"
"6a6e4dbc46feabf3642b1a10","69db27cf2b56cc0c1597f81d","4x4 Cera Telaraña 100ml.","1"
"6a6e4dbc46feabf3642b1a10","69db28272b56cc0c1597ff4b","Alicate Alaska Pedicure","1"
"6a6e4dbc46feabf3642b1a1c","69db27fa2b56cc0c1597fba8","Alfapar Semidelino nutritivo shampoo 250 ml.","1"
"6a6e4dbc46feabf3642b1a1c","69db27e22b56cc0c1597f9a7","Ablandador De Canas Waving","1"
"6a6e4dbc46feabf3642b1a1c","69db28282b56cc0c1597ff5d","Alicate barrilito","1"
"6a6e4dbc46feabf3642b1a1c","69db281d2b56cc0c1597fe79","Alfapar 9.3","1"
"6a6e4dbc46feabf3642b1a2b","69db28092b56cc0c1597fcce","Alfapar 5.65","1"
"6a6e4dbc46feabf3642b1a2b","69db28212b56cc0c1597fec9","Alfapar Maschera Plex 150g.","1"
"6a6e4dbc46feabf3642b1a2b","69db28072b56cc0c1597fcb2","Alfapar 5.5","1"
"6a6e4dbc46feabf3642b1a34","69db27ee2b56cc0c1597faae","Adhesivo Tubo Transparente J.D/10gramos","1"
"6a6e4dbc46feabf3642b1a34","69db27cb2b56cc0c1597f7d5","4X4 Aftershave Power Green 400ml.","1"
"6a6e4dbc46feabf3642b1a40","69db280b2b56cc0c1597fd06","Alfapar 6.23","1"
"6a6e4dbc46feabf3642b1a40","69db28152b56cc0c1597fdca","Alfapar 7.62","1"
"6a6e4dbc46feabf3642b1a40","69db27ef2b56cc0c1597fac5","Agoja para rayos","1"
"6a6e4dbc46feabf3642b1a47","69db27f22b56cc0c1597fafe","Alain silver 30ml.","1"
"6a6e4dbc46feabf3642b1a47","69db27f92b56cc0c1597fb9a","Alfapar mask 200ml.","1"
"6a6e4dbc46feabf3642b1a47","69db27ff2b56cc0c1597fc0a","Alfapar 10.31","1"
"6a6e4dbc46feabf3642b1a47","69db28212b56cc0c1597fec2","Alfapar Keratin Therapy Shampoo 250ml.","1"
"6a6e4dbc46feabf3642b1a50","69db28122b56cc0c1597fd8b","Alfapar 7.31","1"
"6a6e4dbc46feabf3642b1a50","69db27cb2b56cc0c1597f7ce","4x4 Aftershave King Blue 400ml","1"
"6a6e4dbc46feabf3642b1a53","69db28242b56cc0c1597ff01","Alfapar protector termico 200ml.","1"
"6a6e4dbc46feabf3642b1a53","69db27ce2b56cc0c1597f80f","4x4 Cera Rosa 100ml.","1"
"6a6e4dbc46feabf3642b1a53","69db27f12b56cc0c1597faf7","Alain silver shampoo","1"
"6a6e4dbc46feabf3642b1a61","69db28272b56cc0c1597ff44","Alicate Alaska Manicure","1"
"6a6e4dbc46feabf3642b1a63","69db27d82b56cc0c1597f8d2","4x4 navaja platinum","1"
"6a6e4dbc46feabf3642b1a63","69db28272b56cc0c1597ff52","Alicate Alaska Spa","1"
"6a6e4dbc46feabf3642b1a7c","69db27ca2b56cc0c1597f7c0","4x4 Aceite Para Cortadoras 118ml.","1"
"6a6e4dbc46feabf3642b1a7c","69db28212b56cc0c1597fed0","Alfapar mask. keratin therapy","1"
"6a6e4dbc46feabf3642b1a7c","69db27d42b56cc0c1597f88f","4x4 Goma 280ml.","1"
"6a6e4dbc46feabf3642b1a80","69db27fd2b56cc0c1597fbee","Alfapar 10","1"
"6a6e4dbc46feabf3642b1a80","69db27f92b56cc0c1597fba1","Alfapar rigen shampoo 250 ml.","1"
"6a6e4dbc46feabf3642b1a90","69db27ce2b56cc0c1597f80f","4x4 Cera Rosa 100ml.","1"
"6a6e4dbc46feabf3642b1a92","69db27ce2b56cc0c1597f80f","4x4 Cera Rosa 100ml.","1"
"6a6e4dbc46feabf3642b1a92","69db282d2b56cc0c1597ffd4","Ampolletas Alfaparf Semi Di Lino Essential Oil (Azul)","1"
"6a6e4dbc46feabf3642b1a92","69db27df2b56cc0c1597f970","Aashta clip metalico o sojetador","1"
"6a6e4dbc46feabf3642b1a92","69db27d32b56cc0c1597f86c","4x4 Gel 500g.","1"
"6a6e4dbc46feabf3642b1aa8","69db27d22b56cc0c1597f855","4x4 Enfriador de Maquinas 400g.","1"
"6a6e4dbc46feabf3642b1aaa","69db27db2b56cc0c1597f91f","4x4 Pomada Extrafirme Verde 200g.","1"
"6a6e4dbc46feabf3642b1aae","69db27f02b56cc0c1597fad5","Aguja Peina Facil Grande 5pz.","1"
"6a6e4dbc46feabf3642b1aae","69db282c2b56cc0c1597ffbf","Amor us","1"
"6a6e4dbc46feabf3642b1ab1","69db27d12b56cc0c1597f840","4X4 Cuchilla Normal","1"
"6a6e4dbc46feabf3642b1ab1","69db28302b56cc0c15980006","Ampolletas Revive Pre-Perm","1"
"6a6e4dbc46feabf3642b1abd","69db28082b56cc0c1597fcc7","Alfapar 5.62","1"
"6a6e4dbc46feabf3642b1abd","69db28162b56cc0c1597fdd8","Alfapar 7000","1"
"6a6e4dbc46feabf3642b1ad7","69db28312b56cc0c15980026","Andis slimline pro li","1"
"6a6e4dbc46feabf3642b1ad9","69db27e32b56cc0c1597f9bb","Aceite Fortalezador Argan/Mamey","1"
"6a6e4dbc46feabf3642b1adf","69db27d42b56cc0c1597f888","4x4 Gel Para Afeitar Menta 485ml.","1"
"6a6e4dbc46feabf3642b1adf","69db28032b56cc0c1597fc5e","Alfapar 4.32","1"
"6a6e4dbc46feabf3642b1aea","69db28302b56cc0c1598000d","Ampolletas Revive Teñido","1"
"6a6e4dbc46feabf3642b1aea","69db28252b56cc0c1597ff1d","Alfapar Semidelino shampoo 250ml.","1"
"6a6e4dbc46feabf3642b1aea","69db27d32b56cc0c1597f873","4x4 gel afeitar 955kg azul","1"
"6a6e4dbc46feabf3642b1af2","69db27e92b56cc0c1597fa3b","Acrylic sterilizador agrílico","1"
"6a6e4dbc46feabf3642b1af2","69db27d72b56cc0c1597f8c0","4x4 Mascarilla Capilar Open Secret","1"
"6a6e4dbc46feabf3642b1af2","69db27ca2b56cc0c1597f7c0","4x4 Aceite Para Cortadoras 118ml.","1"
"6a6e4dbc46feabf3642b1af2","69db282a2b56cc0c1597ff85","Alicate Lobo1330-00","1"
"6a6e4dbc46feabf3642b1afc","69db28232b56cc0c1597fef3","Alfapar Oxido 30 vol. 1000ml.","1"
"6a6e4dbc46feabf3642b1afc","69db27ee2b56cc0c1597fab5","Afaparf salone supreme mask","1"
"6a6e4dbc46feabf3642b1afc","69db280a2b56cc0c1597fcea","Alfapar 5NI","1"
"6a6e4dbc46feabf3642b1afc","69db27db2b56cc0c1597f911","4x4 Pomada Azul 200g","1"
"6a6e4dbc46feabf3642b1b01","69db27d42b56cc0c1597f888","4x4 Gel Para Afeitar Menta 485ml.","1"
"6a6e4dbc46feabf3642b1b01","69db27f22b56cc0c1597fb09","Alaska brocha barbero","1"
"6a6e4dbc46feabf3642b1b01","69db27dd2b56cc0c1597f942","4x4 shampoo cbd bergamota 500ml.","1"
"6a6e4dbc46feabf3642b1b14","69db281d2b56cc0c1597fe72","Alfapar 9.21","1"
"6a6e4dbc46feabf3642b1b1e","69db27c72b56cc0c1597f780","4x4 aceite para barba","1"
"6a6e4dbc46feabf3642b1b1e","69db28132b56cc0c1597fda7","Alfapar 7.4","1"
"6a6e4dbc46feabf3642b1b1e","69db27d22b56cc0c1597f865","4x4 gel afeitar 955kg. blanco","1"
"6a6e4dbc46feabf3642b1b22","69db27e22b56cc0c1597f9a7","Ablandador De Canas Waving","1"
"6a6e4dbc46feabf3642b1b22","69db27fb2b56cc0c1597fbc4","Alfapar 01","1"
"6a6e4dbc46feabf3642b1b22","69db27f92b56cc0c1597fb9a","Alfapar mask 200ml.","1"
"6a6e4dbc46feabf3642b1b29","69db27ca2b56cc0c1597f7c0","4x4 Aceite Para Cortadoras 118ml.","1"
"6a6e4dbc46feabf3642b1b29","69db282d2b56cc0c1597ffc6","Ampolletas Alfaparf Aceite Lenitivo","1"
"6a6e4dbc46feabf3642b1b29","69db28282b56cc0c1597ff5d","Alicate barrilito","1"
"6a6e4dbc46feabf3642b1b29","69db27ef2b56cc0c1597fabe","Afaparf oxido 10 vol. 1000ml.","1"
"6a6e4dbc46feabf3642b1b2e","69db28162b56cc0c1597fde6","Alfapar 7NI","1"
"6a6e4dbc46feabf3642b1b2e","69db28232b56cc0c1597feec","Alfapar Oxido 20vol. 1000ml.","1"
"6a6e4dbc46feabf3642b1b2e","69db27ee2b56cc0c1597faa7","Adhesivo Tubo oscuro J.D/10gramos","1"
"6a6e4dbc46feabf3642b1b2e","69db28122b56cc0c1597fd92","Alfapar 7.32","1"
"6a6e4dbc46feabf3642b1b3d","69db27d42b56cc0c1597f88f","4x4 Goma 280ml.","1"
"6a6e4dbc46feabf3642b1b3d","69db282f2b56cc0c1597fff1","Ampolletas Revive Bifasica","1"
"6a6e4dbc46feabf3642b1b40","69db28272b56cc0c1597ff52","Alicate Alaska Spa","1"
"6a6e4dbc46feabf3642b1b40","69db27de2b56cc0c1597f95e","4x4 Talco Invencible","1"
"6a6e4dbc46feabf3642b1b4e","69db28142b56cc0c1597fdae","Alfapar 7.43","1"
"6a6e4dbc46feabf3642b1b4e","69db27cb2b56cc0c1597f7d5","4X4 Aftershave Power Green 400ml.","1"
"6a6e4dbc46feabf3642b1b63","69db28022b56cc0c1597fc57","Alfapar 4","1"
"6a6e4dbc46feabf3642b1b63","69db27de2b56cc0c1597f957","4x4 spray","1"
"6a6e4dbc46feabf3642b1b63","69db280a2b56cc0c1597fcea","Alfapar 5NI","1"
"6a6e4dbc46feabf3642b1b67","69db281d2b56cc0c1597fe6b","Alfapar 9.2","1"
"6a6e4dbc46feabf3642b1b67","69db27f62b56cc0c1597fb62","alfapar Real Rigen mascar. dañado 500g.","1"
"6a6e4dbc46feabf3642b1b6a","69db28262b56cc0c1597ff3d","Algodón Alby","1"
"6a6e4dbc46feabf3642b1b6a","69db28102b56cc0c1597fd68","Alfapar 7.01","1"
"6a6e4dbc46feabf3642b1b6d","69db27d52b56cc0c1597f8a4","4X4 Maquina inalambrica clipper heavy duty metalica G.","1"
"6a6e4dbc46feabf3642b1b6d","69db27ef2b56cc0c1597fabe","Afaparf oxido 10 vol. 1000ml.","1"
"6a6e4dbc46feabf3642b1b6d","69db27e22b56cc0c1597f9a7","Ablandador De Canas Waving","1"
"6a6e4dbc46feabf3642b1b71","69db27db2b56cc0c1597f91f","4x4 Pomada Extrafirme Verde 200g.","1"
"6a6e4dbc46feabf3642b1b7c","69db27e72b56cc0c1597fa18","acrílico cristal organic 50 gramos 1.76 oz","1"
"6a6e4dbc46feabf3642b1b83","69db28262b56cc0c1597ff2b","Alfaparf Shampoo Plex 250g.","1"
"6a6e4dbc46feabf3642b1b83","69db27d72b56cc0c1597f8c9","4x4 matizante violeta","1"
"6a6e4dbc46feabf3642b1b83","69db28182b56cc0c1597fe09","Alfapar 8.21","1"
"6a6e4dbc46feabf3642b1b83","69db27eb2b56cc0c1597fa72","adhesivo libre de latex","1"
"6a6e4dbc46feabf3642b1b88","69db28242b56cc0c1597ff08","Alfapar Real Rigen k.","1"
"6a6e4dbc46feabf3642b1b8a","69db27c92b56cc0c1597f7a9","4X4 oferta combo barber de 5 pz.","1"
"6a6e4dbc46feabf3642b1b8a","69db280e2b56cc0c1597fd37","Alfapar 6.53","1"
"6a6e4dbc46feabf3642b1b8d","69db28252b56cc0c1597ff24","Alfaparf shampoo cabello dañado 1 L.","1"
"6a6e4dbc46feabf3642b1b8d","69db28072b56cc0c1597fcb2","Alfapar 5.5","1"
"6a6e4dbc46feabf3642b1b90","69db28252b56cc0c1597ff16","Alfapar Semi di lino 50ml.","1"
"6a6e4dbc46feabf3642b1b90","69db28302b56cc0c15980014","Amura depilacion definitiva","1"
"6a6e4dbc46feabf3642b1b90","69db281f2b56cc0c1597fe9f","Alfapar benvoleo olio nutritivo 100ml.","1"
"6a6e4dbc46feabf3642b1ba1","69db28082b56cc0c1597fcc7","Alfapar 5.62","1"
"6a6e4dbc46feabf3642b1ba5","69db27ca2b56cc0c1597f7b9","4x4 Pomada azul 100g","1"
"6a6e4dbc46feabf3642b1ba5","69db27ca2b56cc0c1597f7b0","4x4 papel cuello blanco de 5 pz.","1"
"6a6e4dbc46feabf3642b1bd0","69db27dc2b56cc0c1597f926","4x4 Pomada Gris 100ml.","1"
"6a6e4dbc46feabf3642b1bd5","69db28222b56cc0c1597fee5","Alfapar Oxido 10 vol. 1000ml.","1"
"6a6e4dbc46feabf3642b1bd5","69db28062b56cc0c1597fc96","Alfapar 5.22","1"
"6a6e4dbc46feabf3642b1bd5","69db28192b56cc0c1597fe1e","Alfapar 8.31","1"
"6a6e4dbc46feabf3642b1bd9","69db280f2b56cc0c1597fd45","Alfapar 6.66I","1"
"6a6e4dbc46feabf3642b1bd9","69db27f82b56cc0c1597fb7e","Alfaparf 8.221","1"
"6a6e4dbc46feabf3642b1bd9","69db282b2b56cc0c1597ffad","Amor us sponge","1"
"6a6e4dbc46feabf3642b1bdf","69db282b2b56cc0c1597ffa2","Aluminio Profesional Mopi","1"
"6a6e4dbc46feabf3642b1bdf","69db282d2b56cc0c1597ffd4","Ampolletas Alfaparf Semi Di Lino Essential Oil (Azul)","1"
"6a6e4dbc46feabf3642b1bdf","69db27cd2b56cc0c1597f801","4x4 cera gel kg.","1"
"6a6e4dbc46feabf3642b1be3","69db281b2b56cc0c1597fe41","Alfapar 8NB","1"
"6a6e4dbc46feabf3642b1be5","69db27c72b56cc0c1597f780","4x4 aceite para barba","1"
"6a6e4dbc46feabf3642b1bec","69db27fc2b56cc0c1597fbcb","alfapar 013","1"
"6a6e4dbc46feabf3642b1bec","69db282b2b56cc0c1597ff97","Almoadillas de algodon","1"
"6a6e4dbc46feabf3642b1bf4","69db27d12b56cc0c1597f847","4x4 Cuchilla Trimer","1"
"6a6e4dbc46feabf3642b1bf4","69db28272b56cc0c1597ff4b","Alicate Alaska Pedicure","1"
"6a6e4dbc46feabf3642b1bf4","69db27e02b56cc0c1597f980","aashta ps -807","1"
"6a6e4dbc46feabf3642b1c06","69db27e52b56cc0c1597f9ec","Acetona Pura Mediana arys","1"
"6a6e4dbc46feabf3642b1c06","69db28322b56cc0c15980036","Andis Cuchilla Mini","1"
"6a6e4dbc46feabf3642b1c06","69db28012b56cc0c1597fc42","Alfapar 11.32","1"
"6a6e4dbc46feabf3642b1c06","69db27ce2b56cc0c1597f80f","4x4 Cera Rosa 100ml.","1"
"6a6e4dbc46feabf3642b1c16","69db282f2b56cc0c1597fff1","Ampolletas Revive Bifasica","1"
"6a6e4dbc46feabf3642b1c16","69db27f92b56cc0c1597fb9a","Alfapar mask 200ml.","1"
"6a6e4dbc46feabf3642b1c16","69db28142b56cc0c1597fdbc","Alfapar 7.53","1"
"6a6e4dbc46feabf3642b1c20","69db281f2b56cc0c1597fea6","Alfapar Brocha y cio para tinte","1"
"6a6e4dbc46feabf3642b1c20","69db28212b56cc0c1597fec2","Alfapar Keratin Therapy Shampoo 250ml.","1"
"6a6e4dbc46feabf3642b1c20","69db27e72b56cc0c1597fa11","Acondicionador Diamante 250ml.","1"
"6a6e4dbc46feabf3642b1c24","69db27df2b56cc0c1597f970","Aashta clip metalico o sojetador","1"
"6a6e4dbc46feabf3642b1c24","69db27db2b56cc0c1597f918","4x4 Pomada Extrafirme Verde 100g.","1"
"6a6e4dbc46feabf3642b1c24","69db28082b56cc0c1597fcc0","Alfapar 5.6","1"
"6a6e4dbc46feabf3642b1c28","69db282d2b56cc0c1597ffcd","Ampolletas Alfaparf Midollo di Bamboo (Blanco)","1"
"6a6e4dbc46feabf3642b1c2a","69db280e2b56cc0c1597fd3e","Alfapar 6.6","1"
"6a6e4dbc46feabf3642b1c2a","69db27e12b56cc0c1597f99c","aashta tijeras ps817","1"
"6a6e4dbc46feabf3642b1c2a","69db27e92b56cc0c1597fa3b","Acrylic sterilizador agrílico","1"
"6a6e4dbc46feabf3642b1c2a","69db28302b56cc0c15980006","Ampolletas Revive Pre-Perm","1"
"6a6e4dbc46feabf3642b1c4e","69db28122b56cc0c1597fd92","Alfapar 7.32","1"
"6a6e4dbc46feabf3642b1c4e","69db281f2b56cc0c1597fe98","Alfapar ampoll. anti caida","1"
"6a6e4dbc46feabf3642b1c4e","69db282f2b56cc0c1597fff8","Ampolletas Revive Cationica","1"
"6a6e4dbc46feabf3642b1c57","69db27cc2b56cc0c1597f7dc","4X4 Aftershave Power Gold 400ml.","1"
"6a6e4dbc46feabf3642b1c57","69db27fc2b56cc0c1597fbd2","Alfapar 02","1"
"6a6e4dbc46feabf3642b1c57","69db27cd2b56cc0c1597f7fa","4x4 Cera en Polvo Volumizador Amarillo","1"
"6a6e4dbc46feabf3642b1c65","69db27ea2b56cc0c1597fa56","Adhesivo J.Denis Para Rulos/Pestañas.","1"
"6a6e4dbc46feabf3642b1c67","69db27c82b56cc0c1597f787","4X4 Gel para afeitar menta 1kg","1"
"6a6e4dbc46feabf3642b1c67","69db27d92b56cc0c1597f8f5","4x4 papel cuello negro 5 pz","1"
"6a6e4dbc46feabf3642b1c67","69db27f82b56cc0c1597fb8c","Alfapar 9.423","1"
"6a6e4dbc46feabf3642b1c67","69db282d2b56cc0c1597ffcd","Ampolletas Alfaparf Midollo di Bamboo (Blanco)","1"
"6a6e4dbc46feabf3642b1c6e","69db27f82b56cc0c1597fb85","Alfapar 8.34","1"
"6a6e4dbc46feabf3642b1c9f","69db27f22b56cc0c1597fb09","Alaska brocha barbero","1"
"6a6e4dbc46feabf3642b1ca9","69db28312b56cc0c1598001f","Andis","1"
"6a6e4dbc46feabf3642b1ca9","69db27eb2b56cc0c1597fa72","adhesivo libre de latex","1"
"6a6e4dbc46feabf3642b1ca9","69db281d2b56cc0c1597fe72","Alfapar 9.21","1"
"6a6e4dbc46feabf3642b1ca9","69db28022b56cc0c1597fc49","Alfapar 2","1"
"6a6e4dbc46feabf3642b1cae","69db27cc2b56cc0c1597f7e3","4x4 Aftershave Rojo 400ml.","1"
"6a6e4dbc46feabf3642b1cb0","69db27fa2b56cc0c1597fbb6","Alfapar shampoo seco sin gas 150ml.","1"
"6a6e4dbc46feabf3642b1cb0","69db280e2b56cc0c1597fd37","Alfapar 6.53","1"
"6a6e4dbc46feabf3642b1cb0","69db28162b56cc0c1597fdd8","Alfapar 7000","1"
"6a6e4dbc46feabf3642b1cb0","69db28252b56cc0c1597ff16","Alfapar Semi di lino 50ml.","1"
"6a6e4dbc46feabf3642b1cb7","69db282b2b56cc0c1597ff97","Almoadillas de algodon","1"
"6a6e4dbc46feabf3642b1cb9","69db282f2b56cc0c1597fff1","Ampolletas Revive Bifasica","1"
"6a6e4dbc46feabf3642b1cb9","69db28182b56cc0c1597fe09","Alfapar 8.21","1"
"6a6e4dbc46feabf3642b1cb9","69db28212b56cc0c1597fed0","Alfapar mask. keratin therapy","1"
"6a6e4dbc46feabf3642b1cc1","69db281a2b56cc0c1597fe33","Alfapar 8.43","1"
"6a6e4dbc46feabf3642b1cc8","69db27d62b56cc0c1597f8b9","4X4 Maquina Platinum Trimmer","1"
"6a6e4dbc46feabf3642b1cc8","69db27de2b56cc0c1597f95e","4x4 Talco Invencible","1"
"6a6e4dbc46feabf3642b1cc8","69db27f62b56cc0c1597fb5b","Alfapar benvoleo shampoo seco sin gas 150 g","1"
"6a6e4dbc46feabf3642b1cc8","69db280e2b56cc0c1597fd3e","Alfapar 6.6","1"
"6a6e4dbc46feabf3642b1cd0","69db27d62b56cc0c1597f8ab","4x4 Maquina platino 10000 RPM","1"
"6a6e4dbc46feabf3642b1cd2","69db27db2b56cc0c1597f918","4x4 Pomada Extrafirme Verde 100g.","1"
"6a6e4dbc46feabf3642b1cd2","69db27d02b56cc0c1597f839","4x4 Cuchilla DLC","1"
"6a6e4dbc46feabf3642b1cd9","69db28112b56cc0c1597fd6f","Alfapar 7.1","1"
"6a6e4dbc46feabf3642b1cd9","69db27d12b56cc0c1597f84e","4x4 Desinfectante Antibacterial 250ml.","1"
"6a6e4dbc46feabf3642b1cdc","69db27f82b56cc0c1597fb85","Alfapar 8.34","1"
"6a6e4dbc46feabf3642b1cdc","69db27de2b56cc0c1597f957","4x4 spray","1"
"6a6e4dbc46feabf3642b1cdc","69db27d62b56cc0c1597f8b2","4X4 Maquina Platinum Clipper","1"
"6a6e4dbc46feabf3642b1cf0","69db27fc2b56cc0c1597fbd9","Alfapar 03","1"
"6a6e4dbc46feabf3642b1cf0","69db27d02b56cc0c1597f82b","4X4 Combo pow 5 pz.","1"
"6a6e4dbc46feabf3642b1cf0","69db27d52b56cc0c1597f8a4","4X4 Maquina inalambrica clipper heavy duty metalica G.","1"
"6a6e4dbc46feabf3642b1cf0","69db27e52b56cc0c1597f9f3","Acetona Pura Touche 980ml","1"
"6a6e4dbc46feabf3642b1cf5","69db27f92b56cc0c1597fb9a","Alfapar mask 200ml.","1"
"6a6e4dbc46feabf3642b1cf5","69db27f72b56cc0c1597fb70","Alfaparf 10.342","1"
"6a6e4dbc46feabf3642b1cf5","69db28072b56cc0c1597fcab","Alfapar 5.35","1"
"6a6e4dbc46feabf3642b1d00","69db28182b56cc0c1597fe09","Alfapar 8.21","1"
"6a6e4dbc46feabf3642b1d00","69db28092b56cc0c1597fcce","Alfapar 5.65","1"
"6a6e4dbc46feabf3642b1d00","69db27e22b56cc0c1597f9b2","Aceite De Hueso De Mamey Para Pestañas.","1"
"6a6e4dbc46feabf3642b1d00","69db27dc2b56cc0c1597f92d","4x4 Pomada Gris 200ml.","1"
"6a6e4dbc46feabf3642b1d05","69db27ca2b56cc0c1597f7c0","4x4 Aceite Para Cortadoras 118ml.","1"
"6a6e4dbc46feabf3642b1d05","69db282d2b56cc0c1597ffcd","Ampolletas Alfaparf Midollo di Bamboo (Blanco)","1"
"6a6e4dbc46feabf3642b1d05","69db27ce2b56cc0c1597f816","4x4 Cera Rosa 200ml.","1"
"6a6e4dbc46feabf3642b1d05","69db28042b56cc0c1597fc7a","Alfapar 4NB","1"
"6a6e4dbc46feabf3642b1d0a","69db27d32b56cc0c1597f873","4x4 gel afeitar 955kg azul","1"
"6a6e4dbc46feabf3642b1d0a","69db28302b56cc0c15980006","Ampolletas Revive Pre-Perm","1"
"6a6e4dbc46feabf3642b1d0a","69db27fd2b56cc0c1597fbe0","Alfapar 1","1"
"6a6e4dbc46feabf3642b1d12","69db27d02b56cc0c1597f839","4x4 Cuchilla DLC","1"
"6a6e4dbc46feabf3642b1d12","69db28082b56cc0c1597fcb9","Alfapar 5.53","1"
"6a6e4dbc46feabf3642b1d12","69db28142b56cc0c1597fdae","Alfapar 7.43","1"
"6a6e4dbc46feabf3642b1d12","69db27e62b56cc0c1597fa01","Acetona Touche 225ml.","1"
"6a6e4dbc46feabf3642b1d1a","69db27e22b56cc0c1597f9a7","Ablandador De Canas Waving","1"
"6a6e4dbc46feabf3642b1d1a","69db27e22b56cc0c1597f9b2","Aceite De Hueso De Mamey Para Pestañas.","1"
"6a6e4dbc46feabf3642b1d1a","69db282a2b56cc0c1597ff85","Alicate Lobo1330-00","1"
"6a6e4dbc46feabf3642b1d22","69db28132b56cc0c1597fd99","Alfapar 7.34","1"
"6a6e4dbc46feabf3642b1d22","69db27e42b56cc0c1597f9e5","Acetona Pura Chica (frasco hidra)","1"
"6a6e4dbc46feabf3642b1d22","69db27d12b56cc0c1597f84e","4x4 Desinfectante Antibacterial 250ml.","1"
"6a6e4dbc46feabf3642b1d26","69db28032b56cc0c1597fc65","Alfapar 4.52","1"
"6a6e4dbc46feabf3642b1d59","69db28192b56cc0c1597fe17","Alfapar 8.3","1"
"6a6e4dbc46feabf3642b1d59","69db28172b56cc0c1597fdf4","Alfapar 8.01","1"
"6a6e4dbc46feabf3642b1d59","69db27fc2b56cc0c1597fbd2","Alfapar 02","1"
"6a6e4dbc46feabf3642b1d62","69db27ca2b56cc0c1597f7b9","4x4 Pomada azul 100g","1"
"6a6e4dbc46feabf3642b1d62","69db282d2b56cc0c1597ffcd","Ampolletas Alfaparf Midollo di Bamboo (Blanco)","1"
"6a6e4dbc46feabf3642b1d62","69db27f12b56cc0c1597faf0","Alain Silver Hot Tratamiento Restauraurador","1"
"6a6e4dbc46feabf3642b1d70","69db27f02b56cc0c1597fae0","Alain silver tratamiento","1"
"6a6e4dbc46feabf3642b1d70","69db28012b56cc0c1597fc34","Alfapar 11.20","1"
"6a6e4dbc46feabf3642b1d70","69db27f92b56cc0c1597fb93","Alfapar keratin serum 125 ml","1"
"6a6e4dbc46feabf3642b1d78","69db282a2b56cc0c1597ff85","Alicate Lobo1330-00","1"
"6a6e4dbc46feabf3642b1d78","69db28042b56cc0c1597fc81","Alfapar 4NI","1"
"6a6e4dbc46feabf3642b1d78","69db28302b56cc0c15980006","Ampolletas Revive Pre-Perm","1"
"6a6e4dbc46feabf3642b1d78","69db280a2b56cc0c1597fcea","Alfapar 5NI","1"
"6a6e4dbc46feabf3642b1d7d","69db27e72b56cc0c1597fa1f","acrílico organic blanco (white)","1"
"6a6e4dbc46feabf3642b1d7d","69db280b2b56cc0c1597fd06","Alfapar 6.23","1"
"6a6e4dbc46feabf3642b1d7d","69db27f22b56cc0c1597fb09","Alaska brocha barbero","1"
"6a6e4dbc46feabf3642b1d7d","69db27e02b56cc0c1597f987","aashta tijera ps154","1"
"6a6e4dbc46feabf3642b1d82","69db280b2b56cc0c1597fcff","Alfapar 6.1","1"
"6a6e4dbc46feabf3642b1d82","69db28182b56cc0c1597fe10","Alfapar 8.23","1"
"6a6e4dbc46feabf3642b1d82","69db281f2b56cc0c1597fe9f","Alfapar benvoleo olio nutritivo 100ml.","1"
"6a6e4dbc46feabf3642b1d86","69db28232b56cc0c1597feec","Alfapar Oxido 20vol. 1000ml.","1"
"6a6e4dbc46feabf3642b1d86","69db27f42b56cc0c1597fb30","Alexander Style Tijera 7.5","1"
"6a6e4dbc46feabf3642b1d8b","69db27e12b56cc0c1597f99c","aashta tijeras ps817","1"
"6a6e4dbc46feabf3642b1d8b","69db280a2b56cc0c1597fcf1","Alfapar 6","1"
"6a6e4dbc46feabf3642b1d8b","69db28272b56cc0c1597ff52","Alicate Alaska Spa","1"
"6a6e4dbc46feabf3642b1d8b","69db282a2b56cc0c1597ff85","Alicate Lobo1330-00","1"
"6a6e4dbc46feabf3642b1d95","69db28232b56cc0c1597feec","Alfapar Oxido 20vol. 1000ml.","1"
"6a6e4dbc46feabf3642b1d97","69db28252b56cc0c1597ff1d","Alfapar Semidelino shampoo 250ml.","1"
"6a6e4dbc46feabf3642b1d97","69db27fb2b56cc0c1597fbc4","Alfapar 01","1"
"6a6e4dbc46feabf3642b1d97","69db27dc2b56cc0c1597f926","4x4 Pomada Gris 100ml.","1"
"6a6e4dbc46feabf3642b1da0","69db27d32b56cc0c1597f86c","4x4 Gel 500g.","1"
"6a6e4dbc46feabf3642b1da0","69db281a2b56cc0c1597fe33","Alfapar 8.43","1"
"6a6e4dbc46feabf3642b1da0","69db27cd2b56cc0c1597f7fa","4x4 Cera en Polvo Volumizador Amarillo","1"
"6a6e4dbc46feabf3642b1da6","69db282e2b56cc0c1597ffe6","Ampolletas Hidraforce - Gegenerex","1"
"6a6e4dbc46feabf3642b1da6","69db27ec2b56cc0c1597fa8b","Adhesivo Para Pestañas Duo Oscuro","1"
"6a6e4dbc46feabf3642b1da6","69db27ee2b56cc0c1597faae","Adhesivo Tubo Transparente J.D/10gramos","1"
"6a6e4dbc46feabf3642b1da6","69db27fe2b56cc0c1597fbfc","Alfapar 10.21","1"
"6a6e4dbc46feabf3642b1db4","69db281b2b56cc0c1597fe41","Alfapar 8NB","1"
"6a6e4dbc46feabf3642b1db4","69db28282b56cc0c1597ff68","Alicate GC Large","1"
"6a6e4dbc46feabf3642b1dc4","69db28202b56cc0c1597feb4","Alfapar keratin therapy lisse acondicionador 250ml.","1"
"6a6e4dbc46feabf3642b1dc4","69db27ea2b56cc0c1597fa56","Adhesivo J.Denis Para Rulos/Pestañas.","1"
"6a6e4dbc46feabf3642b1dc7","69db27fb2b56cc0c1597fbc4","Alfapar 01","1"
"6a6e4dbc46feabf3642b1dc9","69db281f2b56cc0c1597fea6","Alfapar Brocha y cio para tinte","1"
"6a6e4dbc46feabf3642b1dc9","69db27c92b56cc0c1597f799","4x4 maquina inalambrico plastico G oferta de 4 pz.","1"
"6a6e4dbc46feabf3642b1dc9","69db27f32b56cc0c1597fb10","Alaska Bisturi AK-02-0019","1"
"6a6e4dbc46feabf3642b1dcd","69db281d2b56cc0c1597fe72","Alfapar 9.21","1"
"6a6e4dbc46feabf3642b1dd2","69db27eb2b56cc0c1597fa72","adhesivo libre de latex","1"
"6a6e4dbc46feabf3642b1dd2","69db282e2b56cc0c1597ffe6","Ampolletas Hidraforce - Gegenerex","1"
"6a6e4dbc46feabf3642b1dd5","69db27ed2b56cc0c1597faa0","adhesivo supreme j denis para pestañas mink","1"
"6a6e4dbc46feabf3642b1dd5","69db27ca2b56cc0c1597f7c0","4x4 Aceite Para Cortadoras 118ml.","1"
"6a6e4dbc46feabf3642b1dd5","69db28282b56cc0c1597ff68","Alicate GC Large","1"
"6a6e4dbc46feabf3642b1dde","69db281a2b56cc0c1597fe33","Alfapar 8.43","1"
"6a6e4dbc46feabf3642b1de0","69db280c2b56cc0c1597fd1b","Alfapar 6.35","1"
"6a6e4dbc46feabf3642b1de0","69db28152b56cc0c1597fdd1","Alfapar 7.66I","1"
"6a6e4dbc46feabf3642b1de0","69db28082b56cc0c1597fcc0","Alfapar 5.6","1"
"6a6e4dbc46feabf3642b1de0","69db281a2b56cc0c1597fe33","Alfapar 8.43","1"
"6a6e4dbc46feabf3642b1dec","69db27dc2b56cc0c1597f926","4x4 Pomada Gris 100ml.","1"
"6a6e4dbc46feabf3642b1dec","69db28042b56cc0c1597fc73","Alfapar 4.66I","1"
"6a6e4dbc46feabf3642b1dec","69db27dc2b56cc0c1597f934","4x4 Pomada Roja 200g","1"
"6a6e4dbc46feabf3642b1dfb","69db28102b56cc0c1597fd61","Alfapar 7","1"
"6a6e4dbc46feabf3642b1e05","69db27fd2b56cc0c1597fbe0","Alfapar 1","1"
"6a6e4dbc46feabf3642b1e05","69db28242b56cc0c1597ff01","Alfapar protector termico 200ml.","1"
"6a6e4dbc46feabf3642b1e05","69db281a2b56cc0c1597fe3a","Alfapar 8.66I","1"
"6a6e4dbc46feabf3642b1e05","69db281d2b56cc0c1597fe79","Alfapar 9.3","1"
"6a6e4dbc46feabf3642b1e0f","69db27f72b56cc0c1597fb70","Alfaparf 10.342","1"
"6a6e4dbc46feabf3642b1e11","69db28232b56cc0c1597fef3","Alfapar Oxido 30 vol. 1000ml.","1"
"6a6e4dbc46feabf3642b1e11","69db27ce2b56cc0c1597f80f","4x4 Cera Rosa 100ml.","1"
"6a6e4dbc46feabf3642b1e11","69db28112b56cc0c1597fd6f","Alfapar 7.1","1"
"6a6e4dbc46feabf3642b1e11","69db27d52b56cc0c1597f896","4x4 guantes vinil nitrilo","1"
"6a6e4dbc46feabf3642b1e1e","69db27c92b56cc0c1597f7a0","4x4 minoxidil","1"
"6a6e4dbc46feabf3642b1e1e","69db27db2b56cc0c1597f91f","4x4 Pomada Extrafirme Verde 200g.","1"
"6a6e4dbc46feabf3642b1e1e","69db281a2b56cc0c1597fe3a","Alfapar 8.66I","1"
"6a6e4dbc46feabf3642b1e1e","69db28062b56cc0c1597fc9d","Alfapar 5.3","1"
"6a6e4dbc46feabf3642b1e23","69db27d72b56cc0c1597f8c0","4x4 Mascarilla Capilar Open Secret","1"
"6a6e4dbc46feabf3642b1e23","69db27e12b56cc0c1597f98e","Aashta Tijera Cocodrilo","1"
"6a6e4dbc46feabf3642b1e23","69db28082b56cc0c1597fcc7","Alfapar 5.62","1"
"6a6e4dbc46feabf3642b1e27","69db28312b56cc0c1598001f","Andis","1"
"6a6e4dbc46feabf3642b1e27","69db27ca2b56cc0c1597f7b9","4x4 Pomada azul 100g","1"
"6a6e4dbc46feabf3642b1e27","69db27d32b56cc0c1597f873","4x4 gel afeitar 955kg azul","1"
"6a6e4dbc46feabf3642b1e2b","69db28042b56cc0c1597fc73","Alfapar 4.66I","1"
"6a6e4dbc46feabf3642b1e2b","69db27da2b56cc0c1597f90a","4x4 Polvo Volumizador Seco Negro","1"
"6a6e4dbc46feabf3642b1e2b","69db27ec2b56cc0c1597fa8b","Adhesivo Para Pestañas Duo Oscuro","1"
"6a6e4dbc46feabf3642b1e2b","69db28092b56cc0c1597fcdc","Alfapar 5.7","1"
"6a6e4dbc46feabf3642b1e30","69db27d02b56cc0c1597f839","4x4 Cuchilla DLC","1"
"6a6e4dbc46feabf3642b1e30","69db28122b56cc0c1597fd92","Alfapar 7.32","1"
"6a6e4dbc46feabf3642b1e30","69db27cb2b56cc0c1597f7c7","4x4 Aftershave Amarillo 400ml.","1"
"6a6e4dbc46feabf3642b1e30","69db27c92b56cc0c1597f799","4x4 maquina inalambrico plastico G oferta de 4 pz.","1"
"6a6e4dbc46feabf3642b1e39","69db28062b56cc0c1597fc96","Alfapar 5.22","1"
"6a6e4dbc46feabf3642b1e39","69db27cc2b56cc0c1597f7dc","4X4 Aftershave Power Gold 400ml.","1"
"6a6e4dbc46feabf3642b1e39","69db27de2b56cc0c1597f957","4x4 spray","1"
"6a6e4dbc46feabf3642b1e44","69db28292b56cc0c1597ff7a","Alicate Katya 1162-07","1"
"6a6e4dbc46feabf3642b1e44","69db27ec2b56cc0c1597fa80","adhesivo para pads color blanco  trasparente j denis","1"
"6a6e4dbc46feabf3642b1e47","69db27dc2b56cc0c1597f926","4x4 Pomada Gris 100ml.","1"
"6a6e4dbc46feabf3642b1e47","69db27cd2b56cc0c1597f7f3","4x4 Balsamo Negro Liquido","1"
"6a6e4dbc46feabf3642b1e47","69db280e2b56cc0c1597fd30","Alfapar 6.5","1"
"6a6e4dbc46feabf3642b1e47","69db27e12b56cc0c1597f995","Aashta tijeras negro no. 7","1"
"6a6e4dbc46feabf3642b1e4c","69db28252b56cc0c1597ff16","Alfapar Semi di lino 50ml.","1"
"6a6e4dbc46feabf3642b1e4c","69db28042b56cc0c1597fc7a","Alfapar 4NB","1"
"6a6e4dbc46feabf3642b1e4c","69db27fc2b56cc0c1597fbcb","alfapar 013","1"
"6a6e4dbc46feabf3642b1e52","69db281c2b56cc0c1597fe56","Alfapar 9.04","1"
"6a6e4dbc46feabf3642b1e52","69db27ee2b56cc0c1597fab5","Afaparf salone supreme mask","1"
"6a6e4dbc46feabf3642b1e55","69db28012b56cc0c1597fc34","Alfapar 11.20","1"
"6a6e4dbc46feabf3642b1e55","69db27ee2b56cc0c1597faa7","Adhesivo Tubo oscuro J.D/10gramos","1"
"6a6e4dbc46feabf3642b1e55","69db27d32b56cc0c1597f873","4x4 gel afeitar 955kg azul","1"
"6a6e4dbc46feabf3642b1e5d","69db28262b56cc0c1597ff2b","Alfaparf Shampoo Plex 250g.","1"
"6a6e4dbc46feabf3642b1e5d","69db27f62b56cc0c1597fb5b","Alfapar benvoleo shampoo seco sin gas 150 g","1"
"6a6e4dbc46feabf3642b1e69","69db281c2b56cc0c1597fe56","Alfapar 9.04","1"
"6a6e4dbc46feabf3642b1e69","69db28242b56cc0c1597ff01","Alfapar protector termico 200ml.","1"
"6a6e4dbc46feabf3642b1e69","69db28142b56cc0c1597fdae","Alfapar 7.43","1"
"6a6e4dbc46feabf3642b1e69","69db28222b56cc0c1597fed7","Alfapar nutritivo Mask","1"
"6a6e4dbc46feabf3642b1e70","69db27eb2b56cc0c1597fa72","adhesivo libre de latex","1"
"6a6e4dbc46feabf3642b1e70","69db27ce2b56cc0c1597f808","4x4 Cera Gel 280g.","1"
"6a6e4dbc46feabf3642b1e73","69db280b2b56cc0c1597fcf8","Alfapar 6.01","1"
"6a6e4dbc46feabf3642b1e73","69db28012b56cc0c1597fc2d","Alfapar 11.13","1"
"6a6e4dbc46feabf3642b1e7b","69db27c82b56cc0c1597f787","4X4 Gel para afeitar menta 1kg","1"
"6a6e4dbc46feabf3642b1e7b","69db27ce2b56cc0c1597f80f","4x4 Cera Rosa 100ml.","1"
"6a6e4dbc46feabf3642b1e7b","69db27d82b56cc0c1597f8e0","4x4 Off-Road Crecimiento de Barba 60g.","1"
"6a6e4dbc46feabf3642b1e7b","69db282b2b56cc0c1597ffad","Amor us sponge","1"
"6a6e4dbc46feabf3642b1e80","69db280f2b56cc0c1597fd4c","Alfapar 6.7","1"
"6a6e4dbc46feabf3642b1e80","69db28282b56cc0c1597ff5d","Alicate barrilito","1"
"6a6e4dbc46feabf3642b1e80","69db28142b56cc0c1597fdb5","Alfapar 7.45","1"
"6a6e4dbc46feabf3642b1e80","69db27fb2b56cc0c1597fbbd","Alfapar 000SSS","1"
"6a6e4dbc46feabf3642b1e85","69db28072b56cc0c1597fca4","Alfapar 5.32","1"
"6a6e4dbc46feabf3642b1e85","69db282b2b56cc0c1597ffa2","Aluminio Profesional Mopi","1"
"6a6e4dbc46feabf3642b1e8e","69db27d42b56cc0c1597f888","4x4 Gel Para Afeitar Menta 485ml.","1"
"6a6e4dbc46feabf3642b1e90","69db28132b56cc0c1597fda7","Alfapar 7.4","1"
"6a6e4dbc46feabf3642b1e90","69db280d2b56cc0c1597fd29","Alfapar 6.45","1"
"6a6e4dbc46feabf3642b1e90","69db27fe2b56cc0c1597fbfc","Alfapar 10.21","1"
"6a6e4dbc46feabf3642b1e90","69db27f92b56cc0c1597fba1","Alfapar rigen shampoo 250 ml.","1"
"6a6e4dbc46feabf3642b1e95","69db28202b56cc0c1597feb4","Alfapar keratin therapy lisse acondicionador 250ml.","1"
"6a6e4dbc46feabf3642b1e95","69db27f52b56cc0c1597fb42","Alfa keratin Therapia","1"
"6a6e4dbc46feabf3642b1e95","69db28012b56cc0c1597fc42","Alfapar 11.32","1"
"6a6e4dbc46feabf3642b1e95","69db28262b56cc0c1597ff2b","Alfaparf Shampoo Plex 250g.","1"
"6a6e4dbc46feabf3642b1ead","69db27ca2b56cc0c1597f7b9","4x4 Pomada azul 100g","1"
"6a6e4dbc46feabf3642b1ead","69db28042b56cc0c1597fc81","Alfapar 4NI","1"
"6a6e4dbc46feabf3642b1ead","69db27d92b56cc0c1597f8ee","4x4 papel cuello negro un rollo","1"
"6a6e4dbc46feabf3642b1eb1","69db27df2b56cc0c1597f970","Aashta clip metalico o sojetador","1"
"6a6e4dbc46feabf3642b1eb1","69db281c2b56cc0c1597fe64","Alfapar 9.13","1"
"6a6e4dbc46feabf3642b1eb1","69db28222b56cc0c1597fed7","Alfapar nutritivo Mask","1"
"6a6e4dbc46feabf3642b1eb1","69db27d32b56cc0c1597f87a","4X4 Gel Cubre Cana 315gr.","1"
"6a6e4dbc46feabf3642b1eb6","69db27d22b56cc0c1597f85e","4X4 Exfoliante facial","1"
"6a6e4dbc46feabf3642b1eb6","69db281e2b56cc0c1597fe8a","Alfapar 9NB","1"
"6a6e4dbc46feabf3642b1eb6","69db27de2b56cc0c1597f950","4x4 shampoo cervesa azul","1"
"6a6e4dbc46feabf3642b1eba","69db27df2b56cc0c1597f970","Aashta clip metalico o sojetador","1"
"6a6e4dbc46feabf3642b1ec0","69db27d82b56cc0c1597f8d2","4x4 navaja platinum","1"
"6a6e4dbc46feabf3642b1ec5","69db28192b56cc0c1597fe1e","Alfapar 8.31","1"
"6a6e4dbc46feabf3642b1ec5","69db27f72b56cc0c1597fb69","Alfaparf 7.24","1"
"6a6e4dbc46feabf3642b1ec5","69db27dd2b56cc0c1597f942","4x4 shampoo cbd bergamota 500ml.","1"
"6a6e4dbc46feabf3642b1ecd","69db280c2b56cc0c1597fd14","Alfapar 6.32","1"
"6a6e4dbc46feabf3642b1ecd","69db27fa2b56cc0c1597fbaf","Alfapar shampoo Rigen Dañado 250g.","1"
"6a6e4dbc46feabf3642b1ecd","69db27d92b56cc0c1597f8e7","4x4 papel cuello blanco rollo","1"
"6a6e4dbc46feabf3642b1ecd","69db27ea2b56cc0c1597fa5d","Adhesivo J.Denis Oscuro con keratina","1"
"6a6e4dbc46feabf3642b1ed2","69db27c82b56cc0c1597f787","4X4 Gel para afeitar menta 1kg","1"
"6a6e4dbc46feabf3642b1ed2","69db27f32b56cc0c1597fb10","Alaska Bisturi AK-02-0019","1"
"6a6e4dbc46feabf3642b1eda","69db28202b56cc0c1597febb","Alfapar Keratin Therapy lisse Oil 50ml.","1"
"6a6e4dbc46feabf3642b1eda","69db28062b56cc0c1597fc8f","Alfapar 5.1","1"
"6a6e4dbc46feabf3642b1ee1","69db27cb2b56cc0c1597f7d5","4X4 Aftershave Power Green 400ml.","1"
"6a6e4dbc46feabf3642b1ee1","69db28122b56cc0c1597fd92","Alfapar 7.32","1"
"6a6e4dbc46feabf3642b1ee1","69db27cc2b56cc0c1597f7ec","4x4 Balsamo Cubre Canas 100g.","1"
"6a6e4dbc46feabf3642b1eee","69db27f02b56cc0c1597fae0","Alain silver tratamiento","1"
"6a6e4dbc46feabf3642b1eee","69db27e92b56cc0c1597fa4b","Adesivo para extenciones Pestañas","1"
"6a6e4dbc46feabf3642b1f0f","69db281e2b56cc0c1597fe91","Alfapar 9NI","1"
"6a6e4dbc46feabf3642b1f0f","69db27dc2b56cc0c1597f92d","4x4 Pomada Gris 200ml.","1"
"6a6e4dbc46feabf3642b1f0f","69db28132b56cc0c1597fda7","Alfapar 7.4","1"
"6a6e4dbc46feabf3642b1f16","69db27cc2b56cc0c1597f7ec","4x4 Balsamo Cubre Canas 100g.","1"
"6a6e4dbc46feabf3642b1f16","69db281d2b56cc0c1597fe79","Alfapar 9.3","1"
"6a6e4dbc46feabf3642b1f19","69db28302b56cc0c15980014","Amura depilacion definitiva","1"
"6a6e4dbc46feabf3642b1f19","69db27f72b56cc0c1597fb69","Alfaparf 7.24","1"
"6a6e4dbc46feabf3642b1f19","69db27cb2b56cc0c1597f7ce","4x4 Aftershave King Blue 400ml","1"
"6a6e4dbc46feabf3642b1f19","69db282a2b56cc0c1597ff90","Alkahzar agua de rosas","1"
"6a6e4dbc46feabf3642b1f23","69db27ef2b56cc0c1597fabe","Afaparf oxido 10 vol. 1000ml.","1"
"6a6e4dbc46feabf3642b1f23","69db27e72b56cc0c1597fa11","Acondicionador Diamante 250ml.","1"
"6a6e4dbc46feabf3642b1f23","69db281a2b56cc0c1597fe3a","Alfapar 8.66I","1"
"6a6e4dbc46feabf3642b1f23","69db282b2b56cc0c1597ffa2","Aluminio Profesional Mopi","1"
"6a6e4dbc46feabf3642b1f28","69db27fa2b56cc0c1597fba8","Alfapar Semidelino nutritivo shampoo 250 ml.","1"
"6a6e4dbc46feabf3642b1f2d","69db281c2b56cc0c1597fe64","Alfapar 9.13","1"
"6a6e4dbc46feabf3642b1f2d","69db281d2b56cc0c1597fe72","Alfapar 9.21","1"
"6a6e4dbc46feabf3642b1f39","69db27d32b56cc0c1597f87a","4X4 Gel Cubre Cana 315gr.","1"
"6a6e4dbc46feabf3642b1f39","69db28252b56cc0c1597ff24","Alfaparf shampoo cabello dañado 1 L.","1"
"6a6e4dbc46feabf3642b1f3c","69db27f02b56cc0c1597fae0","Alain silver tratamiento","1"
"6a6e4dbc46feabf3642b1f3c","69db280a2b56cc0c1597fce3","Alfapar 5NB","1"
"6a6e4dbc46feabf3642b1f44","69db27ee2b56cc0c1597faae","Adhesivo Tubo Transparente J.D/10gramos","1"
"6a6e4dbc46feabf3642b1f44","69db27d02b56cc0c1597f832","4x4 Cuchilla Platino trimer DLC","1"
"6a6e4dbc46feabf3642b1f50","69db281b2b56cc0c1597fe41","Alfapar 8NB","1"
"6a6e4dbc46feabf3642b1f50","69db28042b56cc0c1597fc7a","Alfapar 4NB","1"
"6a6e4dbc46feabf3642b1f50","69db27d42b56cc0c1597f881","4x4 Gel Para Afeitar Citrico 485ml.","1"
"6a6e4dbc46feabf3642b1f57","69db27da2b56cc0c1597f8fc","4x4 Pasta Dorada 100g.","1"
"6a6e4dbc46feabf3642b1f59","69db28102b56cc0c1597fd5a","Alfapar 6NI","1"
"6a6e4dbc46feabf3642b1f59","69db28302b56cc0c15980006","Ampolletas Revive Pre-Perm","1"
"6a6e4dbc46feabf3642b1f5f","69db28252b56cc0c1597ff1d","Alfapar Semidelino shampoo 250ml.","1"
"6a6e4dbc46feabf3642b1f5f","69db28252b56cc0c1597ff16","Alfapar Semi di lino 50ml.","1"
"6a6e4dbc46feabf3642b1f5f","69db28222b56cc0c1597fede","Alfapar Olio Plex 100ml","1"
"6a6e4dbc46feabf3642b1f5f","69db27fc2b56cc0c1597fbd2","Alfapar 02","1"
"6a6e4dbc46feabf3642b1f6b","69db281f2b56cc0c1597fe9f","Alfapar benvoleo olio nutritivo 100ml.","1"
"6a6e4dbd46feabf3642b1f87","69db28272b56cc0c1597ff52","Alicate Alaska Spa","1"
"6a6e4dbd46feabf3642b1f87","69db28312b56cc0c15980026","Andis slimline pro li","1"
"6a6e4dbd46feabf3642b1f87","69db27d92b56cc0c1597f8ee","4x4 papel cuello negro un rollo","1"
"6a6e4dbd46feabf3642b1f87","69db27f42b56cc0c1597fb29","Alexander style porta navaja","1"
"6a6e4dbd46feabf3642b1f8f","69db27d72b56cc0c1597f8c0","4x4 Mascarilla Capilar Open Secret","1"
"6a6e4dbd46feabf3642b1fa0","69db28122b56cc0c1597fd84","Alfapar 7.3","1"
"6a6e4dbd46feabf3642b1fa0","69db28102b56cc0c1597fd5a","Alfapar 6NI","1"
"6a6e4dbd46feabf3642b1fa3","69db28312b56cc0c15980026","Andis slimline pro li","1"
"6a6e4dbd46feabf3642b1fa3","69db27eb2b56cc0c1597fa79","adhesivo para pads color blanco tapa dorada j denis","1"
"6a6e4dbd46feabf3642b1fa6","69db27d82b56cc0c1597f8d9","4x4 oferta cera pasta y pomada 3pz.","1"
"6a6e4dbd46feabf3642b1fa6","69db27d12b56cc0c1597f840","4X4 Cuchilla Normal","1"
"6a6e4dbd46feabf3642b1fa6","69db27ee2b56cc0c1597faae","Adhesivo Tubo Transparente J.D/10gramos","1"
"6a6e4dbd46feabf3642b1fa6","69db27ca2b56cc0c1597f7b9","4x4 Pomada azul 100g","1"
"6a6e4dbd46feabf3642b1fab","69db28082b56cc0c1597fcb9","Alfapar 5.53","1"
"6a6e4dbd46feabf3642b1fab","69db28212b56cc0c1597fec9","Alfapar Maschera Plex 150g.","1"
"6a6e4dbd46feabf3642b1fab","69db28012b56cc0c1597fc42","Alfapar 11.32","1"
"6a6e4dbd46feabf3642b1faf","69db27f32b56cc0c1597fb17","Alaska Saca Comedones","1"
"6a6e4dbd46feabf3642b1faf","69db281b2b56cc0c1597fe4f","Alfapar 9","1"
"6a6e4dbd46feabf3642b1fb7","69db28322b56cc0c15980036","Andis Cuchilla Mini","1"
"6a6e4dbd46feabf3642b1fb9","69db27e72b56cc0c1597fa11","Acondicionador Diamante 250ml.","1"
"6a6e4dbd46feabf3642b1fb9","69db27ed2b56cc0c1597fa99","Adhesivo Para Rulos frasquito chico blanco","1"
"6a6e4dbd46feabf3642b1fb9","69db27e32b56cc0c1597f9c6","Aceite Para Cuticula Touche Frambuesa","1"
"6a6e4dbd46feabf3642b1fc1","69db28012b56cc0c1597fc3b","Alfapar 11.21","1"
"6a6e4dbd46feabf3642b1fc1","69db28202b56cc0c1597feb4","Alfapar keratin therapy lisse acondicionador 250ml.","1"
"6a6e4dbd46feabf3642b1fc1","69db27fc2b56cc0c1597fbd9","Alfapar 03","1"
"6a6e4dbd46feabf3642b1fde","69db281d2b56cc0c1597fe72","Alfapar 9.21","1"
"6a6e4dbd46feabf3642b1fde","69db27f32b56cc0c1597fb1e","Alaska Tijera Manicure","1"
"6a6e4dbd46feabf3642b1fde","69db27d52b56cc0c1597f89d","4x4 maquina de corte trimmer inalambrico metalica","1"
"6a6e4dbd46feabf3642b1fde","69db282e2b56cc0c1597ffe6","Ampolletas Hidraforce - Gegenerex","1"
"6a6e4dbd46feabf3642b1fe5","69db27f72b56cc0c1597fb70","Alfaparf 10.342","1"
"6a6e4dbd46feabf3642b1fe5","69db27d32b56cc0c1597f87a","4X4 Gel Cubre Cana 315gr.","1"
"6a6e4dbd46feabf3642b1fea","69db28202b56cc0c1597feb4","Alfapar keratin therapy lisse acondicionador 250ml.","1"
"6a6e4dbd46feabf3642b1fea","69db28312b56cc0c1598001f","Andis","1"
"6a6e4dbd46feabf3642b1fea","69db27e32b56cc0c1597f9bb","Aceite Fortalezador Argan/Mamey","1"
"6a6e4dbd46feabf3642b1fea","69db27cf2b56cc0c1597f824","4X4 Combo Maquina platinum Clipper/Trimmer","1"
"6a6e4dbd46feabf3642b1ff2","69db28052b56cc0c1597fc88","Alfapar 5","1"
"6a6e4dbd46feabf3642b200e","69db28172b56cc0c1597fdfb","Alfapar 8.1","1"
"6a6e4dbd46feabf3642b200e","69db27e42b56cc0c1597f9e5","Acetona Pura Chica (frasco hidra)","1"
"6a6e4dbd46feabf3642b200e","69db27f12b56cc0c1597fae9","alain silver herbal 9","1"
"6a6e4dbd46feabf3642b200e","69db27f52b56cc0c1597fb49","Alfa sobres de 30 pz","1"
"6a6e4dbd46feabf3642b2013","69db27e42b56cc0c1597f9d1","ACETONA ORGANIC 120 ML","1"
"6a6e4dbd46feabf3642b2024","69db28012b56cc0c1597fc2d","Alfapar 11.13","1"
"6a6e4dbd46feabf3642b2024","69db27e32b56cc0c1597f9c6","Aceite Para Cuticula Touche Frambuesa","1"
"6a6e4dbd46feabf3642b2030","69db28062b56cc0c1597fc96","Alfapar 5.22","1"
"6a6e4dbd46feabf3642b2030","69db28052b56cc0c1597fc88","Alfapar 5","1"
"6a6e4dbd46feabf3642b2033","69db28022b56cc0c1597fc57","Alfapar 4","1"
"6a6e4dbd46feabf3642b2033","69db27d32b56cc0c1597f86c","4x4 Gel 500g.","1"
"6a6e4dbd46feabf3642b2036","69db28232b56cc0c1597feec","Alfapar Oxido 20vol. 1000ml.","1"
"6a6e4dbd46feabf3642b2036","69db27f72b56cc0c1597fb70","Alfaparf 10.342","1"
"6a6e4dbd46feabf3642b2036","69db27d42b56cc0c1597f888","4x4 Gel Para Afeitar Menta 485ml.","1"
"6a6e4dbd46feabf3642b2036","69db27d12b56cc0c1597f847","4x4 Cuchilla Trimer","1"
"6a6e4dbd46feabf3642b2045","69db27d02b56cc0c1597f82b","4X4 Combo pow 5 pz.","1"
"6a6e4dbd46feabf3642b2045","69db27dd2b56cc0c1597f949","4x4 shampoo cbd minoxidi 500ml.","1"
"6a6e4dbd46feabf3642b2045","69db28302b56cc0c15980014","Amura depilacion definitiva","1"
"6a6e4dbd46feabf3642b2045","69db281c2b56cc0c1597fe56","Alfapar 9.04","1"
"6a6e4dbd46feabf3642b204a","69db27d02b56cc0c1597f839","4x4 Cuchilla DLC","1"
"6a6e4dbd46feabf3642b204c","69db28112b56cc0c1597fd76","Alfapar 7.13","1"
"6a6e4dbd46feabf3642b204e","69db28112b56cc0c1597fd76","Alfapar 7.13","1"
"6a6e4dbd46feabf3642b206a","69db27d72b56cc0c1597f8c9","4x4 matizante violeta","1"
"6a6e4dbd46feabf3642b206a","69db27d02b56cc0c1597f832","4x4 Cuchilla Platino trimer DLC","1"
"6a6e4dbd46feabf3642b206a","69db27e52b56cc0c1597f9fa","Acetona quinta esmalte 98(60 ml)","1"
"6a6e4dbd46feabf3642b206e","69db281b2b56cc0c1597fe41","Alfapar 8NB","1"
"6a6e4dbd46feabf3642b2070","69db27d32b56cc0c1597f86c","4x4 Gel 500g.","1"
"6a6e4dbd46feabf3642b2070","69db28262b56cc0c1597ff3d","Algodón Alby","1"
"6a6e4dbd46feabf3642b2077","69db27e12b56cc0c1597f995","Aashta tijeras negro no. 7","1"
"6a6e4dbd46feabf3642b2077","69db27de2b56cc0c1597f950","4x4 shampoo cervesa azul","1"
"6a6e4dbd46feabf3642b207a","69db27f72b56cc0c1597fb77","Alfaparf 11.02","1"
"6a6e4dbd46feabf3642b207a","69db281a2b56cc0c1597fe33","Alfapar 8.43","1"
"6a6e4dbd46feabf3642b207a","69db27f32b56cc0c1597fb10","Alaska Bisturi AK-02-0019","1"
"6a6e4dbd46feabf3642b207e","69db28072b56cc0c1597fca4","Alfapar 5.32","1"
"6a6e4dbd46feabf3642b207e","69db28022b56cc0c1597fc57","Alfapar 4","1"
"6a6e4dbd46feabf3642b207e","69db28032b56cc0c1597fc6c","Alfapar 4.65","1"
"6a6e4dbd46feabf3642b2082","69db27eb2b56cc0c1597fa72","adhesivo libre de latex","1"
"6a6e4dbd46feabf3642b2082","69db27e42b56cc0c1597f9e5","Acetona Pura Chica (frasco hidra)","1"
"6a6e4dbd46feabf3642b2082","69db281d2b56cc0c1597fe6b","Alfapar 9.2","1"
"6a6e4dbd46feabf3642b2082","69db27d12b56cc0c1597f840","4X4 Cuchilla Normal","1"
"6a6e4dbd46feabf3642b208c","69db281d2b56cc0c1597fe6b","Alfapar 9.2","1"
"6a6e4dbd46feabf3642b208c","69db27e42b56cc0c1597f9dc","acetona pura arys grande","1"
"6a6e4dbd46feabf3642b208c","69db280c2b56cc0c1597fd1b","Alfapar 6.35","1"
"6a6e4dbd46feabf3642b208c","69db27e82b56cc0c1597fa2d","Acrílico Eteri Organic","1"
"6a6e4dbd46feabf3642b2091","69db27fd2b56cc0c1597fbe7","Alfapar 1.11","1"
"6a6e4dbd46feabf3642b2091","69db27ec2b56cc0c1597fa8b","Adhesivo Para Pestañas Duo Oscuro","1"
"6a6e4dbd46feabf3642b2091","69db27d62b56cc0c1597f8b9","4X4 Maquina Platinum Trimmer","1"
"6a6e4dbd46feabf3642b2095","69db27e22b56cc0c1597f9b2","Aceite De Hueso De Mamey Para Pestañas.","1"
"6a6e4dbd46feabf3642b2095","69db28292b56cc0c1597ff6f","Alicate Gc Medium","1"
"6a6e4dbd46feabf3642b2095","69db27d22b56cc0c1597f85e","4X4 Exfoliante facial","1"
"6a6e4dbd46feabf3642b2099","69db282b2b56cc0c1597ff97","Almoadillas de algodon","1"
"6a6e4dbd46feabf3642b2099","69db27e52b56cc0c1597f9f3","Acetona Pura Touche 980ml","1"
"6a6e4dbd46feabf3642b20c3","69db282d2b56cc0c1597ffcd","Ampolletas Alfaparf Midollo di Bamboo (Blanco)","1"
"6a6e4dbd46feabf3642b20c3","69db27da2b56cc0c1597f903","4x4 Pasta Dorada 200g.","1"
"6a6e4dbd46feabf3642b20ce","69db27e32b56cc0c1597f9bb","Aceite Fortalezador Argan/Mamey","1"
"6a6e4dbd46feabf3642b20dd","69db27c82b56cc0c1597f790","4x4 Guantes nitrilo negros","1"
"6a6e4dbd46feabf3642b20dd","69db28202b56cc0c1597febb","Alfapar Keratin Therapy lisse Oil 50ml.","1"
"6a6e4dbd46feabf3642b20e0","69db27e02b56cc0c1597f979","aashta kit 2 pz.","1"
"6a6e4dbd46feabf3642b20e2","69db28112b56cc0c1597fd7d","Alfapar 7.21","1"
"6a6e4dbd46feabf3642b20e2","69db28202b56cc0c1597febb","Alfapar Keratin Therapy lisse Oil 50ml.","1"
"6a6e4dbd46feabf3642b20e2","69db27f12b56cc0c1597faf0","Alain Silver Hot Tratamiento Restauraurador","1"
"6a6e4dbd46feabf3642b20e2","69db27f72b56cc0c1597fb69","Alfaparf 7.24","1"
"6a6e4dbd46feabf3642b20eb","69db280e2b56cc0c1597fd37","Alfapar 6.53","1"
"6a6e4dbd46feabf3642b20ed","69db28312b56cc0c1598001f","Andis","1"
"6a6e4dbd46feabf3642b20f1","69db28102b56cc0c1597fd61","Alfapar 7","1"
"6a6e4dbd46feabf3642b20f8","69db28192b56cc0c1597fe17","Alfapar 8.3","1"
"6a6e4dbd46feabf3642b20f8","69db27f82b56cc0c1597fb8c","Alfapar 9.423","1"
"6a6e4dbd46feabf3642b20fd","69db281b2b56cc0c1597fe48","Alfapar 8NI","1"
"6a6e4dbd46feabf3642b20fd","69db27f92b56cc0c1597fb9a","Alfapar mask 200ml.","1"
"6a6e4dbd46feabf3642b20fd","69db27f62b56cc0c1597fb62","alfapar Real Rigen mascar. dañado 500g.","1"
"6a6e4dbd46feabf3642b2101","69db27fd2b56cc0c1597fbe7","Alfapar 1.11","1"
"6a6e4dbd46feabf3642b2101","69db27cd2b56cc0c1597f7fa","4x4 Cera en Polvo Volumizador Amarillo","1"
"6a6e4dbd46feabf3642b2101","69db28022b56cc0c1597fc57","Alfapar 4","1"
"6a6e4dbd46feabf3642b2105","69db27ee2b56cc0c1597faae","Adhesivo Tubo Transparente J.D/10gramos","1"
"6a6e4dbd46feabf3642b2113","69db28142b56cc0c1597fdb5","Alfapar 7.45","1"
"6a6e4dbd46feabf3642b2115","69db27e02b56cc0c1597f980","aashta ps -807","1"
"6a6e4dbd46feabf3642b211f","69db27d82b56cc0c1597f8d9","4x4 oferta cera pasta y pomada 3pz.","1"
"6a6e4dbd46feabf3642b211f","69db27e42b56cc0c1597f9dc","acetona pura arys grande","1"
"6a6e4dbd46feabf3642b212e","69db28232b56cc0c1597feec","Alfapar Oxido 20vol. 1000ml.","1"
"6a6e4dbd46feabf3642b212e","69db28192b56cc0c1597fe1e","Alfapar 8.31","1"
"6a6e4dbd46feabf3642b213b","69db27ed2b56cc0c1597fa99","Adhesivo Para Rulos frasquito chico blanco","1"
"6a6e4dbd46feabf3642b213b","69db27d62b56cc0c1597f8b2","4X4 Maquina Platinum Clipper","1"
"6a6e4dbd46feabf3642b213b","69db282f2b56cc0c1597fff1","Ampolletas Revive Bifasica","1"
"6a6e4dbd46feabf3642b2150","69db282e2b56cc0c1597ffdb","Ampolletas Alfaparf Semi Di Lino Shine Lotion (Lila)","1"
"6a6e4dbd46feabf3642b2150","69db282d2b56cc0c1597ffcd","Ampolletas Alfaparf Midollo di Bamboo (Blanco)","1"
"6a6e4dbd46feabf3642b2157","69db281c2b56cc0c1597fe64","Alfapar 9.13","1"
"6a6e4dbd46feabf3642b2157","69db27c82b56cc0c1597f790","4x4 Guantes nitrilo negros","1"
"6a6e4dbd46feabf3642b215f","69db28232b56cc0c1597feec","Alfapar Oxido 20vol. 1000ml.","1"
"6a6e4dbd46feabf3642b215f","69db28022b56cc0c1597fc50","Alfapar 3","1"
"6a6e4dbd46feabf3642b215f","69db28122b56cc0c1597fd92","Alfapar 7.32","1"
"6a6e4dbd46feabf3642b2163","69db27de2b56cc0c1597f950","4x4 shampoo cervesa azul","1"
"6a6e4dbd46feabf3642b2165","69db27f12b56cc0c1597faf7","Alain silver shampoo","1"
"6a6e4dbd46feabf3642b2165","69db27d02b56cc0c1597f82b","4X4 Combo pow 5 pz.","1"
"6a6e4dbd46feabf3642b2165","69db27d52b56cc0c1597f8a4","4X4 Maquina inalambrica clipper heavy duty metalica G.","1"
"6a6e4dbd46feabf3642b2165","69db27d32b56cc0c1597f86c","4x4 Gel 500g.","1"
"6a6e4dbd46feabf3642b2184","69db27ec2b56cc0c1597fa80","adhesivo para pads color blanco  trasparente j denis","1"
"6a6e4dbd46feabf3642b2184","69db27dc2b56cc0c1597f92d","4x4 Pomada Gris 200ml.","1"
"6a6e4dbd46feabf3642b2187","69db27d92b56cc0c1597f8ee","4x4 papel cuello negro un rollo","1"
"6a6e4dbd46feabf3642b2187","69db280a2b56cc0c1597fcea","Alfapar 5NI","1"
"6a6e4dbd46feabf3642b2187","69db281a2b56cc0c1597fe2c","Alfapar 8.4","1"
"6a6e4dbd46feabf3642b218b","69db27e42b56cc0c1597f9dc","acetona pura arys grande","1"
"6a6e4dbd46feabf3642b218b","69db27ee2b56cc0c1597fab5","Afaparf salone supreme mask","1"
"6a6e4dbd46feabf3642b218b","69db28102b56cc0c1597fd68","Alfapar 7.01","1"
"6a6e4dbd46feabf3642b218b","69db27d32b56cc0c1597f86c","4x4 Gel 500g.","1"
"6a6e4dbd46feabf3642b2190","69db27e42b56cc0c1597f9dc","acetona pura arys grande","1"
"6a6e4dbd46feabf3642b2190","69db28222b56cc0c1597fed7","Alfapar nutritivo Mask","1"
"6a6e4dbd46feabf3642b2190","69db280a2b56cc0c1597fcf1","Alfapar 6","1"
"6a6e4dbd46feabf3642b2190","69db27eb2b56cc0c1597fa6b","adhesivo latex para rulos o pads liftin j denis","1"
"6a6e4dbd46feabf3642b219f","69db27cb2b56cc0c1597f7d5","4X4 Aftershave Power Green 400ml.","1"
"6a6e4dbd46feabf3642b219f","69db27fc2b56cc0c1597fbcb","alfapar 013","1"
"6a6e4dbd46feabf3642b219f","69db281a2b56cc0c1597fe2c","Alfapar 8.4","1"
"6a6e4dbd46feabf3642b219f","69db27f62b56cc0c1597fb62","alfapar Real Rigen mascar. dañado 500g.","1"
"6a6e4dbd46feabf3642b21a4","69db27f12b56cc0c1597fae9","alain silver herbal 9","1"
"6a6e4dbd46feabf3642b21a8","69db27e52b56cc0c1597f9fa","Acetona quinta esmalte 98(60 ml)","1"
"6a6e4dbd46feabf3642b21a8","69db27e32b56cc0c1597f9c6","Aceite Para Cuticula Touche Frambuesa","1"
"6a6e4dbd46feabf3642b21a8","69db28032b56cc0c1597fc6c","Alfapar 4.65","1"
"6a6e4dbd46feabf3642b21a8","69db281a2b56cc0c1597fe33","Alfapar 8.43","1"
"6a6e4dbd46feabf3642b21ad","69db27eb2b56cc0c1597fa72","adhesivo libre de latex","1"
"6a6e4dbd46feabf3642b21ad","69db28212b56cc0c1597fed0","Alfapar mask. keratin therapy","1"
"6a6e4dbd46feabf3642b21b0","69db282e2b56cc0c1597ffe6","Ampolletas Hidraforce - Gegenerex","1"
"6a6e4dbd46feabf3642b21b0","69db27d02b56cc0c1597f82b","4X4 Combo pow 5 pz.","1"
"6a6e4dbd46feabf3642b21b0","69db27eb2b56cc0c1597fa72","adhesivo libre de latex","1"
"6a6e4dbd46feabf3642b21b4","69db28302b56cc0c1598000d","Ampolletas Revive Teñido","1"
"6a6e4dbd46feabf3642b21be","69db27e92b56cc0c1597fa4b","Adesivo para extenciones Pestañas","1"
"6a6e4dbd46feabf3642b21be","69db282d2b56cc0c1597ffd4","Ampolletas Alfaparf Semi Di Lino Essential Oil (Azul)","1"
"6a6e4dbd46feabf3642b21c4","69db28172b56cc0c1597fdfb","Alfapar 8.1","1"
"6a6e4dbd46feabf3642b21c4","69db27f72b56cc0c1597fb77","Alfaparf 11.02","1"
"6a6e4dbd46feabf3642b21c4","69db28242b56cc0c1597ff08","Alfapar Real Rigen k.","1"
"6a6e4dbd46feabf3642b21c4","69db27fd2b56cc0c1597fbee","Alfapar 10","1"
"6a6e4dbd46feabf3642b21ce","69db27db2b56cc0c1597f918","4x4 Pomada Extrafirme Verde 100g.","1"
"6a6e4dbd46feabf3642b21d0","69db282d2b56cc0c1597ffd4","Ampolletas Alfaparf Semi Di Lino Essential Oil (Azul)","1"
"6a6e4dbd46feabf3642b21d0","69db27d52b56cc0c1597f89d","4x4 maquina de corte trimmer inalambrico metalica","1"
"6a6e4dbd46feabf3642b21d3","69db28162b56cc0c1597fddf","Alfapar 7NB","1"
"6a6e4dbd46feabf3642b21d3","69db282e2b56cc0c1597ffdb","Ampolletas Alfaparf Semi Di Lino Shine Lotion (Lila)","1"
"6a6e4dbd46feabf3642b21d3","69db27df2b56cc0c1597f965","4x4 Talco Ultra Fino","1"
"6a6e4dbd46feabf3642b21e0","69db27e22b56cc0c1597f9b2","Aceite De Hueso De Mamey Para Pestañas.","1"
"6a6e4dbd46feabf3642b21e0","69db28172b56cc0c1597fded","Alfapar 8","1"
"6a6e4dbd46feabf3642b21e0","69db28262b56cc0c1597ff3d","Algodón Alby","1"
"6a6e4dbd46feabf3642b21e4","69db280e2b56cc0c1597fd30","Alfapar 6.5","1"
"6a6e4dbd46feabf3642b21e4","69db27f82b56cc0c1597fb8c","Alfapar 9.423","1"
"6a6e4dbd46feabf3642b21e4","69db27dc2b56cc0c1597f926","4x4 Pomada Gris 100ml.","1"
"6a6e4dbd46feabf3642b21eb","69db27de2b56cc0c1597f957","4x4 spray","1"
"6a6e4dbd46feabf3642b21fa","69db27d22b56cc0c1597f85e","4X4 Exfoliante facial","1"
"6a6e4dbd46feabf3642b21fa","69db282b2b56cc0c1597ffa2","Aluminio Profesional Mopi","1"
"6a6e4dbd46feabf3642b21fa","69db28222b56cc0c1597fed7","Alfapar nutritivo Mask","1"
"6a6e4dbd46feabf3642b21fa","69db28292b56cc0c1597ff7a","Alicate Katya 1162-07","1"
"6a6e4dbd46feabf3642b21ff","69db27d62b56cc0c1597f8b2","4X4 Maquina Platinum Clipper","1"
"6a6e4dbd46feabf3642b2203","69db27ff2b56cc0c1597fc0a","Alfapar 10.31","1"
"6a6e4dbd46feabf3642b2203","69db280a2b56cc0c1597fcf1","Alfapar 6","1"
"6a6e4dbd46feabf3642b2212","69db28042b56cc0c1597fc7a","Alfapar 4NB","1"
"6a6e4dbd46feabf3642b2212","69db27f72b56cc0c1597fb69","Alfaparf 7.24","1"
"6a6e4dbd46feabf3642b2212","69db28302b56cc0c15980006","Ampolletas Revive Pre-Perm","1"
"6a6e4dbd46feabf3642b2243","69db27fe2b56cc0c1597fbfc","Alfapar 10.21","1"
"6a6e4dbd46feabf3642b2243","69db27cc2b56cc0c1597f7e3","4x4 Aftershave Rojo 400ml.","1"
"6a6e4dbd46feabf3642b2243","69db27d92b56cc0c1597f8ee","4x4 papel cuello negro un rollo","1"
"6a6e4dbd46feabf3642b225d","69db28222b56cc0c1597fee5","Alfapar Oxido 10 vol. 1000ml.","1"
"6a6e4dbd46feabf3642b226f","69db27eb2b56cc0c1597fa72","adhesivo libre de latex","1"
"6a6e4dbd46feabf3642b226f","69db27e42b56cc0c1597f9d1","ACETONA ORGANIC 120 ML","1"
"6a6e4dbd46feabf3642b226f","69db27d32b56cc0c1597f87a","4X4 Gel Cubre Cana 315gr.","1"
"6a6e4dbd46feabf3642b2276","69db281d2b56cc0c1597fe72","Alfapar 9.21","1"
"6a6e4dbd46feabf3642b2276","69db28212b56cc0c1597fec9","Alfapar Maschera Plex 150g.","1"
"6a6e4dbd46feabf3642b2276","69db27f82b56cc0c1597fb85","Alfapar 8.34","1"
"6a6e4dbd46feabf3642b227a","69db27fc2b56cc0c1597fbcb","alfapar 013","1"
"6a6e4dbd46feabf3642b227a","69db28152b56cc0c1597fdca","Alfapar 7.62","1"
"6a6e4dbd46feabf3642b227a","69db28102b56cc0c1597fd61","Alfapar 7","1"
"6a6e4dbd46feabf3642b227e","69db27d52b56cc0c1597f89d","4x4 maquina de corte trimmer inalambrico metalica","1"
"6a6e4dbd46feabf3642b227e","69db28282b56cc0c1597ff68","Alicate GC Large","1"
"6a6e4dbd46feabf3642b228e","69db27dd2b56cc0c1597f93b","4x4 shampoo matiz negro 300ml.","1"
"6a6e4dbd46feabf3642b228e","69db27db2b56cc0c1597f918","4x4 Pomada Extrafirme Verde 100g.","1"
"6a6e4dbd46feabf3642b22a2","69db27de2b56cc0c1597f950","4x4 shampoo cervesa azul","1"
"6a6e4dbd46feabf3642b22a2","69db27d62b56cc0c1597f8ab","4x4 Maquina platino 10000 RPM","1"
"6a6e4dbd46feabf3642b22a2","69db28062b56cc0c1597fc96","Alfapar 5.22","1"
"6a6e4dbd46feabf3642b22a2","69db27db2b56cc0c1597f911","4x4 Pomada Azul 200g","1"
"6a6e4dbd46feabf3642b22be","69db28012b56cc0c1597fc42","Alfapar 11.32","1"
"6a6e4dbd46feabf3642b22be","69db27d12b56cc0c1597f847","4x4 Cuchilla Trimer","1"
"6a6e4dbd46feabf3642b22c5","69db28292b56cc0c1597ff7a","Alicate Katya 1162-07","1"
"6a6e4dbd46feabf3642b22c5","69db27ed2b56cc0c1597fa92","Adhesivo Para Pestañas Duo Transparente","1"
"6a6e4dbd46feabf3642b22c5","69db27cf2b56cc0c1597f81d","4x4 Cera Telaraña 100ml.","1"
"6a6e4dbd46feabf3642b22c9","69db28042b56cc0c1597fc7a","Alfapar 4NB","1"
"6a6e4dbd46feabf3642b22c9","69db28222b56cc0c1597fede","Alfapar Olio Plex 100ml","1"
"6a6e4dbd46feabf3642b22c9","69db27ee2b56cc0c1597faae","Adhesivo Tubo Transparente J.D/10gramos","1"
"6a6e4dbd46feabf3642b22de","69db28042b56cc0c1597fc7a","Alfapar 4NB","1"
"6a6e4dbd46feabf3642b22de","69db28152b56cc0c1597fdc3","Alfapar 7.6","1"
"6a6e4dbd46feabf3642b22de","69db27cd2b56cc0c1597f7fa","4x4 Cera en Polvo Volumizador Amarillo","1"
"6a6e4dbd46feabf3642b22e2","69db282a2b56cc0c1597ff90","Alkahzar agua de rosas","1"
"6a6e4dbd46feabf3642b22e2","69db28042b56cc0c1597fc73","Alfapar 4.66I","1"
"6a6e4dbd46feabf3642b22e2","69db28202b56cc0c1597febb","Alfapar Keratin Therapy lisse Oil 50ml.","1"
"6a6e4dbd46feabf3642b22e2","69db282f2b56cc0c1597fff1","Ampolletas Revive Bifasica","1"
"6a6e4dbd46feabf3642b22fb","69db28142b56cc0c1597fdae","Alfapar 7.43","1"
"6a6e4dbd46feabf3642b22fb","69db27d32b56cc0c1597f86c","4x4 Gel 500g.","1"
"6a6e4dbd46feabf3642b22fb","69db28102b56cc0c1597fd61","Alfapar 7","1"
"6a6e4dbd46feabf3642b2308","69db27f72b56cc0c1597fb69","Alfaparf 7.24","1"
"6a6e4dbd46feabf3642b2316","69db27ef2b56cc0c1597fabe","Afaparf oxido 10 vol. 1000ml.","1"
"6a6e4dbd46feabf3642b2316","69db28032b56cc0c1597fc65","Alfapar 4.52","1"
"6a6e4dbd46feabf3642b2316","69db28232b56cc0c1597fef3","Alfapar Oxido 30 vol. 1000ml.","1"
"6a6e4dbd46feabf3642b2324","69db281a2b56cc0c1597fe33","Alfapar 8.43","1"
"6a6e4dbd46feabf3642b2324","69db280a2b56cc0c1597fce3","Alfapar 5NB","1"
"6a6e4dbd46feabf3642b2324","69db28212b56cc0c1597fed0","Alfapar mask. keratin therapy","1"
"6a6e4dbd46feabf3642b2324","69db27fc2b56cc0c1597fbcb","alfapar 013","1"
"6a6e4dbd46feabf3642b2329","69db28262b56cc0c1597ff2b","Alfaparf Shampoo Plex 250g.","1"
"6a6e4dbd46feabf3642b2329","69db27ea2b56cc0c1597fa64","Adhesivo J.Denis Transparente con keratina","1"
"6a6e4dbd46feabf3642b2329","69db282e2b56cc0c1597ffe6","Ampolletas Hidraforce - Gegenerex","1"
"6a6e4dbd46feabf3642b233a","69db27dc2b56cc0c1597f92d","4x4 Pomada Gris 200ml.","1"
"6a6e4dbd46feabf3642b233a","69db27d22b56cc0c1597f865","4x4 gel afeitar 955kg. blanco","1"
"6a6e4dbd46feabf3642b233a","69db27f92b56cc0c1597fb93","Alfapar keratin serum 125 ml","1"
"6a6e4dbd46feabf3642b233e","69db28142b56cc0c1597fdae","Alfapar 7.43","1"
"6a6e4dbd46feabf3642b2358","69db280b2b56cc0c1597fcff","Alfapar 6.1","1"
"6a6e4dbd46feabf3642b2358","69db27de2b56cc0c1597f95e","4x4 Talco Invencible","1"
"6a6e4dbd46feabf3642b2358","69db27d12b56cc0c1597f840","4X4 Cuchilla Normal","1"
"6a6e4dbd46feabf3642b2358","69db27e62b56cc0c1597fa0a","acondicionador artesanal","1"
"6a6e4dbd46feabf3642b235d","69db27c82b56cc0c1597f790","4x4 Guantes nitrilo negros","1"
"6a6e4dbd46feabf3642b235d","69db27fb2b56cc0c1597fbc4","Alfapar 01","1"
"6a6e4dbd46feabf3642b235d","69db281f2b56cc0c1597fe98","Alfapar ampoll. anti caida","1"
"6a6e4dbd46feabf3642b2364","69db27de2b56cc0c1597f957","4x4 spray","1"
"6a6e4dbd46feabf3642b2364","69db28032b56cc0c1597fc65","Alfapar 4.52","1"
"6a6e4dbd46feabf3642b2364","69db27f92b56cc0c1597fb9a","Alfapar mask 200ml.","1"
"6a6e4dbd46feabf3642b2368","69db27d92b56cc0c1597f8f5","4x4 papel cuello negro 5 pz","1"
"6a6e4dbd46feabf3642b236c","69db27e02b56cc0c1597f979","aashta kit 2 pz.","1"
"6a6e4dbd46feabf3642b236c","69db27d12b56cc0c1597f84e","4x4 Desinfectante Antibacterial 250ml.","1"
"6a6e4dbd46feabf3642b236c","69db28202b56cc0c1597febb","Alfapar Keratin Therapy lisse Oil 50ml.","1"
"6a6e4dbd46feabf3642b2370","69db27ed2b56cc0c1597fa92","Adhesivo Para Pestañas Duo Transparente","1"
"6a6e4dbd46feabf3642b2370","69db27dd2b56cc0c1597f942","4x4 shampoo cbd bergamota 500ml.","1"
"6a6e4dbd46feabf3642b2375","69db28112b56cc0c1597fd76","Alfapar 7.13","1"
"6a6e4dbd46feabf3642b2375","69db282b2b56cc0c1597ff97","Almoadillas de algodon","1"
"6a6e4dbd46feabf3642b2375","69db27e92b56cc0c1597fa4b","Adesivo para extenciones Pestañas","1"
"6a6e4dbd46feabf3642b238d","69db28032b56cc0c1597fc6c","Alfapar 4.65","1"
"6a6e4dbd46feabf3642b238f","69db27cb2b56cc0c1597f7c7","4x4 Aftershave Amarillo 400ml.","1"
"6a6e4dbd46feabf3642b238f","69db282c2b56cc0c1597ffb6","Amor pinza pestañas","1"
"6a6e4dbd46feabf3642b238f","69db281b2b56cc0c1597fe4f","Alfapar 9","1"
"6a6e4dbd46feabf3642b23b9","69db27da2b56cc0c1597f903","4x4 Pasta Dorada 200g.","1"
"6a6e4dbd46feabf3642b23b9","69db27de2b56cc0c1597f95e","4x4 Talco Invencible","1"
"6a6e4dbd46feabf3642b23b9","69db27ee2b56cc0c1597faae","Adhesivo Tubo Transparente J.D/10gramos","1"
"6a6e4dbd46feabf3642b23c0","69db27ff2b56cc0c1597fc0a","Alfapar 10.31","1"
"6a6e4dbd46feabf3642b23c2","69db27fc2b56cc0c1597fbd2","Alfapar 02","1"
"6a6e4dbd46feabf3642b23c2","69db27f92b56cc0c1597fb9a","Alfapar mask 200ml.","1"
"6a6e4dbd46feabf3642b23d5","69db28092b56cc0c1597fcd5","Alfapar 5.66I","1"
"6a6e4dbd46feabf3642b23d5","69db282f2b56cc0c1597fff8","Ampolletas Revive Cationica","1"
"6a6e4dbd46feabf3642b23d5","69db28302b56cc0c15980006","Ampolletas Revive Pre-Perm","1"
"6a6e4dbd46feabf3642b23df","69db27f62b56cc0c1597fb62","alfapar Real Rigen mascar. dañado 500g.","1"
"6a6e4dbd46feabf3642b23df","69db27e02b56cc0c1597f987","aashta tijera ps154","1"
"6a6e4dbd46feabf3642b23df","69db28072b56cc0c1597fca4","Alfapar 5.32","1"
"6a6e4dbd46feabf3642b23df","69db27d72b56cc0c1597f8c9","4x4 matizante violeta","1"
"6a6e4dbd46feabf3642b23eb","69db28172b56cc0c1597fded","Alfapar 8","1"
"6a6e4dbd46feabf3642b23eb","69db27d02b56cc0c1597f832","4x4 Cuchilla Platino trimer DLC","1"
"6a6e4dbd46feabf3642b23f4","69db27ff2b56cc0c1597fc11","Alfapar 10NB","1"
"6a6e4dbd46feabf3642b23f4","69db28082b56cc0c1597fcc7","Alfapar 5.62","1"
"6a6e4dbd46feabf3642b240d","69db27e42b56cc0c1597f9dc","acetona pura arys grande","1"
"6a6e4dbd46feabf3642b240d","69db27cf2b56cc0c1597f81d","4x4 Cera Telaraña 100ml.","1"
"6a6e4dbd46feabf3642b240d","69db27f12b56cc0c1597fae9","alain silver herbal 9","1"
"6a6e4dbd46feabf3642b240d","69db28032b56cc0c1597fc6c","Alfapar 4.65","1"
"6a6e4dbd46feabf3642b2419","69db28242b56cc0c1597ff0f","Alfapar salone shampoo 500ml.","1"
"6a6e4dbd46feabf3642b241b","69db282c2b56cc0c1597ffbf","Amor us","1"
"6a6e4dbd46feabf3642b241b","69db27de2b56cc0c1597f957","4x4 spray","1"
"6a6e4dbd46feabf3642b241b","69db28292b56cc0c1597ff6f","Alicate Gc Medium","1"
"6a6e4dbd46feabf3642b241b","69db27ca2b56cc0c1597f7b0","4x4 papel cuello blanco de 5 pz.","1"
"6a6e4dbd46feabf3642b2420","69db282c2b56cc0c1597ffbf","Amor us","1"
"6a6e4dbd46feabf3642b2420","69db27e32b56cc0c1597f9bb","Aceite Fortalezador Argan/Mamey","1"
"6a6e4dbd46feabf3642b2420","69db27f62b56cc0c1597fb52","Alfapaf 6.56","1"
"6a6e4dbd46feabf3642b2426","69db28242b56cc0c1597ff08","Alfapar Real Rigen k.","1"
"6a6e4dbd46feabf3642b2426","69db282e2b56cc0c1597ffe6","Ampolletas Hidraforce - Gegenerex","1"
"6a6e4dbd46feabf3642b2426","69db27cc2b56cc0c1597f7ec","4x4 Balsamo Cubre Canas 100g.","1"
"6a6e4dbd46feabf3642b242f","69db28222b56cc0c1597fede","Alfapar Olio Plex 100ml","1"
"6a6e4dbd46feabf3642b242f","69db28072b56cc0c1597fca4","Alfapar 5.32","1"
"6a6e4dbd46feabf3642b243e","69db281d2b56cc0c1597fe6b","Alfapar 9.2","1"
"6a6e4dbd46feabf3642b243e","69db28312b56cc0c15980026","Andis slimline pro li","1"
"6a6e4dbd46feabf3642b243e","69db281c2b56cc0c1597fe64","Alfapar 9.13","1"
"6a6e4dbd46feabf3642b243e","69db280a2b56cc0c1597fcf1","Alfapar 6","1"
"6a6e4dbd46feabf3642b2447","69db27e72b56cc0c1597fa1f","acrílico organic blanco (white)","1"
"6a6e4dbd46feabf3642b2447","69db27e42b56cc0c1597f9e5","Acetona Pura Chica (frasco hidra)","1"
"6a6e4dbd46feabf3642b2447","69db28252b56cc0c1597ff16","Alfapar Semi di lino 50ml.","1"
"6a6e4dbd46feabf3642b244f","69db27d62b56cc0c1597f8ab","4x4 Maquina platino 10000 RPM","1"
"6a6e4dbd46feabf3642b244f","69db28072b56cc0c1597fcab","Alfapar 5.35","1"
"6a6e4dbd46feabf3642b244f","69db28252b56cc0c1597ff16","Alfapar Semi di lino 50ml.","1"
"6a6e4dbd46feabf3642b244f","69db27ee2b56cc0c1597fab5","Afaparf salone supreme mask","1"
"6a6e4dbd46feabf3642b2467","69db28022b56cc0c1597fc49","Alfapar 2","1"
"6a6e4dbd46feabf3642b2467","69db282a2b56cc0c1597ff90","Alkahzar agua de rosas","1"
"6a6e4dbd46feabf3642b2467","69db28262b56cc0c1597ff3d","Algodón Alby","1"
"6a6e4dbd46feabf3642b246e","69db281e2b56cc0c1597fe8a","Alfapar 9NB","1"
"6a6e4dbd46feabf3642b246e","69db27e62b56cc0c1597fa01","Acetona Touche 225ml.","1"
"6a6e4dbd46feabf3642b2471","69db27ef2b56cc0c1597face","Aguja Peina Facil 5pz. V/Colores","1"
"6a6e4dbd46feabf3642b2471","69db27f72b56cc0c1597fb70","Alfaparf 10.342","1"
"6a6e4dbd46feabf3642b2471","69db27f62b56cc0c1597fb62","alfapar Real Rigen mascar. dañado 500g.","1"
"6a6e4dbd46feabf3642b247c","69db28162b56cc0c1597fddf","Alfapar 7NB","1"
"6a6e4dbd46feabf3642b247c","69db27d42b56cc0c1597f888","4x4 Gel Para Afeitar Menta 485ml.","1"
"6a6e4dbd46feabf3642b24ab","69db28122b56cc0c1597fd84","Alfapar 7.3","1"
"6a6e4dbd46feabf3642b24c7","69db27ff2b56cc0c1597fc03","Alfapar 10.3","1"
"6a6e4dbd46feabf3642b24cb","69db28202b56cc0c1597fead","Alfapar keratin mask","1"
"6a6e4dbd46feabf3642b24cd","69db27d52b56cc0c1597f89d","4x4 maquina de corte trimmer inalambrico metalica","1"
"6a6e4dbd46feabf3642b24cd","69db27fb2b56cc0c1597fbc4","Alfapar 01","1"
"6a6e4dbd46feabf3642b24cd","69db27d62b56cc0c1597f8b2","4X4 Maquina Platinum Clipper","1"
"6a6e4dbd46feabf3642b24e3","69db27eb2b56cc0c1597fa79","adhesivo para pads color blanco tapa dorada j denis","1"
"6a6e4dbd46feabf3642b24e5","69db28182b56cc0c1597fe10","Alfapar 8.23","1"
"6a6e4dbd46feabf3642b24e7","69db27e52b56cc0c1597f9ec","Acetona Pura Mediana arys","1"
"6a6e4dbd46feabf3642b24e7","69db27eb2b56cc0c1597fa6b","adhesivo latex para rulos o pads liftin j denis","1"
"6a6e4dbd46feabf3642b24e7","69db27cf2b56cc0c1597f81d","4x4 Cera Telaraña 100ml.","1"
"6a6e4dbd46feabf3642b24e7","69db28132b56cc0c1597fda7","Alfapar 7.4","1"
"6a6e4dbd46feabf3642b24f2","69db27f82b56cc0c1597fb7e","Alfaparf 8.221","1"
"6a6e4dbd46feabf3642b24f2","69db280f2b56cc0c1597fd45","Alfapar 6.66I","1"
"6a6e4dbd46feabf3642b24f2","69db27d02b56cc0c1597f839","4x4 Cuchilla DLC","1"
"6a6e4dbd46feabf3642b2501","69db28272b56cc0c1597ff52","Alicate Alaska Spa","1"
"6a6e4dbd46feabf3642b2501","69db27db2b56cc0c1597f918","4x4 Pomada Extrafirme Verde 100g.","1"
"6a6e4dbd46feabf3642b2504","69db27f32b56cc0c1597fb1e","Alaska Tijera Manicure","1"
"6a6e4dbd46feabf3642b2504","69db282b2b56cc0c1597ffad","Amor us sponge","1"
"6a6e4dbd46feabf3642b2504","69db28192b56cc0c1597fe25","Alfapar 8.32","1"
"6a6e4dbd46feabf3642b2504","69db282a2b56cc0c1597ff90","Alkahzar agua de rosas","1"
"6a6e4dbd46feabf3642b2509","69db282d2b56cc0c1597ffc6","Ampolletas Alfaparf Aceite Lenitivo","1"
"6a6e4dbd46feabf3642b250e","69db28162b56cc0c1597fdd8","Alfapar 7000","1"
"6a6e4dbd46feabf3642b2513","69db28222b56cc0c1597fed7","Alfapar nutritivo Mask","1"
"6a6e4dbd46feabf3642b251a","69db28262b56cc0c1597ff3d","Algodón Alby","1"
"6a6e4dbd46feabf3642b251a","69db27eb2b56cc0c1597fa72","adhesivo libre de latex","1"
"6a6e4dbd46feabf3642b251a","69db27e72b56cc0c1597fa11","Acondicionador Diamante 250ml.","1"
"6a6e4dbd46feabf3642b251a","69db27e02b56cc0c1597f980","aashta ps -807","1"
"6a6e4dbd46feabf3642b252c","69db28212b56cc0c1597fec2","Alfapar Keratin Therapy Shampoo 250ml.","1"
"6a6e4dbd46feabf3642b252c","69db27dc2b56cc0c1597f92d","4x4 Pomada Gris 200ml.","1"
"6a6e4dbd46feabf3642b2534","69db28212b56cc0c1597fed0","Alfapar mask. keratin therapy","1"
"6a6e4dbd46feabf3642b2534","69db28272b56cc0c1597ff44","Alicate Alaska Manicure","1"
"6a6e4dbd46feabf3642b2537","69db27cb2b56cc0c1597f7ce","4x4 Aftershave King Blue 400ml","1"
"6a6e4dbd46feabf3642b2537","69db27f72b56cc0c1597fb70","Alfaparf 10.342","1"
"6a6e4dbd46feabf3642b2537","69db280a2b56cc0c1597fcea","Alfapar 5NI","1"
"6a6e4dbd46feabf3642b253b","69db27da2b56cc0c1597f90a","4x4 Polvo Volumizador Seco Negro","1"
"6a6e4dbd46feabf3642b254d","69db28102b56cc0c1597fd61","Alfapar 7","1"
"6a6e4dbd46feabf3642b254d","69db281c2b56cc0c1597fe56","Alfapar 9.04","1"
"6a6e4dbd46feabf3642b254d","69db27c82b56cc0c1597f790","4x4 Guantes nitrilo negros","1"
"6a6e4dbd46feabf3642b2551","69db27fc2b56cc0c1597fbd2","Alfapar 02","1"
"6a6e4dbd46feabf3642b2551","69db28282b56cc0c1597ff5d","Alicate barrilito","1"
"6a6e4dbd46feabf3642b255a","69db27f62b56cc0c1597fb52","Alfapaf 6.56","1"
"6a6e4dbd46feabf3642b255a","69db28202b56cc0c1597fead","Alfapar keratin mask","1"
"6a6e4dbd46feabf3642b255a","69db27fa2b56cc0c1597fbaf","Alfapar shampoo Rigen Dañado 250g.","1"
"6a6e4dbd46feabf3642b2570","69db28112b56cc0c1597fd76","Alfapar 7.13","1"
"6a6e4dbd46feabf3642b2570","69db28212b56cc0c1597fec9","Alfapar Maschera Plex 150g.","1"
"6a6e4dbd46feabf3642b2573","69db28262b56cc0c1597ff2b","Alfaparf Shampoo Plex 250g.","1"
"6a6e4dbd46feabf3642b2573","69db27eb2b56cc0c1597fa72","adhesivo libre de latex","1"
"6a6e4dbd46feabf3642b2573","69db282c2b56cc0c1597ffbf","Amor us","1"
"6a6e4dbd46feabf3642b2573","69db27ff2b56cc0c1597fc03","Alfapar 10.3","1"
"6a6e4dbd46feabf3642b257b","69db27f02b56cc0c1597fad5","Aguja Peina Facil Grande 5pz.","1"
"6a6e4dbd46feabf3642b257b","69db27ea2b56cc0c1597fa56","Adhesivo J.Denis Para Rulos/Pestañas.","1"
"6a6e4dbd46feabf3642b257b","69db27f82b56cc0c1597fb85","Alfapar 8.34","1"
"6a6e4dbd46feabf3642b257f","69db27ce2b56cc0c1597f816","4x4 Cera Rosa 200ml.","1"
"6a6e4dbd46feabf3642b257f","69db280f2b56cc0c1597fd4c","Alfapar 6.7","1"
"6a6e4dbd46feabf3642b2584","69db28272b56cc0c1597ff52","Alicate Alaska Spa","1"
"6a6e4dbd46feabf3642b2584","69db28162b56cc0c1597fde6","Alfapar 7NI","1"
"6a6e4dbd46feabf3642b2584","69db28272b56cc0c1597ff44","Alicate Alaska Manicure","1"
"6a6e4dbd46feabf3642b2584","69db27fa2b56cc0c1597fba8","Alfapar Semidelino nutritivo shampoo 250 ml.","1"
"6a6e4dbd46feabf3642b2589","69db27e62b56cc0c1597fa0a","acondicionador artesanal","1"
"6a6e4dbd46feabf3642b2589","69db27d82b56cc0c1597f8e0","4x4 Off-Road Crecimiento de Barba 60g.","1"
"6a6e4dbd46feabf3642b258c","69db27f52b56cc0c1597fb42","Alfa keratin Therapia","1"
"6a6e4dbd46feabf3642b2593","69db280e2b56cc0c1597fd37","Alfapar 6.53","1"
"6a6e4dbd46feabf3642b2593","69db27d32b56cc0c1597f87a","4X4 Gel Cubre Cana 315gr.","1"
"6a6e4dbd46feabf3642b2593","69db28082b56cc0c1597fcc7","Alfapar 5.62","1"
"6a6e4dbd46feabf3642b259a","69db282d2b56cc0c1597ffcd","Ampolletas Alfaparf Midollo di Bamboo (Blanco)","1"
"6a6e4dbd46feabf3642b259a","69db27d52b56cc0c1597f896","4x4 guantes vinil nitrilo","1"
"6a6e4dbd46feabf3642b25a1","69db27fe2b56cc0c1597fbfc","Alfapar 10.21","1"
"6a6e4dbd46feabf3642b25a1","69db27f12b56cc0c1597fae9","alain silver herbal 9","1"
"6a6e4dbd46feabf3642b25a1","69db280b2b56cc0c1597fcf8","Alfapar 6.01","1"
"6a6e4dbd46feabf3642b25a8","69db282b2b56cc0c1597ff97","Almoadillas de algodon","1"
"6a6e4dbd46feabf3642b25a8","69db27d12b56cc0c1597f840","4X4 Cuchilla Normal","1"
"6a6e4dbd46feabf3642b25b6","69db28112b56cc0c1597fd7d","Alfapar 7.21","1"
"6a6e4dbd46feabf3642b25b6","69db27cf2b56cc0c1597f824","4X4 Combo Maquina platinum Clipper/Trimmer","1"
"6a6e4dbd46feabf3642b25c7","69db28162b56cc0c1597fde6","Alfapar 7NI","1"
"6a6e4dbd46feabf3642b25c7","69db27ee2b56cc0c1597fab5","Afaparf salone supreme mask","1"
"6a6e4dbd46feabf3642b25c7","69db28042b56cc0c1597fc7a","Alfapar 4NB","1"
"6a6e4dbd46feabf3642b25d3","69db280c2b56cc0c1597fd14","Alfapar 6.32","1"
"6a6e4dbd46feabf3642b25f0","69db280a2b56cc0c1597fcf1","Alfapar 6","1"
"6a6e4dbd46feabf3642b25f0","69db282f2b56cc0c1597fff8","Ampolletas Revive Cationica","1"
"6a6e4dbd46feabf3642b25f3","69db27d62b56cc0c1597f8ab","4x4 Maquina platino 10000 RPM","1"
"6a6e4dbd46feabf3642b25f3","69db28112b56cc0c1597fd6f","Alfapar 7.1","1"
"6a6e4dbd46feabf3642b25f3","69db27d02b56cc0c1597f82b","4X4 Combo pow 5 pz.","1"
"6a6e4dbd46feabf3642b25f3","69db27e22b56cc0c1597f9b2","Aceite De Hueso De Mamey Para Pestañas.","1"
"6a6e4dbd46feabf3642b25f8","69db28122b56cc0c1597fd8b","Alfapar 7.31","1"
"6a6e4dbd46feabf3642b25f8","69db28022b56cc0c1597fc57","Alfapar 4","1"
"6a6e4dbd46feabf3642b25f8","69db27d42b56cc0c1597f88f","4x4 Goma 280ml.","1"
"6a6e4dbd46feabf3642b25f8","69db282a2b56cc0c1597ff85","Alicate Lobo1330-00","1"
"6a6e4dbd46feabf3642b25fd","69db28292b56cc0c1597ff6f","Alicate Gc Medium","1"
"6a6e4dbd46feabf3642b25fd","69db27e52b56cc0c1597f9fa","Acetona quinta esmalte 98(60 ml)","1"
"6a6e4dbd46feabf3642b25fd","69db28312b56cc0c15980026","Andis slimline pro li","1"
"6a6e4dbd46feabf3642b25fd","69db27f32b56cc0c1597fb10","Alaska Bisturi AK-02-0019","1"
"6a6e4dbd46feabf3642b2609","69db281d2b56cc0c1597fe72","Alfapar 9.21","1"
"6a6e4dbd46feabf3642b2609","69db28102b56cc0c1597fd5a","Alfapar 6NI","1"
"6a6e4dbd46feabf3642b2609","69db27c92b56cc0c1597f7a0","4x4 minoxidil","1"
"6a6e4dbd46feabf3642b2609","69db28302b56cc0c1598000d","Ampolletas Revive Teñido","1"
"6a6e4dbd46feabf3642b260e","69db27eb2b56cc0c1597fa72","adhesivo libre de latex","1"
"6a6e4dbd46feabf3642b2613","69db27d32b56cc0c1597f86c","4x4 Gel 500g.","1"
"6a6e4dbd46feabf3642b2613","69db280f2b56cc0c1597fd4c","Alfapar 6.7","1"
"6a6e4dbd46feabf3642b261a","69db27d92b56cc0c1597f8f5","4x4 papel cuello negro 5 pz","1"
"6a6e4dbd46feabf3642b261a","69db27ed2b56cc0c1597fa99","Adhesivo Para Rulos frasquito chico blanco","1"
"6a6e4dbd46feabf3642b261a","69db27d22b56cc0c1597f865","4x4 gel afeitar 955kg. blanco","1"
"6a6e4dbd46feabf3642b261a","69db28032b56cc0c1597fc5e","Alfapar 4.32","1"
"6a6e4dbd46feabf3642b262a","69db28012b56cc0c1597fc34","Alfapar 11.20","1"
"6a6e4dbd46feabf3642b262a","69db27dc2b56cc0c1597f92d","4x4 Pomada Gris 200ml.","1"
"6a6e4dbd46feabf3642b262a","69db28302b56cc0c1598000d","Ampolletas Revive Teñido","1"
"6a6e4dbd46feabf3642b262a","69db280a2b56cc0c1597fce3","Alfapar 5NB","1"
"6a6e4dbd46feabf3642b2631","69db27ee2b56cc0c1597fab5","Afaparf salone supreme mask","1"
"6a6e4dbd46feabf3642b2631","69db27c82b56cc0c1597f790","4x4 Guantes nitrilo negros","1"
"6a6e4dbd46feabf3642b2631","69db28202b56cc0c1597feb4","Alfapar keratin therapy lisse acondicionador 250ml.","1"
"6a6e4dbd46feabf3642b2631","69db282b2b56cc0c1597ff97","Almoadillas de algodon","1"
"6a6e4dbd46feabf3642b2640","69db28262b56cc0c1597ff34","Alfaparf spray porificante 100ml.","1"
"6a6e4dbd46feabf3642b2640","69db27fa2b56cc0c1597fba8","Alfapar Semidelino nutritivo shampoo 250 ml.","1"
"6a6e4dbd46feabf3642b2640","69db27f72b56cc0c1597fb69","Alfaparf 7.24","1"
"6a6e4dbd46feabf3642b2640","69db282c2b56cc0c1597ffb6","Amor pinza pestañas","1"
"6a6e4dbd46feabf3642b2645","69db282b2b56cc0c1597ffad","Amor us sponge","1"
"6a6e4dbd46feabf3642b2649","69db28242b56cc0c1597ff0f","Alfapar salone shampoo 500ml.","1"
"6a6e4dbd46feabf3642b2651","69db282f2b56cc0c1597fff1","Ampolletas Revive Bifasica","1"
"6a6e4dbd46feabf3642b2651","69db27ee2b56cc0c1597faa7","Adhesivo Tubo oscuro J.D/10gramos","1"
"6a6e4dbd46feabf3642b2651","69db27fb2b56cc0c1597fbbd","Alfapar 000SSS","1"
"6a6e4dbd46feabf3642b2662","69db28182b56cc0c1597fe09","Alfapar 8.21","1"
"6a6e4dbd46feabf3642b2662","69db27d12b56cc0c1597f840","4X4 Cuchilla Normal","1"
"6a6e4dbd46feabf3642b2668","69db28252b56cc0c1597ff1d","Alfapar Semidelino shampoo 250ml.","1"
"6a6e4dbd46feabf3642b2668","69db27fd2b56cc0c1597fbe0","Alfapar 1","1"
"6a6e4dbd46feabf3642b2668","69db27e32b56cc0c1597f9c6","Aceite Para Cuticula Touche Frambuesa","1"
"6a6e4dbd46feabf3642b2668","69db282d2b56cc0c1597ffcd","Ampolletas Alfaparf Midollo di Bamboo (Blanco)","1"
"6a6e4dbd46feabf3642b2678","69db28212b56cc0c1597fec9","Alfapar Maschera Plex 150g.","1"
"6a6e4dbd46feabf3642b2678","69db28222b56cc0c1597fed7","Alfapar nutritivo Mask","1"
"6a6e4dbd46feabf3642b2680","69db28262b56cc0c1597ff34","Alfaparf spray porificante 100ml.","1"
"6a6e4dbd46feabf3642b2680","69db27e12b56cc0c1597f995","Aashta tijeras negro no. 7","1"
"6a6e4dbd46feabf3642b2683","69db27f02b56cc0c1597fad5","Aguja Peina Facil Grande 5pz.","1"
"6a6e4dbd46feabf3642b2683","69db28012b56cc0c1597fc2d","Alfapar 11.13","1"
"6a6e4dbd46feabf3642b2683","69db27eb2b56cc0c1597fa6b","adhesivo latex para rulos o pads liftin j denis","1"
"6a6e4dbd46feabf3642b2683","69db281d2b56cc0c1597fe79","Alfapar 9.3","1"
"6a6e4dbd46feabf3642b269b","69db28252b56cc0c1597ff1d","Alfapar Semidelino shampoo 250ml.","1"
"6a6e4dbd46feabf3642b269b","69db27d92b56cc0c1597f8f5","4x4 papel cuello negro 5 pz","1"
"6a6e4dbd46feabf3642b26a6","69db28262b56cc0c1597ff2b","Alfaparf Shampoo Plex 250g.","1"
"6a6e4dbd46feabf3642b26a6","69db28072b56cc0c1597fcab","Alfapar 5.35","1"
"6a6e4dbd46feabf3642b26a6","69db27d62b56cc0c1597f8ab","4x4 Maquina platino 10000 RPM","1"
"6a6e4dbd46feabf3642b26aa","69db27c92b56cc0c1597f7a0","4x4 minoxidil","1"
"6a6e4dbd46feabf3642b26b7","69db28262b56cc0c1597ff34","Alfaparf spray porificante 100ml.","1"
"6a6e4dbd46feabf3642b26b7","69db27e82b56cc0c1597fa34","Acrílicos De Colores Touche diamonds","1"
"6a6e4dbd46feabf3642b26ba","69db27c92b56cc0c1597f7a9","4X4 oferta combo barber de 5 pz.","1"
"6a6e4dbd46feabf3642b26ba","69db27ed2b56cc0c1597fa92","Adhesivo Para Pestañas Duo Transparente","1"
"6a6e4dbd46feabf3642b26ba","69db28302b56cc0c1598000d","Ampolletas Revive Teñido","1"
"6a6e4dbd46feabf3642b26ba","69db27e72b56cc0c1597fa1f","acrílico organic blanco (white)","1"
"6a6e4dbd46feabf3642b26c3","69db27cf2b56cc0c1597f81d","4x4 Cera Telaraña 100ml.","1"
"6a6e4dbd46feabf3642b26c5","69db27c82b56cc0c1597f790","4x4 Guantes nitrilo negros","1"
"6a6e4dbd46feabf3642b26c5","69db27f72b56cc0c1597fb69","Alfaparf 7.24","1"
"6a6e4dbd46feabf3642b26c5","69db28102b56cc0c1597fd68","Alfapar 7.01","1"
"6a6e4dbd46feabf3642b26c9","69db281a2b56cc0c1597fe2c","Alfapar 8.4","1"
"6a6e4dbd46feabf3642b26c9","69db28172b56cc0c1597fdfb","Alfapar 8.1","1"
"6a6e4dbd46feabf3642b26cc","69db28082b56cc0c1597fcb9","Alfapar 5.53","1"
"6a6e4dbd46feabf3642b26cc","69db280b2b56cc0c1597fd06","Alfapar 6.23","1"
"6a6e4dbd46feabf3642b26cc","69db280b2b56cc0c1597fcff","Alfapar 6.1","1"
"6a6e4dbd46feabf3642b2701","69db27ee2b56cc0c1597faae","Adhesivo Tubo Transparente J.D/10gramos","1"
"6a6e4dbd46feabf3642b270b","69db28142b56cc0c1597fdae","Alfapar 7.43","1"
"6a6e4dbd46feabf3642b2713","69db27f62b56cc0c1597fb62","alfapar Real Rigen mascar. dañado 500g.","1"
"6a6e4dbd46feabf3642b271d","69db27e22b56cc0c1597f9b2","Aceite De Hueso De Mamey Para Pestañas.","1"
"6a6e4dbd46feabf3642b271d","69db280e2b56cc0c1597fd30","Alfapar 6.5","1"
"6a6e4dbd46feabf3642b272c","69db27d72b56cc0c1597f8c0","4x4 Mascarilla Capilar Open Secret","1"
"6a6e4dbd46feabf3642b272c","69db27f32b56cc0c1597fb10","Alaska Bisturi AK-02-0019","1"
"6a6e4dbd46feabf3642b272c","69db27da2b56cc0c1597f8fc","4x4 Pasta Dorada 100g.","1"
"6a6e4dbd46feabf3642b2730","69db282b2b56cc0c1597ff97","Almoadillas de algodon","1"
"6a6e4dbd46feabf3642b2730","69db28302b56cc0c15980014","Amura depilacion definitiva","1"
"6a6e4dbd46feabf3642b2730","69db280a2b56cc0c1597fce3","Alfapar 5NB","1"
"6a6e4dbd46feabf3642b2737","69db280c2b56cc0c1597fd0d","Alfapar 6.3","1"
"6a6e4dbd46feabf3642b2737","69db28152b56cc0c1597fdd1","Alfapar 7.66I","1"
"6a6e4dbd46feabf3642b2737","69db27fe2b56cc0c1597fbf5","Alfapar 10.1","1"
"6a6e4dbd46feabf3642b273b","69db27e32b56cc0c1597f9c6","Aceite Para Cuticula Touche Frambuesa","1"
"6a6e4dbd46feabf3642b2742","69db27e22b56cc0c1597f9b2","Aceite De Hueso De Mamey Para Pestañas.","1"
"6a6e4dbd46feabf3642b2742","69db28222b56cc0c1597fede","Alfapar Olio Plex 100ml","1"
"6a6e4dbd46feabf3642b2753","69db27cd2b56cc0c1597f7fa","4x4 Cera en Polvo Volumizador Amarillo","1"
"6a6e4dbd46feabf3642b2753","69db27cd2b56cc0c1597f7f3","4x4 Balsamo Negro Liquido","1"
"6a6e4dbd46feabf3642b2753","69db28282b56cc0c1597ff68","Alicate GC Large","1"
"6a6e4dbd46feabf3642b2757","69db27cd2b56cc0c1597f801","4x4 cera gel kg.","1"
"6a6e4dbd46feabf3642b2757","69db28312b56cc0c15980026","Andis slimline pro li","1"
"6a6e4dbd46feabf3642b2757","69db27ec2b56cc0c1597fa8b","Adhesivo Para Pestañas Duo Oscuro","1"
"6a6e4dbd46feabf3642b275b","69db27f82b56cc0c1597fb7e","Alfaparf 8.221","1"
"6a6e4dbd46feabf3642b275b","69db28022b56cc0c1597fc57","Alfapar 4","1"
"6a6e4dbd46feabf3642b275b","69db27fb2b56cc0c1597fbc4","Alfapar 01","1"
"6a6e4dbd46feabf3642b2766","69db27f02b56cc0c1597fae0","Alain silver tratamiento","1"
"6a6e4dbd46feabf3642b276d","69db27f22b56cc0c1597fb09","Alaska brocha barbero","1"
"6a6e4dbd46feabf3642b276d","69db27eb2b56cc0c1597fa6b","adhesivo latex para rulos o pads liftin j denis","1"
"6a6e4dbd46feabf3642b2775","69db27f72b56cc0c1597fb69","Alfaparf 7.24","1"
"6a6e4dbd46feabf3642b2775","69db27dd2b56cc0c1597f93b","4x4 shampoo matiz negro 300ml.","1"
"6a6e4dbd46feabf3642b2775","69db28302b56cc0c15980006","Ampolletas Revive Pre-Perm","1"
"6a6e4dbd46feabf3642b277c","69db27ed2b56cc0c1597faa0","adhesivo supreme j denis para pestañas mink","1"
"6a6e4dbd46feabf3642b277c","69db27fd2b56cc0c1597fbee","Alfapar 10","1"
"6a6e4dbd46feabf3642b277c","69db28172b56cc0c1597fdf4","Alfapar 8.01","1"
"6a6e4dbd46feabf3642b277c","69db28072b56cc0c1597fca4","Alfapar 5.32","1"
"6a6e4dbd46feabf3642b2788","69db27d52b56cc0c1597f8a4","4X4 Maquina inalambrica clipper heavy duty metalica G.","1"
"6a6e4dbd46feabf3642b2788","69db27cd2b56cc0c1597f7f3","4x4 Balsamo Negro Liquido","1"
"6a6e4dbd46feabf3642b2788","69db28192b56cc0c1597fe25","Alfapar 8.32","1"
"6a6e4dbd46feabf3642b2788","69db281a2b56cc0c1597fe33","Alfapar 8.43","1"
"6a6e4dbd46feabf3642b2796","69db28072b56cc0c1597fcb2","Alfapar 5.5","1"
"6a6e4dbd46feabf3642b2796","69db280b2b56cc0c1597fd06","Alfapar 6.23","1"
"6a6e4dbd46feabf3642b279d","69db27f72b56cc0c1597fb69","Alfaparf 7.24","1"
"6a6e4dbd46feabf3642b279d","69db27e42b56cc0c1597f9e5","Acetona Pura Chica (frasco hidra)","1"
"6a6e4dbd46feabf3642b279d","69db27fb2b56cc0c1597fbc4","Alfapar 01","1"
"6a6e4dbd46feabf3642b279d","69db27cc2b56cc0c1597f7ec","4x4 Balsamo Cubre Canas 100g.","1"
"6a6e4dbd46feabf3642b27a2","69db27cf2b56cc0c1597f81d","4x4 Cera Telaraña 100ml.","1"
"6a6e4dbd46feabf3642b27a2","69db27d32b56cc0c1597f86c","4x4 Gel 500g.","1"
"6a6e4dbd46feabf3642b27a2","69db28192b56cc0c1597fe1e","Alfapar 8.31","1"
"6a6e4dbd46feabf3642b27da","69db28262b56cc0c1597ff2b","Alfaparf Shampoo Plex 250g.","1"
"6a6e4dbd46feabf3642b27da","69db27d22b56cc0c1597f85e","4X4 Exfoliante facial","1"
"6a6e4dbd46feabf3642b27da","69db28002b56cc0c1597fc18","Alfapar 11.00","1"
"6a6e4dbd46feabf3642b27de","69db28032b56cc0c1597fc5e","Alfapar 4.32","1"
"6a6e4dbd46feabf3642b27de","69db27f72b56cc0c1597fb70","Alfaparf 10.342","1"
"6a6e4dbd46feabf3642b27de","69db27ca2b56cc0c1597f7b9","4x4 Pomada azul 100g","1"
"6a6e4dbd46feabf3642b27e6","69db28072b56cc0c1597fca4","Alfapar 5.32","1"
"6a6e4dbd46feabf3642b27ef","69db27ef2b56cc0c1597fac5","Agoja para rayos","1"
"6a6e4dbd46feabf3642b27ef","69db280f2b56cc0c1597fd53","Alfapar 6NB","1"
"6a6e4dbd46feabf3642b27ef","69db28192b56cc0c1597fe17","Alfapar 8.3","1"
"6a6e4dbd46feabf3642b27ef","69db27f62b56cc0c1597fb62","alfapar Real Rigen mascar. dañado 500g.","1"
"6a6e4dbd46feabf3642b2804","69db28072b56cc0c1597fca4","Alfapar 5.32","1"
"6a6e4dbd46feabf3642b2806","69db27e92b56cc0c1597fa3b","Acrylic sterilizador agrílico","1"
"6a6e4dbd46feabf3642b2806","69db27fd2b56cc0c1597fbe0","Alfapar 1","1"
"6a6e4dbd46feabf3642b2806","69db28032b56cc0c1597fc5e","Alfapar 4.32","1"
"6a6e4dbd46feabf3642b280f","69db280a2b56cc0c1597fcf1","Alfapar 6","1"
"6a6e4dbd46feabf3642b2811","69db27ec2b56cc0c1597fa8b","Adhesivo Para Pestañas Duo Oscuro","1"
"6a6e4dbd46feabf3642b2811","69db28242b56cc0c1597ff0f","Alfapar salone shampoo 500ml.","1"
"6a6e4dbd46feabf3642b2814","69db28092b56cc0c1597fcce","Alfapar 5.65","1"
"6a6e4dbd46feabf3642b2814","69db281e2b56cc0c1597fe83","Alfapar 9.31","1"
"6a6e4dbd46feabf3642b2825","69db28302b56cc0c15980014","Amura depilacion definitiva","1"
"6a6e4dbd46feabf3642b2825","69db27e82b56cc0c1597fa2d","Acrílico Eteri Organic","1"
"6a6e4dbd46feabf3642b2825","69db28002b56cc0c1597fc18","Alfapar 11.00","1"
"6a6e4dbd46feabf3642b2825","69db28102b56cc0c1597fd68","Alfapar 7.01","1"
"6a6e4dbd46feabf3642b282a","69db282e2b56cc0c1597ffdb","Ampolletas Alfaparf Semi Di Lino Shine Lotion (Lila)","1"
"6a6e4dbd46feabf3642b282a","69db28032b56cc0c1597fc5e","Alfapar 4.32","1"
"6a6e4dbd46feabf3642b282a","69db27d92b56cc0c1597f8ee","4x4 papel cuello negro un rollo","1"
"6a6e4dbd46feabf3642b282a","69db28022b56cc0c1597fc57","Alfapar 4","1"
"6a6e4dbd46feabf3642b282f","69db27f92b56cc0c1597fb9a","Alfapar mask 200ml.","1"
"6a6e4dbd46feabf3642b282f","69db27dd2b56cc0c1597f949","4x4 shampoo cbd minoxidi 500ml.","1"
"6a6e4dbd46feabf3642b2843","69db28062b56cc0c1597fc8f","Alfapar 5.1","1"
"6a6e4dbd46feabf3642b2843","69db27f32b56cc0c1597fb17","Alaska Saca Comedones","1"
"6a6e4dbd46feabf3642b2846","69db27c82b56cc0c1597f790","4x4 Guantes nitrilo negros","1"
"6a6e4dbd46feabf3642b2846","69db282b2b56cc0c1597ffa2","Aluminio Profesional Mopi","1"
"6a6e4dbd46feabf3642b284b","69db28162b56cc0c1597fdd8","Alfapar 7000","1"
"6a6e4dbd46feabf3642b284b","69db281e2b56cc0c1597fe91","Alfapar 9NI","1"
"6a6e4dbd46feabf3642b284b","69db280c2b56cc0c1597fd0d","Alfapar 6.3","1"
"6a6e4dbd46feabf3642b284b","69db280e2b56cc0c1597fd30","Alfapar 6.5","1"
"6a6e4dbd46feabf3642b2868","69db280a2b56cc0c1597fcf1","Alfapar 6","1"
"6a6e4dbd46feabf3642b2868","69db27e62b56cc0c1597fa01","Acetona Touche 225ml.","1"
"6a6e4dbd46feabf3642b2868","69db281e2b56cc0c1597fe91","Alfapar 9NI","1"
"6a6e4dbd46feabf3642b286c","69db27d42b56cc0c1597f88f","4x4 Goma 280ml.","1"
"6a6e4dbd46feabf3642b286e","69db27eb2b56cc0c1597fa6b","adhesivo latex para rulos o pads liftin j denis","1"
"6a6e4dbd46feabf3642b286e","69db27fe2b56cc0c1597fbfc","Alfapar 10.21","1"
"6a6e4dbd46feabf3642b2871","69db282c2b56cc0c1597ffb6","Amor pinza pestañas","1"
"6a6e4dbd46feabf3642b2871","69db282b2b56cc0c1597ffa2","Aluminio Profesional Mopi","1"
"6a6e4dbd46feabf3642b2876","69db27f62b56cc0c1597fb62","alfapar Real Rigen mascar. dañado 500g.","1"
"6a6e4dbd46feabf3642b2876","69db28072b56cc0c1597fca4","Alfapar 5.32","1"
"6a6e4dbd46feabf3642b287c","69db27da2b56cc0c1597f8fc","4x4 Pasta Dorada 100g.","1"
"6a6e4dbd46feabf3642b287c","69db28002b56cc0c1597fc26","Alfapar 11.11","1"
"6a6e4dbd46feabf3642b287c","69db27eb2b56cc0c1597fa72","adhesivo libre de latex","1"
"6a6e4dbd46feabf3642b288b","69db27e52b56cc0c1597f9ec","Acetona Pura Mediana arys","1"
"6a6e4dbd46feabf3642b28a6","69db28122b56cc0c1597fd84","Alfapar 7.3","1"
"6a6e4dbd46feabf3642b28a6","69db28042b56cc0c1597fc81","Alfapar 4NI","1"
"6a6e4dbd46feabf3642b28a6","69db282f2b56cc0c1597fff8","Ampolletas Revive Cationica","1"
"6a6e4dbd46feabf3642b28b4","69db28192b56cc0c1597fe1e","Alfapar 8.31","1"
"6a6e4dbd46feabf3642b28bd","69db28252b56cc0c1597ff24","Alfaparf shampoo cabello dañado 1 L.","1"
"6a6e4dbd46feabf3642b28bf","69db28172b56cc0c1597fdf4","Alfapar 8.01","1"
"6a6e4dbd46feabf3642b28bf","69db28242b56cc0c1597ff0f","Alfapar salone shampoo 500ml.","1"
"6a6e4dbd46feabf3642b28c8","69db27cf2b56cc0c1597f81d","4x4 Cera Telaraña 100ml.","1"
"6a6e4dbd46feabf3642b28c8","69db282b2b56cc0c1597ffad","Amor us sponge","1"
"6a6e4dbd46feabf3642b28c8","69db27fd2b56cc0c1597fbee","Alfapar 10","1"
"6a6e4dbd46feabf3642b28c8","69db27d62b56cc0c1597f8b9","4X4 Maquina Platinum Trimmer","1"
"6a6e4dbd46feabf3642b28cd","69db28222b56cc0c1597fed7","Alfapar nutritivo Mask","1"
"6a6e4dbd46feabf3642b28cd","69db27de2b56cc0c1597f95e","4x4 Talco Invencible","1"
"6a6e4dbd46feabf3642b28d0","69db27de2b56cc0c1597f957","4x4 spray","1"
"6a6e4dbd46feabf3642b28d0","69db27dd2b56cc0c1597f949","4x4 shampoo cbd minoxidi 500ml.","1"
"6a6e4dbd46feabf3642b28d0","69db27e82b56cc0c1597fa26","Acrílico Zodiaco","1"
"6a6e4dbd46feabf3642b28d4","69db280c2b56cc0c1597fd14","Alfapar 6.32","1"
"6a6e4dbd46feabf3642b28d4","69db28162b56cc0c1597fdd8","Alfapar 7000","1"
"6a6e4dbd46feabf3642b28d4","69db27e02b56cc0c1597f979","aashta kit 2 pz.","1"
"6a6e4dbd46feabf3642b28d8","69db28032b56cc0c1597fc6c","Alfapar 4.65","1"
"6a6e4dbd46feabf3642b28da","69db27df2b56cc0c1597f970","Aashta clip metalico o sojetador","1"
"6a6e4dbd46feabf3642b28e1","69db27cf2b56cc0c1597f824","4X4 Combo Maquina platinum Clipper/Trimmer","1"
"6a6e4dbd46feabf3642b28e1","69db27ce2b56cc0c1597f80f","4x4 Cera Rosa 100ml.","1"
"6a6e4dbd46feabf3642b28e1","69db28292b56cc0c1597ff7a","Alicate Katya 1162-07","1"
"6a6e4dbd46feabf3642b28e1","69db27d12b56cc0c1597f84e","4x4 Desinfectante Antibacterial 250ml.","1"
"6a6e4dbd46feabf3642b28e8","69db27f12b56cc0c1597faf7","Alain silver shampoo","1"
"6a6e4dbd46feabf3642b28e8","69db27d22b56cc0c1597f865","4x4 gel afeitar 955kg. blanco","1"
"6a6e4dbd46feabf3642b28e8","69db27c92b56cc0c1597f799","4x4 maquina inalambrico plastico G oferta de 4 pz.","1"
"6a6e4dbd46feabf3642b28e8","69db27ea2b56cc0c1597fa64","Adhesivo J.Denis Transparente con keratina","1"
"6a6e4dbd46feabf3642b28f0","69db27ee2b56cc0c1597faae","Adhesivo Tubo Transparente J.D/10gramos","1"
"6a6e4dbd46feabf3642b28f0","69db27cc2b56cc0c1597f7e3","4x4 Aftershave Rojo 400ml.","1"
"6a6e4dbd46feabf3642b28f0","69db27f62b56cc0c1597fb62","alfapar Real Rigen mascar. dañado 500g.","1"
"6a6e4dbd46feabf3642b28f0","69db282f2b56cc0c1597ffff","Ampolletas Revive Fortificante","1"
"6a6e4dbd46feabf3642b28f7","69db282c2b56cc0c1597ffb6","Amor pinza pestañas","1"
"6a6e4dbd46feabf3642b28f7","69db28222b56cc0c1597fed7","Alfapar nutritivo Mask","1"
"6a6e4dbd46feabf3642b28f7","69db281c2b56cc0c1597fe64","Alfapar 9.13","1"
"6a6e4dbd46feabf3642b28fb","69db27d42b56cc0c1597f88f","4x4 Goma 280ml.","1"
"6a6e4dbd46feabf3642b28fd","69db27f62b56cc0c1597fb52","Alfapaf 6.56","1"
"6a6e4dbd46feabf3642b28fd","69db280a2b56cc0c1597fcea","Alfapar 5NI","1"
"6a6e4dbd46feabf3642b2902","69db27d32b56cc0c1597f873","4x4 gel afeitar 955kg azul","1"
"6a6e4dbd46feabf3642b2902","69db27d12b56cc0c1597f840","4X4 Cuchilla Normal","1"
"6a6e4dbd46feabf3642b2902","69db27d52b56cc0c1597f89d","4x4 maquina de corte trimmer inalambrico metalica","1"
"6a6e4dbd46feabf3642b2906","69db27f72b56cc0c1597fb69","Alfaparf 7.24","1"
"6a6e4dbd46feabf3642b2906","69db28222b56cc0c1597fed7","Alfapar nutritivo Mask","1"
"6a6e4dbd46feabf3642b2906","69db27ec2b56cc0c1597fa80","adhesivo para pads color blanco  trasparente j denis","1"
"6a6e4dbd46feabf3642b2917","69db28032b56cc0c1597fc5e","Alfapar 4.32","1"
"6a6e4dbd46feabf3642b2919","69db27db2b56cc0c1597f918","4x4 Pomada Extrafirme Verde 100g.","1"
"6a6e4dbd46feabf3642b2919","69db27d72b56cc0c1597f8c9","4x4 matizante violeta","1"
"6a6e4dbd46feabf3642b2919","69db27d22b56cc0c1597f855","4x4 Enfriador de Maquinas 400g.","1"
"6a6e4dbd46feabf3642b2921","69db27f82b56cc0c1597fb85","Alfapar 8.34","1"
"6a6e4dbd46feabf3642b2921","69db27e42b56cc0c1597f9dc","acetona pura arys grande","1"
"6a6e4dbd46feabf3642b2921","69db27eb2b56cc0c1597fa72","adhesivo libre de latex","1"
"6a6e4dbd46feabf3642b2921","69db27d02b56cc0c1597f832","4x4 Cuchilla Platino trimer DLC","1"
"6a6e4dbd46feabf3642b2929","69db28102b56cc0c1597fd68","Alfapar 7.01","1"
"6a6e4dbd46feabf3642b2936","69db28012b56cc0c1597fc2d","Alfapar 11.13","1"
"6a6e4dbd46feabf3642b2936","69db280c2b56cc0c1597fd1b","Alfapar 6.35","1"
"6a6e4dbd46feabf3642b2936","69db27e22b56cc0c1597f9b2","Aceite De Hueso De Mamey Para Pestañas.","1"
"6a6e4dbd46feabf3642b293a","69db28312b56cc0c1598001f","Andis","1"
"6a6e4dbd46feabf3642b293a","69db27da2b56cc0c1597f903","4x4 Pasta Dorada 200g.","1"
"6a6e4dbd46feabf3642b293a","69db27e42b56cc0c1597f9d1","ACETONA ORGANIC 120 ML","1"
"6a6e4dbd46feabf3642b293e","69db27ed2b56cc0c1597fa99","Adhesivo Para Rulos frasquito chico blanco","1"
"6a6e4dbd46feabf3642b293e","69db27f32b56cc0c1597fb10","Alaska Bisturi AK-02-0019","1"
"6a6e4dbd46feabf3642b2941","69db27f42b56cc0c1597fb30","Alexander Style Tijera 7.5","1"
"6a6e4dbd46feabf3642b2941","69db27e12b56cc0c1597f98e","Aashta Tijera Cocodrilo","1"
"6a6e4dbd46feabf3642b2941","69db28022b56cc0c1597fc57","Alfapar 4","1"
"6a6e4dbd46feabf3642b2941","69db27cd2b56cc0c1597f7f3","4x4 Balsamo Negro Liquido","1"
"6a6e4dbd46feabf3642b2946","69db28092b56cc0c1597fcdc","Alfapar 5.7","1"
"6a6e4dbd46feabf3642b2946","69db28032b56cc0c1597fc65","Alfapar 4.52","1"
"6a6e4dbd46feabf3642b2946","69db28232b56cc0c1597fef3","Alfapar Oxido 30 vol. 1000ml.","1"
"6a6e4dbd46feabf3642b294a","69db28262b56cc0c1597ff3d","Algodón Alby","1"
"6a6e4dbd46feabf3642b294a","69db281f2b56cc0c1597fe9f","Alfapar benvoleo olio nutritivo 100ml.","1"
"6a6e4dbd46feabf3642b294a","69db27e22b56cc0c1597f9b2","Aceite De Hueso De Mamey Para Pestañas.","1"
"6a6e4dbd46feabf3642b294a","69db27c92b56cc0c1597f7a0","4x4 minoxidil","1"
"6a6e4dbd46feabf3642b294f","69db27cd2b56cc0c1597f7f3","4x4 Balsamo Negro Liquido","1"
"6a6e4dbd46feabf3642b294f","69db28082b56cc0c1597fcb9","Alfapar 5.53","1"
"6a6e4dbd46feabf3642b294f","69db281f2b56cc0c1597fe98","Alfapar ampoll. anti caida","1"
"6a6e4dbd46feabf3642b295a","69db27e42b56cc0c1597f9d1","ACETONA ORGANIC 120 ML","1"
"6a6e4dbd46feabf3642b295a","69db282b2b56cc0c1597ffa2","Aluminio Profesional Mopi","1"
"6a6e4dbd46feabf3642b295a","69db27e22b56cc0c1597f9a7","Ablandador De Canas Waving","1"
"6a6e4dbd46feabf3642b2964","69db28052b56cc0c1597fc88","Alfapar 5","1"
"6a6e4dbd46feabf3642b2964","69db27e12b56cc0c1597f98e","Aashta Tijera Cocodrilo","1"
"6a6e4dbd46feabf3642b297b","69db27d92b56cc0c1597f8f5","4x4 papel cuello negro 5 pz","1"
"6a6e4dbd46feabf3642b2983","69db27f32b56cc0c1597fb10","Alaska Bisturi AK-02-0019","1"
"6a6e4dbd46feabf3642b2983","69db27e22b56cc0c1597f9a7","Ablandador De Canas Waving","1"
"6a6e4dbd46feabf3642b2983","69db28312b56cc0c15980026","Andis slimline pro li","1"
"6a6e4dbd46feabf3642b2987","69db27f52b56cc0c1597fb49","Alfa sobres de 30 pz","1"
"6a6e4dbd46feabf3642b2987","69db27f92b56cc0c1597fb9a","Alfapar mask 200ml.","1"
"6a6e4dbd46feabf3642b2987","69db27f92b56cc0c1597fba1","Alfapar rigen shampoo 250 ml.","1"
"6a6e4dbd46feabf3642b298b","69db27e32b56cc0c1597f9c6","Aceite Para Cuticula Touche Frambuesa","1"
"6a6e4dbd46feabf3642b298d","69db27e72b56cc0c1597fa11","Acondicionador Diamante 250ml.","1"
"6a6e4dbd46feabf3642b2994","69db28172b56cc0c1597fded","Alfapar 8","1"
"6a6e4dbd46feabf3642b299a","69db27dc2b56cc0c1597f934","4x4 Pomada Roja 200g","1"
"6a6e4dbd46feabf3642b299a","69db27d22b56cc0c1597f855","4x4 Enfriador de Maquinas 400g.","1"
"6a6e4dbd46feabf3642b299a","69db27d92b56cc0c1597f8e7","4x4 papel cuello blanco rollo","1"
"6a6e4dbd46feabf3642b29a2","69db28022b56cc0c1597fc49","Alfapar 2","1"
"6a6e4dbd46feabf3642b29a2","69db27c82b56cc0c1597f787","4X4 Gel para afeitar menta 1kg","1"
"6a6e4dbd46feabf3642b29a2","69db280c2b56cc0c1597fd1b","Alfapar 6.35","1"
"6a6e4dbd46feabf3642b29a2","69db27e32b56cc0c1597f9bb","Aceite Fortalezador Argan/Mamey","1"
"6a6e4dbd46feabf3642b29a7","69db27ed2b56cc0c1597faa0","adhesivo supreme j denis para pestañas mink","1"
"6a6e4dbd46feabf3642b29a9","69db27db2b56cc0c1597f91f","4x4 Pomada Extrafirme Verde 200g.","1"
"6a6e4dbd46feabf3642b29c0","69db27d62b56cc0c1597f8b2","4X4 Maquina Platinum Clipper","1"
"6a6e4dbd46feabf3642b29c0","69db282d2b56cc0c1597ffd4","Ampolletas Alfaparf Semi Di Lino Essential Oil (Azul)","1"
"6a6e4dbd46feabf3642b29c0","69db282b2b56cc0c1597ffad","Amor us sponge","1"
"6a6e4dbd46feabf3642b29c0","69db27ee2b56cc0c1597faae","Adhesivo Tubo Transparente J.D/10gramos","1"
"6a6e4dbd46feabf3642b29c8","69db27ee2b56cc0c1597fab5","Afaparf salone supreme mask","1"
"6a6e4dbd46feabf3642b29c8","69db28242b56cc0c1597ff08","Alfapar Real Rigen k.","1"
"6a6e4dbd46feabf3642b29c8","69db28242b56cc0c1597ff0f","Alfapar salone shampoo 500ml.","1"
"6a6e4dbd46feabf3642b29cc","69db27f62b56cc0c1597fb5b","Alfapar benvoleo shampoo seco sin gas 150 g","1"
"6a6e4dbd46feabf3642b29e0","69db28132b56cc0c1597fda0","Alfapar 7.35","1"
"6a6e4dbd46feabf3642b29e2","69db27e42b56cc0c1597f9dc","acetona pura arys grande","1"
"6a6e4dbd46feabf3642b29e2","69db27ec2b56cc0c1597fa8b","Adhesivo Para Pestañas Duo Oscuro","1"
"6a6e4dbd46feabf3642b29e2","69db27e62b56cc0c1597fa01","Acetona Touche 225ml.","1"
"6a6e4dbd46feabf3642b29e6","69db28192b56cc0c1597fe1e","Alfapar 8.31","1"
"6a6e4dbd46feabf3642b29e8","69db280f2b56cc0c1597fd53","Alfapar 6NB","1"
"6a6e4dbd46feabf3642b2a1a","69db27d62b56cc0c1597f8ab","4x4 Maquina platino 10000 RPM","1"
"6a6e4dbd46feabf3642b2a1a","69db280f2b56cc0c1597fd45","Alfapar 6.66I","1"
"6a6e4dbd46feabf3642b2a1a","69db27d92b56cc0c1597f8ee","4x4 papel cuello negro un rollo","1"
"6a6e4dbd46feabf3642b2a44","69db27c92b56cc0c1597f7a0","4x4 minoxidil","1"
"6a6e4dbd46feabf3642b2a52","69db27e12b56cc0c1597f99c","aashta tijeras ps817","1"
"6a6e4dbd46feabf3642b2a52","69db27ea2b56cc0c1597fa56","Adhesivo J.Denis Para Rulos/Pestañas.","1"
"6a6e4dbd46feabf3642b2a52","69db281a2b56cc0c1597fe2c","Alfapar 8.4","1"
"6a6e4dbd46feabf3642b2a52","69db27c82b56cc0c1597f790","4x4 Guantes nitrilo negros","1"
"6a6e4dbd46feabf3642b2a57","69db27dc2b56cc0c1597f934","4x4 Pomada Roja 200g","1"
"6a6e4dbd46feabf3642b2a57","69db27d62b56cc0c1597f8b9","4X4 Maquina Platinum Trimmer","1"
"6a6e4dbd46feabf3642b2a57","69db28202b56cc0c1597feb4","Alfapar keratin therapy lisse acondicionador 250ml.","1"
"6a6e4dbd46feabf3642b2a57","69db27f52b56cc0c1597fb49","Alfa sobres de 30 pz","1"
"6a6e4dbd46feabf3642b2a5e","69db28302b56cc0c15980014","Amura depilacion definitiva","1"
"6a6e4dbd46feabf3642b2a65","69db28272b56cc0c1597ff44","Alicate Alaska Manicure","1"
"6a6e4dbd46feabf3642b2a65","69db27e02b56cc0c1597f979","aashta kit 2 pz.","1"
"6a6e4dbd46feabf3642b2a65","69db282b2b56cc0c1597ffa2","Aluminio Profesional Mopi","1"
"6a6e4dbd46feabf3642b2a65","69db27ee2b56cc0c1597faae","Adhesivo Tubo Transparente J.D/10gramos","1"
"6a6e4dbd46feabf3642b2a6a","69db28192b56cc0c1597fe25","Alfapar 8.32","1"
"6a6e4dbd46feabf3642b2a6a","69db27d02b56cc0c1597f82b","4X4 Combo pow 5 pz.","1"
"6a6e4dbd46feabf3642b2a6d","69db28032b56cc0c1597fc65","Alfapar 4.52","1"
"6a6e4dbd46feabf3642b2a6d","69db27e72b56cc0c1597fa18","acrílico cristal organic 50 gramos 1.76 oz","1"
"6a6e4dbd46feabf3642b2a6d","69db27fd2b56cc0c1597fbee","Alfapar 10","1"
"6a6e4dbd46feabf3642b2a71","69db280b2b56cc0c1597fcf8","Alfapar 6.01","1"
"6a6e4dbd46feabf3642b2a71","69db27ca2b56cc0c1597f7b9","4x4 Pomada azul 100g","1"
"6a6e4dbd46feabf3642b2a71","69db281b2b56cc0c1597fe4f","Alfapar 9","1"
"6a6e4dbd46feabf3642b2a7e","69db28192b56cc0c1597fe17","Alfapar 8.3","1"
"6a6e4dbd46feabf3642b2a7e","69db27d52b56cc0c1597f896","4x4 guantes vinil nitrilo","1"
"6a6e4dbd46feabf3642b2a83","69db28002b56cc0c1597fc1f","Alfapar 11.10","1"
"6a6e4dbd46feabf3642b2a90","69db27f42b56cc0c1597fb30","Alexander Style Tijera 7.5","1"
"6a6e4dbd46feabf3642b2a96","69db281a2b56cc0c1597fe3a","Alfapar 8.66I","1"
"6a6e4dbd46feabf3642b2a96","69db282b2b56cc0c1597ff97","Almoadillas de algodon","1"
"6a6e4dbd46feabf3642b2a9b","69db27d62b56cc0c1597f8ab","4x4 Maquina platino 10000 RPM","1"
"6a6e4dbd46feabf3642b2aab","69db27cd2b56cc0c1597f7f3","4x4 Balsamo Negro Liquido","1"
"6a6e4dbd46feabf3642b2ab6","69db280e2b56cc0c1597fd3e","Alfapar 6.6","1"
"6a6e4dbd46feabf3642b2aba","69db28112b56cc0c1597fd76","Alfapar 7.13","1"
"6a6e4dbd46feabf3642b2aba","69db28232b56cc0c1597feec","Alfapar Oxido 20vol. 1000ml.","1"
"6a6e4dbd46feabf3642b2aba","69db27d12b56cc0c1597f840","4X4 Cuchilla Normal","1"
"6a6e4dbd46feabf3642b2aba","69db280e2b56cc0c1597fd37","Alfapar 6.53","1"
"6a6e4dbd46feabf3642b2ac6","69db27eb2b56cc0c1597fa79","adhesivo para pads color blanco tapa dorada j denis","1"
"6a6e4dbd46feabf3642b2ac6","69db28282b56cc0c1597ff68","Alicate GC Large","1"
"6a6e4dbd46feabf3642b2ace","69db281b2b56cc0c1597fe4f","Alfapar 9","1"
"6a6e4dbd46feabf3642b2ace","69db27e52b56cc0c1597f9ec","Acetona Pura Mediana arys","1"
"6a6e4dbd46feabf3642b2ace","69db27f82b56cc0c1597fb8c","Alfapar 9.423","1"
"6a6e4dbd46feabf3642b2ace","69db27d62b56cc0c1597f8b9","4X4 Maquina Platinum Trimmer","1"
"6a6e4dbd46feabf3642b2adc","69db28272b56cc0c1597ff4b","Alicate Alaska Pedicure","1"
"6a6e4dbd46feabf3642b2adc","69db27ce2b56cc0c1597f808","4x4 Cera Gel 280g.","1"
"6a6e4dbd46feabf3642b2adc","69db27cc2b56cc0c1597f7e3","4x4 Aftershave Rojo 400ml.","1"
"6a6e4dbd46feabf3642b2adc","69db27de2b56cc0c1597f95e","4x4 Talco Invencible","1"
"6a6e4dbd46feabf3642b2aec","69db27db2b56cc0c1597f91f","4x4 Pomada Extrafirme Verde 200g.","1"
"6a6e4dbd46feabf3642b2aec","69db281b2b56cc0c1597fe4f","Alfapar 9","1"
"6a6e4dbd46feabf3642b2aec","69db27f72b56cc0c1597fb77","Alfaparf 11.02","1"
"6a6e4dbd46feabf3642b2aff","69db27fa2b56cc0c1597fba8","Alfapar Semidelino nutritivo shampoo 250 ml.","1"
"6a6e4dbd46feabf3642b2b04","69db27e42b56cc0c1597f9d1","ACETONA ORGANIC 120 ML","1"
"6a6e4dbd46feabf3642b2b04","69db282a2b56cc0c1597ff85","Alicate Lobo1330-00","1"
"6a6e4dbd46feabf3642b2b04","69db280f2b56cc0c1597fd4c","Alfapar 6.7","1"
"6a6e4dbd46feabf3642b2b04","69db282b2b56cc0c1597ffa2","Aluminio Profesional Mopi","1"
"6a6e4dbd46feabf3642b2b26","69db28062b56cc0c1597fc96","Alfapar 5.22","1"
"6a6e4dbd46feabf3642b2b26","69db281a2b56cc0c1597fe3a","Alfapar 8.66I","1"
"6a6e4dbd46feabf3642b2b26","69db27e72b56cc0c1597fa1f","acrílico organic blanco (white)","1"
"6a6e4dbd46feabf3642b2b31","69db27cf2b56cc0c1597f824","4X4 Combo Maquina platinum Clipper/Trimmer","1"
"6a6e4dbd46feabf3642b2b31","69db282d2b56cc0c1597ffd4","Ampolletas Alfaparf Semi Di Lino Essential Oil (Azul)","1"
"6a6e4dbd46feabf3642b2b31","69db27ce2b56cc0c1597f808","4x4 Cera Gel 280g.","1"
"6a6e4dbd46feabf3642b2b31","69db28192b56cc0c1597fe1e","Alfapar 8.31","1"
"6a6e4dbd46feabf3642b2b4e","69db28282b56cc0c1597ff68","Alicate GC Large","1"
"6a6e4dbd46feabf3642b2b4e","69db27f72b56cc0c1597fb77","Alfaparf 11.02","1"
"6a6e4dbd46feabf3642b2b4e","69db28032b56cc0c1597fc65","Alfapar 4.52","1"
"6a6e4dbd46feabf3642b2b6e","69db27d02b56cc0c1597f832","4x4 Cuchilla Platino trimer DLC","1"
"6a6e4dbd46feabf3642b2b6e","69db27d42b56cc0c1597f881","4x4 Gel Para Afeitar Citrico 485ml.","1"
"6a6e4dbd46feabf3642b2b6e","69db27f92b56cc0c1597fb93","Alfapar keratin serum 125 ml","1"
"6a6e4dbd46feabf3642b2b80","69db27f82b56cc0c1597fb7e","Alfaparf 8.221","1"
"6a6e4dbd46feabf3642b2b80","69db282f2b56cc0c1597fff8","Ampolletas Revive Cationica","1"
"6a6e4dbd46feabf3642b2b80","69db28082b56cc0c1597fcb9","Alfapar 5.53","1"
"6a6e4dbd46feabf3642b2b80","69db282c2b56cc0c1597ffb6","Amor pinza pestañas","1"
"6a6e4dbd46feabf3642b2b85","69db27f42b56cc0c1597fb30","Alexander Style Tijera 7.5","1"
"6a6e4dbd46feabf3642b2b85","69db27ec2b56cc0c1597fa8b","Adhesivo Para Pestañas Duo Oscuro","1"
"6a6e4dbd46feabf3642b2b85","69db27e52b56cc0c1597f9fa","Acetona quinta esmalte 98(60 ml)","1"
"6a6e4dbd46feabf3642b2b85","69db27ce2b56cc0c1597f80f","4x4 Cera Rosa 100ml.","1"
"6a6e4dbd46feabf3642b2b90","69db27d82b56cc0c1597f8d2","4x4 navaja platinum","1"
"6a6e4dbd46feabf3642b2b92","69db27d62b56cc0c1597f8b9","4X4 Maquina Platinum Trimmer","1"
"6a6e4dbd46feabf3642b2b99","69db27d82b56cc0c1597f8d9","4x4 oferta cera pasta y pomada 3pz.","1"
"6a6e4dbd46feabf3642b2b99","69db27fd2b56cc0c1597fbe7","Alfapar 1.11","1"
"6a6e4dbd46feabf3642b2b99","69db27f72b56cc0c1597fb69","Alfaparf 7.24","1"
"6a6e4dbd46feabf3642b2ba1","69db27f82b56cc0c1597fb85","Alfapar 8.34","1"
"6a6e4dbd46feabf3642b2ba1","69db282e2b56cc0c1597ffdb","Ampolletas Alfaparf Semi Di Lino Shine Lotion (Lila)","1"
"6a6e4dbd46feabf3642b2ba1","69db27e52b56cc0c1597f9ec","Acetona Pura Mediana arys","1"
"6a6e4dbd46feabf3642b2ba1","69db28182b56cc0c1597fe10","Alfapar 8.23","1"
"6a6e4dbd46feabf3642b2bad","69db280c2b56cc0c1597fd1b","Alfapar 6.35","1"
"6a6e4dbd46feabf3642b2bad","69db27f62b56cc0c1597fb62","alfapar Real Rigen mascar. dañado 500g.","1"
"6a6e4dbd46feabf3642b2bad","69db282f2b56cc0c1597ffff","Ampolletas Revive Fortificante","1"
"6a6e4dbd46feabf3642b2bad","69db27db2b56cc0c1597f91f","4x4 Pomada Extrafirme Verde 200g.","1"
"6a6e4dbd46feabf3642b2bc1","69db27fb2b56cc0c1597fbbd","Alfapar 000SSS","1"
"6a6e4dbd46feabf3642b2bc1","69db28022b56cc0c1597fc49","Alfapar 2","1"
"6a6e4dbd46feabf3642b2bc1","69db27fc2b56cc0c1597fbd2","Alfapar 02","1"
"6a6e4dbd46feabf3642b2bca","69db280f2b56cc0c1597fd4c","Alfapar 6.7","1"
"6a6e4dbd46feabf3642b2bca","69db281a2b56cc0c1597fe33","Alfapar 8.43","1"
"6a6e4dbd46feabf3642b2bca","69db27e72b56cc0c1597fa1f","acrílico organic blanco (white)","1"
"6a6e4dbd46feabf3642b2bca","69db27ca2b56cc0c1597f7b9","4x4 Pomada azul 100g","1"
"6a6e4dbd46feabf3642b2bdc","69db27cc2b56cc0c1597f7e3","4x4 Aftershave Rojo 400ml.","1"
"6a6e4dbd46feabf3642b2bdc","69db27dc2b56cc0c1597f926","4x4 Pomada Gris 100ml.","1"
"6a6e4dbd46feabf3642b2bdc","69db27ec2b56cc0c1597fa80","adhesivo para pads color blanco  trasparente j denis","1"
"6a6e4dbd46feabf3642b2be0","69db280e2b56cc0c1597fd30","Alfapar 6.5","1"
"6a6e4dbd46feabf3642b2be5","69db28012b56cc0c1597fc2d","Alfapar 11.13","1"
"6a6e4dbd46feabf3642b2be5","69db28232b56cc0c1597feec","Alfapar Oxido 20vol. 1000ml.","1"
"6a6e4dbd46feabf3642b2be5","69db28072b56cc0c1597fca4","Alfapar 5.32","1"
"6a6e4dbd46feabf3642b2bed","69db27e82b56cc0c1597fa26","Acrílico Zodiaco","1"
"6a6e4dbd46feabf3642b2bef","69db27f02b56cc0c1597fae0","Alain silver tratamiento","1"
"6a6e4dbd46feabf3642b2bef","69db281e2b56cc0c1597fe8a","Alfapar 9NB","1"
"6a6e4dbd46feabf3642b2bef","69db28272b56cc0c1597ff52","Alicate Alaska Spa","1"
"6a6e4dbd46feabf3642b2bf9","69db280f2b56cc0c1597fd4c","Alfapar 6.7","1"
"6a6e4dbd46feabf3642b2bf9","69db27d92b56cc0c1597f8e7","4x4 papel cuello blanco rollo","1"
"6a6e4dbd46feabf3642b2bf9","69db27fe2b56cc0c1597fbf5","Alfapar 10.1","1"
"6a6e4dbd46feabf3642b2c01","69db27e02b56cc0c1597f987","aashta tijera ps154","1"
"6a6e4dbd46feabf3642b2c05","69db281a2b56cc0c1597fe3a","Alfapar 8.66I","1"
"6a6e4dbd46feabf3642b2c05","69db27df2b56cc0c1597f970","Aashta clip metalico o sojetador","1"
"6a6e4dbd46feabf3642b2c05","69db27db2b56cc0c1597f91f","4x4 Pomada Extrafirme Verde 200g.","1"
"6a6e4dbd46feabf3642b2c05","69db28222b56cc0c1597fede","Alfapar Olio Plex 100ml","1"
"6a6e4dbd46feabf3642b2c1c","69db27f82b56cc0c1597fb7e","Alfaparf 8.221","1"
"6a6e4dbd46feabf3642b2c1c","69db27fa2b56cc0c1597fbaf","Alfapar shampoo Rigen Dañado 250g.","1"
"6a6e4dbd46feabf3642b2c1f","69db27f02b56cc0c1597fad5","Aguja Peina Facil Grande 5pz.","1"
"6a6e4dbd46feabf3642b2c1f","69db27cf2b56cc0c1597f81d","4x4 Cera Telaraña 100ml.","1"
"6a6e4dbd46feabf3642b2c1f","69db28002b56cc0c1597fc26","Alfapar 11.11","1"
"6a6e4dbd46feabf3642b2c1f","69db28262b56cc0c1597ff34","Alfaparf spray porificante 100ml.","1"
"6a6e4dbd46feabf3642b2c26","69db27f62b56cc0c1597fb62","alfapar Real Rigen mascar. dañado 500g.","1"
"6a6e4dbd46feabf3642b2c2f","69db281f2b56cc0c1597fe9f","Alfapar benvoleo olio nutritivo 100ml.","1"
"6a6e4dbd46feabf3642b2c2f","69db27ca2b56cc0c1597f7b0","4x4 papel cuello blanco de 5 pz.","1"
"6a6e4dbd46feabf3642b2c2f","69db282a2b56cc0c1597ff90","Alkahzar agua de rosas","1"
"6a6e4dbd46feabf3642b2c2f","69db28232b56cc0c1597fef3","Alfapar Oxido 30 vol. 1000ml.","1"
"6a6e4dbd46feabf3642b2c3c","69db27e52b56cc0c1597f9fa","Acetona quinta esmalte 98(60 ml)","1"
"6a6e4dbd46feabf3642b2c3c","69db280f2b56cc0c1597fd4c","Alfapar 6.7","1"
"6a6e4dbd46feabf3642b2c3c","69db27d92b56cc0c1597f8e7","4x4 papel cuello blanco rollo","1"
"6a6e4dbd46feabf3642b2c3c","69db27df2b56cc0c1597f970","Aashta clip metalico o sojetador","1"
"6a6e4dbd46feabf3642b2c59","69db27cd2b56cc0c1597f801","4x4 cera gel kg.","1"
"6a6e4dbd46feabf3642b2c59","69db27ec2b56cc0c1597fa8b","Adhesivo Para Pestañas Duo Oscuro","1"
"6a6e4dbd46feabf3642b2c59","69db282f2b56cc0c1597ffff","Ampolletas Revive Fortificante","1"
"6a6e4dbd46feabf3642b2c59","69db28142b56cc0c1597fdb5","Alfapar 7.45","1"
"6a6e4dbd46feabf3642b2c60","69db281a2b56cc0c1597fe33","Alfapar 8.43","1"
"6a6e4dbd46feabf3642b2c62","69db28272b56cc0c1597ff52","Alicate Alaska Spa","1"
"6a6e4dbd46feabf3642b2c62","69db27f02b56cc0c1597fad5","Aguja Peina Facil Grande 5pz.","1"
"6a6e4dbd46feabf3642b2c62","69db27d52b56cc0c1597f896","4x4 guantes vinil nitrilo","1"
"6a6e4dbd46feabf3642b2c66","69db27eb2b56cc0c1597fa72","adhesivo libre de latex","1"
"6a6e4dbd46feabf3642b2c66","69db27da2b56cc0c1597f903","4x4 Pasta Dorada 200g.","1"
"6a6e4dbd46feabf3642b2c66","69db28232b56cc0c1597feec","Alfapar Oxido 20vol. 1000ml.","1"
"6a6e4dbd46feabf3642b2c66","69db28262b56cc0c1597ff34","Alfaparf spray porificante 100ml.","1"
"6a6e4dbd46feabf3642b2c74","69db27f22b56cc0c1597fafe","Alain silver 30ml.","1"
"6a6e4dbd46feabf3642b2c7a","69db27cd2b56cc0c1597f7f3","4x4 Balsamo Negro Liquido","1"
"6a6e4dbd46feabf3642b2c7a","69db27ea2b56cc0c1597fa5d","Adhesivo J.Denis Oscuro con keratina","1"
"6a6e4dbd46feabf3642b2c7d","69db281a2b56cc0c1597fe3a","Alfapar 8.66I","1"
"6a6e4dbd46feabf3642b2c82","69db28232b56cc0c1597feec","Alfapar Oxido 20vol. 1000ml.","1"
"6a6e4dbd46feabf3642b2c84","69db27ec2b56cc0c1597fa8b","Adhesivo Para Pestañas Duo Oscuro","1"
"6a6e4dbd46feabf3642b2c84","69db28022b56cc0c1597fc49","Alfapar 2","1"
"6a6e4dbd46feabf3642b2c84","69db28022b56cc0c1597fc50","Alfapar 3","1"
"6a6e4dbd46feabf3642b2c84","69db28262b56cc0c1597ff34","Alfaparf spray porificante 100ml.","1"
"6a6e4dbd46feabf3642b2c98","69db27d92b56cc0c1597f8f5","4x4 papel cuello negro 5 pz","1"
"6a6e4dbd46feabf3642b2c9e","69db281f2b56cc0c1597fea6","Alfapar Brocha y cio para tinte","1"
"6a6e4dbd46feabf3642b2cab","69db27f82b56cc0c1597fb7e","Alfaparf 8.221","1"
"6a6e4dbd46feabf3642b2cab","69db27d32b56cc0c1597f86c","4x4 Gel 500g.","1"
"6a6e4dbd46feabf3642b2cab","69db27c82b56cc0c1597f790","4x4 Guantes nitrilo negros","1"
"6a6e4dbd46feabf3642b2cab","69db281e2b56cc0c1597fe8a","Alfapar 9NB","1"
"6a6e4dbd46feabf3642b2cb0","69db28102b56cc0c1597fd61","Alfapar 7","1"
"6a6e4dbd46feabf3642b2cb0","69db28012b56cc0c1597fc34","Alfapar 11.20","1"
"6a6e4dbd46feabf3642b2cb0","69db27cc2b56cc0c1597f7e3","4x4 Aftershave Rojo 400ml.","1"
"6a6e4dbd46feabf3642b2cb0","69db28152b56cc0c1597fdc3","Alfapar 7.6","1"
"6a6e4dbd46feabf3642b2cb7","69db28142b56cc0c1597fdae","Alfapar 7.43","1"
"6a6e4dbd46feabf3642b2cc0","69db27e32b56cc0c1597f9bb","Aceite Fortalezador Argan/Mamey","1"
"6a6e4dbd46feabf3642b2cc0","69db280b2b56cc0c1597fcf8","Alfapar 6.01","1"
"6a6e4dbd46feabf3642b2cc0","69db27ce2b56cc0c1597f808","4x4 Cera Gel 280g.","1"
"6a6e4dbd46feabf3642b2cc0","69db28072b56cc0c1597fcab","Alfapar 5.35","1"
"6a6e4dbd46feabf3642b2cc7","69db28132b56cc0c1597fda0","Alfapar 7.35","1"
"6a6e4dbd46feabf3642b2cc7","69db28062b56cc0c1597fc96","Alfapar 5.22","1"
"6a6e4dbd46feabf3642b2cc7","69db27da2b56cc0c1597f8fc","4x4 Pasta Dorada 100g.","1"
"6a6e4dbd46feabf3642b2cc7","69db28132b56cc0c1597fd99","Alfapar 7.34","1"
"6a6e4dbd46feabf3642b2cd0","69db27d52b56cc0c1597f896","4x4 guantes vinil nitrilo","1"
"6a6e4dbd46feabf3642b2cd7","69db27f32b56cc0c1597fb1e","Alaska Tijera Manicure","1"
"6a6e4dbd46feabf3642b2cd9","69db281a2b56cc0c1597fe33","Alfapar 8.43","1"
"6a6e4dbd46feabf3642b2cd9","69db27fa2b56cc0c1597fba8","Alfapar Semidelino nutritivo shampoo 250 ml.","1"
"6a6e4dbd46feabf3642b2cd9","69db28202b56cc0c1597fead","Alfapar keratin mask","1"
"6a6e4dbd46feabf3642b2cdf","69db281a2b56cc0c1597fe2c","Alfapar 8.4","1"
"6a6e4dbd46feabf3642b2cdf","69db27d32b56cc0c1597f873","4x4 gel afeitar 955kg azul","1"
"6a6e4dbd46feabf3642b2cdf","69db27fc2b56cc0c1597fbd2","Alfapar 02","1"
"6a6e4dbd46feabf3642b2cdf","69db27fa2b56cc0c1597fbaf","Alfapar shampoo Rigen Dañado 250g.","1"
"6a6e4dbd46feabf3642b2ce4","69db28032b56cc0c1597fc5e","Alfapar 4.32","1"
"6a6e4dbd46feabf3642b2ce4","69db27e32b56cc0c1597f9bb","Aceite Fortalezador Argan/Mamey","1"
"6a6e4dbd46feabf3642b2ce4","69db27ff2b56cc0c1597fc03","Alfapar 10.3","1"
"6a6e4dbd46feabf3642b2ced","69db28132b56cc0c1597fda0","Alfapar 7.35","1"
"6a6e4dbd46feabf3642b2ced","69db27fe2b56cc0c1597fbfc","Alfapar 10.21","1"
"6a6e4dbd46feabf3642b2ced","69db27dc2b56cc0c1597f92d","4x4 Pomada Gris 200ml.","1"
"6a6e4dbd46feabf3642b2ced","69db27e02b56cc0c1597f980","aashta ps -807","1"
"6a6e4dbd46feabf3642b2cf2","69db28122b56cc0c1597fd84","Alfapar 7.3","1"
"6a6e4dbd46feabf3642b2cf7","69db28002b56cc0c1597fc1f","Alfapar 11.10","1"
"6a6e4dbd46feabf3642b2cf7","69db28272b56cc0c1597ff44","Alicate Alaska Manicure","1"
"6a6e4dbd46feabf3642b2cf7","69db28032b56cc0c1597fc5e","Alfapar 4.32","1"
"6a6e4dbd46feabf3642b2cf7","69db27de2b56cc0c1597f95e","4x4 Talco Invencible","1"
"6a6e4dbd46feabf3642b2d13","69db28032b56cc0c1597fc5e","Alfapar 4.32","1"
"6a6e4dbd46feabf3642b2d13","69db27f82b56cc0c1597fb7e","Alfaparf 8.221","1"
"6a6e4dbd46feabf3642b2d13","69db27ca2b56cc0c1597f7c0","4x4 Aceite Para Cortadoras 118ml.","1"
"6a6e4dbd46feabf3642b2d17","69db27e02b56cc0c1597f980","aashta ps -807","1"
"6a6e4dbd46feabf3642b2d17","69db281a2b56cc0c1597fe2c","Alfapar 8.4","1"
"6a6e4dbd46feabf3642b2d1a","69db27f02b56cc0c1597fae0","Alain silver tratamiento","1"
"6a6e4dbd46feabf3642b2d1a","69db280d2b56cc0c1597fd29","Alfapar 6.45","1"
"6a6e4dbd46feabf3642b2d1a","69db28162b56cc0c1597fdd8","Alfapar 7000","1"
"6a6e4dbd46feabf3642b2d1a","69db28232b56cc0c1597fefa","Alfapar Oxido 40 vol. 1000ml.","1"
"6a6e4dbd46feabf3642b2d24","69db27ec2b56cc0c1597fa8b","Adhesivo Para Pestañas Duo Oscuro","1"
"6a6e4dbd46feabf3642b2d24","69db27ea2b56cc0c1597fa5d","Adhesivo J.Denis Oscuro con keratina","1"
"6a6e4dbd46feabf3642b2d24","69db28312b56cc0c1598001f","Andis","1"
"6a6e4dbd46feabf3642b2d3c","69db27d62b56cc0c1597f8ab","4x4 Maquina platino 10000 RPM","1"
"6a6e4dbd46feabf3642b2d3c","69db27c92b56cc0c1597f7a9","4X4 oferta combo barber de 5 pz.","1"
"6a6e4dbd46feabf3642b2d3f","69db27ca2b56cc0c1597f7b9","4x4 Pomada azul 100g","1"
"6a6e4dbd46feabf3642b2d3f","69db280f2b56cc0c1597fd53","Alfapar 6NB","1"
"6a6e4dbd46feabf3642b2d3f","69db28232b56cc0c1597fef3","Alfapar Oxido 30 vol. 1000ml.","1"
"6a6e4dbd46feabf3642b2d3f","69db28062b56cc0c1597fc8f","Alfapar 5.1","1"
"6a6e4dbd46feabf3642b2d4a","69db27f82b56cc0c1597fb8c","Alfapar 9.423","1"
"6a6e4dbd46feabf3642b2d4a","69db27dc2b56cc0c1597f92d","4x4 Pomada Gris 200ml.","1"
"6a6e4dbd46feabf3642b2d4a","69db27f92b56cc0c1597fba1","Alfapar rigen shampoo 250 ml.","1"
"6a6e4dbd46feabf3642b2d4a","69db28292b56cc0c1597ff6f","Alicate Gc Medium","1"
"6a6e4dbd46feabf3642b2d63","69db27e22b56cc0c1597f9a7","Ablandador De Canas Waving","1"
"6a6e4dbd46feabf3642b2d63","69db27fa2b56cc0c1597fba8","Alfapar Semidelino nutritivo shampoo 250 ml.","1"
"6a6e4dbd46feabf3642b2d63","69db28272b56cc0c1597ff4b","Alicate Alaska Pedicure","1"
"6a6e4dbd46feabf3642b2d67","69db28142b56cc0c1597fdae","Alfapar 7.43","1"
"6a6e4dbd46feabf3642b2d67","69db27ed2b56cc0c1597fa99","Adhesivo Para Rulos frasquito chico blanco","1"
"6a6e4dbd46feabf3642b2d67","69db27eb2b56cc0c1597fa72","adhesivo libre de latex","1"
"6a6e4dbd46feabf3642b2d67","69db27f82b56cc0c1597fb8c","Alfapar 9.423","1"
"6a6e4dbd46feabf3642b2d71","69db28292b56cc0c1597ff6f","Alicate Gc Medium","1"
"6a6e4dbd46feabf3642b2d71","69db28172b56cc0c1597fdfb","Alfapar 8.1","1"
"6a6e4dbd46feabf3642b2d78","69db27e82b56cc0c1597fa2d","Acrílico Eteri Organic","1"
"6a6e4dbd46feabf3642b2d78","69db27fa2b56cc0c1597fbb6","Alfapar shampoo seco sin gas 150ml.","1"
"6a6e4dbd46feabf3642b2d78","69db27f32b56cc0c1597fb1e","Alaska Tijera Manicure","1"
"6a6e4dbd46feabf3642b2d7c","69db27e12b56cc0c1597f995","Aashta tijeras negro no. 7","1"
"6a6e4dbd46feabf3642b2d7c","69db27cf2b56cc0c1597f81d","4x4 Cera Telaraña 100ml.","1"
"6a6e4dbd46feabf3642b2d7f","69db27dc2b56cc0c1597f926","4x4 Pomada Gris 100ml.","1"
"6a6e4dbd46feabf3642b2d7f","69db27de2b56cc0c1597f950","4x4 shampoo cervesa azul","1"
"6a6e4dbd46feabf3642b2d7f","69db27e22b56cc0c1597f9b2","Aceite De Hueso De Mamey Para Pestañas.","1"
"6a6e4dbd46feabf3642b2d7f","69db28072b56cc0c1597fcab","Alfapar 5.35","1"
"6a6e4dbd46feabf3642b2d96","69db28182b56cc0c1597fe09","Alfapar 8.21","1"
"6a6e4dbd46feabf3642b2d96","69db27e92b56cc0c1597fa44","Activador para Gel en Frio Touche","1"
"6a6e4dbd46feabf3642b2da0","69db28312b56cc0c1598002d","Andis Cool Care Plus","1"
"6a6e4dbd46feabf3642b2da2","69db27f62b56cc0c1597fb5b","Alfapar benvoleo shampoo seco sin gas 150 g","1"
"6a6e4dbd46feabf3642b2dac","69db27d42b56cc0c1597f881","4x4 Gel Para Afeitar Citrico 485ml.","1"
"6a6e4dbd46feabf3642b2dac","69db28022b56cc0c1597fc57","Alfapar 4","1"
"6a6e4dbd46feabf3642b2dac","69db27ce2b56cc0c1597f808","4x4 Cera Gel 280g.","1"
"6a6e4dbd46feabf3642b2dbb","69db28002b56cc0c1597fc26","Alfapar 11.11","1"
"6a6e4dbd46feabf3642b2dbb","69db28222b56cc0c1597fede","Alfapar Olio Plex 100ml","1"
"6a6e4dbd46feabf3642b2dbb","69db282b2b56cc0c1597ffad","Amor us sponge","1"
"6a6e4dbd46feabf3642b2dbf","69db281e2b56cc0c1597fe91","Alfapar 9NI","1"
"6a6e4dbd46feabf3642b2dbf","69db28032b56cc0c1597fc65","Alfapar 4.52","1"
"6a6e4dbd46feabf3642b2dc7","69db27d92b56cc0c1597f8ee","4x4 papel cuello negro un rollo","1"
"6a6e4dbd46feabf3642b2dcb","69db27e92b56cc0c1597fa44","Activador para Gel en Frio Touche","1"
"6a6e4dbd46feabf3642b2dcb","69db28162b56cc0c1597fde6","Alfapar 7NI","1"
"6a6e4dbd46feabf3642b2dcb","69db28002b56cc0c1597fc26","Alfapar 11.11","1"
"6a6e4dbd46feabf3642b2dcf","69db27c72b56cc0c1597f780","4x4 aceite para barba","1"
"6a6e4dbd46feabf3642b2de9","69db27fc2b56cc0c1597fbd2","Alfapar 02","1"
"6a6e4dbd46feabf3642b2de9","69db27eb2b56cc0c1597fa72","adhesivo libre de latex","1"
"6a6e4dbd46feabf3642b2de9","69db27f42b56cc0c1597fb37","Alexander tijera","1"
"6a6e4dbd46feabf3642b2df5","69db280a2b56cc0c1597fce3","Alfapar 5NB","1"
"6a6e4dbd46feabf3642b2df5","69db281d2b56cc0c1597fe79","Alfapar 9.3","1"
"6a6e4dbd46feabf3642b2df5","69db282d2b56cc0c1597ffc6","Ampolletas Alfaparf Aceite Lenitivo","1"
"6a6e4dbd46feabf3642b2df5","69db28082b56cc0c1597fcc0","Alfapar 5.6","1"
"6a6e4dbd46feabf3642b2e02","69db27c92b56cc0c1597f799","4x4 maquina inalambrico plastico G oferta de 4 pz.","1"
"6a6e4dbd46feabf3642b2e04","69db28202b56cc0c1597fead","Alfapar keratin mask","1"
"6a6e4dbd46feabf3642b2e06","69db28272b56cc0c1597ff52","Alicate Alaska Spa","1"
"6a6e4dbd46feabf3642b2e06","69db280c2b56cc0c1597fd0d","Alfapar 6.3","1"
"6a6e4dbd46feabf3642b2e0c","69db27f72b56cc0c1597fb69","Alfaparf 7.24","1"
"6a6e4dbd46feabf3642b2e0c","69db28132b56cc0c1597fd99","Alfapar 7.34","1"
"6a6e4dbd46feabf3642b2e0c","69db27da2b56cc0c1597f8fc","4x4 Pasta Dorada 100g.","1"
"6a6e4dbd46feabf3642b2e0c","69db28222b56cc0c1597fee5","Alfapar Oxido 10 vol. 1000ml.","1"
"6a6e4dbd46feabf3642b2e18","69db27d92b56cc0c1597f8f5","4x4 papel cuello negro 5 pz","1"
"6a6e4dbd46feabf3642b2e1a","69db27ea2b56cc0c1597fa56","Adhesivo J.Denis Para Rulos/Pestañas.","1"
"6a6e4dbd46feabf3642b2e1a","69db28122b56cc0c1597fd92","Alfapar 7.32","1"
"6a6e4dbd46feabf3642b2e1a","69db27ef2b56cc0c1597fac5","Agoja para rayos","1"
"6a6e4dbd46feabf3642b2e23","69db28282b56cc0c1597ff5d","Alicate barrilito","1"
"6a6e4dbd46feabf3642b2e23","69db27e32b56cc0c1597f9bb","Aceite Fortalezador Argan/Mamey","1"
"6a6e4dbd46feabf3642b2e23","69db282d2b56cc0c1597ffd4","Ampolletas Alfaparf Semi Di Lino Essential Oil (Azul)","1"
"6a6e4dbd46feabf3642b2e2a","69db27cf2b56cc0c1597f81d","4x4 Cera Telaraña 100ml.","1"
"6a6e4dbd46feabf3642b2e2a","69db28152b56cc0c1597fdca","Alfapar 7.62","1"
"6a6e4dbd46feabf3642b2e2a","69db281b2b56cc0c1597fe4f","Alfapar 9","1"
"6a6e4dbd46feabf3642b2e3c","69db28112b56cc0c1597fd6f","Alfapar 7.1","1"
"6a6e4dbd46feabf3642b2e3c","69db280a2b56cc0c1597fcf1","Alfapar 6","1"
"6a6e4dbd46feabf3642b2e3c","69db27f32b56cc0c1597fb1e","Alaska Tijera Manicure","1"
"6a6e4dbd46feabf3642b2e45","69db28092b56cc0c1597fcce","Alfapar 5.65","1"
"6a6e4dbd46feabf3642b2e51","69db27c82b56cc0c1597f790","4x4 Guantes nitrilo negros","1"
"6a6e4dbd46feabf3642b2e53","69db28022b56cc0c1597fc57","Alfapar 4","1"
"6a6e4dbd46feabf3642b2e53","69db281f2b56cc0c1597fe9f","Alfapar benvoleo olio nutritivo 100ml.","1"
"6a6e4dbd46feabf3642b2e56","69db28102b56cc0c1597fd61","Alfapar 7","1"
"6a6e4dbd46feabf3642b2e5a","69db27ca2b56cc0c1597f7b0","4x4 papel cuello blanco de 5 pz.","1"
"6a6e4dbd46feabf3642b2e5a","69db28222b56cc0c1597fee5","Alfapar Oxido 10 vol. 1000ml.","1"
"6a6e4dbd46feabf3642b2e5a","69db27d12b56cc0c1597f847","4x4 Cuchilla Trimer","1"
"6a6e4dbd46feabf3642b2e5e","69db281d2b56cc0c1597fe79","Alfapar 9.3","1"
"6a6e4dbd46feabf3642b2e5e","69db28002b56cc0c1597fc1f","Alfapar 11.10","1"
"6a6e4dbd46feabf3642b2e5e","69db27cd2b56cc0c1597f7fa","4x4 Cera en Polvo Volumizador Amarillo","1"
"6a6e4dbd46feabf3642b2e5e","69db280a2b56cc0c1597fcea","Alfapar 5NI","1"
"6a6e4dbd46feabf3642b2e6d","69db27d72b56cc0c1597f8c0","4x4 Mascarilla Capilar Open Secret","1"
"6a6e4dbd46feabf3642b2e6d","69db27d92b56cc0c1597f8ee","4x4 papel cuello negro un rollo","1"
"6a6e4dbd46feabf3642b2e70","69db28082b56cc0c1597fcc7","Alfapar 5.62","1"
"6a6e4dbd46feabf3642b2e70","69db27f02b56cc0c1597fad5","Aguja Peina Facil Grande 5pz.","1"
"6a6e4dbd46feabf3642b2e70","69db28272b56cc0c1597ff4b","Alicate Alaska Pedicure","1"
"6a6e4dbd46feabf3642b2e74","69db28262b56cc0c1597ff34","Alfaparf spray porificante 100ml.","1"
"6a6e4dbd46feabf3642b2e84","69db28212b56cc0c1597fed0","Alfapar mask. keratin therapy","1"
"6a6e4dbd46feabf3642b2e84","69db28302b56cc0c1598000d","Ampolletas Revive Teñido","1"
"6a6e4dbd46feabf3642b2e8a","69db27d62b56cc0c1597f8b9","4X4 Maquina Platinum Trimmer","1"
"6a6e4dbd46feabf3642b2e8a","69db281a2b56cc0c1597fe3a","Alfapar 8.66I","1"
"6a6e4dbd46feabf3642b2e99","69db282f2b56cc0c1597fff8","Ampolletas Revive Cationica","1"
"6a6e4dbd46feabf3642b2eab","69db27f42b56cc0c1597fb29","Alexander style porta navaja","1"
"6a6e4dbd46feabf3642b2eab","69db28282b56cc0c1597ff68","Alicate GC Large","1"
"6a6e4dbd46feabf3642b2eab","69db280a2b56cc0c1597fcf1","Alfapar 6","1"
"6a6e4dbd46feabf3642b2eab","69db28022b56cc0c1597fc49","Alfapar 2","1"
"6a6e4dbd46feabf3642b2eb0","69db28262b56cc0c1597ff3d","Algodón Alby","1"
"6a6e4dbd46feabf3642b2eb0","69db282e2b56cc0c1597ffdb","Ampolletas Alfaparf Semi Di Lino Shine Lotion (Lila)","1"
"6a6e4dbd46feabf3642b2eb3","69db27e12b56cc0c1597f98e","Aashta Tijera Cocodrilo","1"
"6a6e4dbd46feabf3642b2eb3","69db28122b56cc0c1597fd8b","Alfapar 7.31","1"
"6a6e4dbd46feabf3642b2eba","69db27e72b56cc0c1597fa1f","acrílico organic blanco (white)","1"
"6a6e4dbd46feabf3642b2eba","69db27fd2b56cc0c1597fbee","Alfapar 10","1"
"6a6e4dbd46feabf3642b2ed4","69db27d92b56cc0c1597f8e7","4x4 papel cuello blanco rollo","1"
"6a6e4dbd46feabf3642b2ed4","69db27c82b56cc0c1597f787","4X4 Gel para afeitar menta 1kg","1"
"6a6e4dbd46feabf3642b2ed7","69db27e92b56cc0c1597fa3b","Acrylic sterilizador agrílico","1"
"6a6e4dbd46feabf3642b2ed7","69db280c2b56cc0c1597fd0d","Alfapar 6.3","1"
"6a6e4dbd46feabf3642b2ed7","69db27d82b56cc0c1597f8d2","4x4 navaja platinum","1"
"6a6e4dbd46feabf3642b2ed7","69db27ee2b56cc0c1597faae","Adhesivo Tubo Transparente J.D/10gramos","1"
"6a6e4dbd46feabf3642b2edf","69db27e92b56cc0c1597fa3b","Acrylic sterilizador agrílico","1"
"6a6e4dbd46feabf3642b2edf","69db28312b56cc0c15980026","Andis slimline pro li","1"
"6a6e4dbd46feabf3642b2edf","69db27c92b56cc0c1597f7a0","4x4 minoxidil","1"
"6a6e4dbd46feabf3642b2ee3","69db280e2b56cc0c1597fd30","Alfapar 6.5","1"
"6a6e4dbd46feabf3642b2ee5","69db27f22b56cc0c1597fafe","Alain silver 30ml.","1"
"6a6e4dbd46feabf3642b2ee5","69db27e32b56cc0c1597f9bb","Aceite Fortalezador Argan/Mamey","1"
"6a6e4dbd46feabf3642b2ee5","69db282d2b56cc0c1597ffc6","Ampolletas Alfaparf Aceite Lenitivo","1"
"6a6e4dbd46feabf3642b2ee5","69db280f2b56cc0c1597fd53","Alfapar 6NB","1"
"6a6e4dbd46feabf3642b2eee","69db27d32b56cc0c1597f87a","4X4 Gel Cubre Cana 315gr.","1"
"6a6e4dbd46feabf3642b2eee","69db27d12b56cc0c1597f847","4x4 Cuchilla Trimer","1"
"6a6e4dbd46feabf3642b2ef1","69db28302b56cc0c15980006","Ampolletas Revive Pre-Perm","1"
"6a6e4dbd46feabf3642b2ef1","69db28022b56cc0c1597fc49","Alfapar 2","1"
"6a6e4dbd46feabf3642b2ef1","69db27d92b56cc0c1597f8ee","4x4 papel cuello negro un rollo","1"
"6a6e4dbd46feabf3642b2ef7","69db28182b56cc0c1597fe09","Alfapar 8.21","1"
"6a6e4dbd46feabf3642b2ef7","69db28002b56cc0c1597fc18","Alfapar 11.00","1"
"6a6e4dbd46feabf3642b2ef7","69db27ff2b56cc0c1597fc0a","Alfapar 10.31","1"
"6a6e4dbd46feabf3642b2ef7","69db27cc2b56cc0c1597f7dc","4X4 Aftershave Power Gold 400ml.","1"
"6a6e4dbd46feabf3642b2f2b","69db28312b56cc0c1598002d","Andis Cool Care Plus","1"
"6a6e4dbd46feabf3642b2f2b","69db27e12b56cc0c1597f98e","Aashta Tijera Cocodrilo","1"
"6a6e4dbd46feabf3642b2f2b","69db27fc2b56cc0c1597fbcb","alfapar 013","1"
"6a6e4dbd46feabf3642b2f2b","69db281f2b56cc0c1597fea6","Alfapar Brocha y cio para tinte","1"
"6a6e4dbd46feabf3642b2f30","69db28092b56cc0c1597fcd5","Alfapar 5.66I","1"
"6a6e4dbd46feabf3642b2f30","69db28072b56cc0c1597fcab","Alfapar 5.35","1"
"6a6e4dbd46feabf3642b2f45","69db28252b56cc0c1597ff1d","Alfapar Semidelino shampoo 250ml.","1"
"6a6e4dbd46feabf3642b2f4d","69db282c2b56cc0c1597ffb6","Amor pinza pestañas","1"
"6a6e4dbd46feabf3642b2f4d","69db28152b56cc0c1597fdc3","Alfapar 7.6","1"
"6a6e4dbd46feabf3642b2f4d","69db28302b56cc0c15980014","Amura depilacion definitiva","1"
"6a6e4dbd46feabf3642b2f51","69db27ec2b56cc0c1597fa8b","Adhesivo Para Pestañas Duo Oscuro","1"
"6a6e4dbd46feabf3642b2f51","69db28122b56cc0c1597fd92","Alfapar 7.32","1"
"6a6e4dbd46feabf3642b2f51","69db27c92b56cc0c1597f799","4x4 maquina inalambrico plastico G oferta de 4 pz.","1"
"6a6e4dbd46feabf3642b2f60","69db28092b56cc0c1597fcdc","Alfapar 5.7","1"
"6a6e4dbd46feabf3642b2f60","69db28262b56cc0c1597ff2b","Alfaparf Shampoo Plex 250g.","1"
"6a6e4dbd46feabf3642b2f60","69db281d2b56cc0c1597fe79","Alfapar 9.3","1"
"6a6e4dbd46feabf3642b2f60","69db27ff2b56cc0c1597fc03","Alfapar 10.3","1"
"6a6e4dbd46feabf3642b2f6a","69db27e62b56cc0c1597fa0a","acondicionador artesanal","1"
"6a6e4dbd46feabf3642b2f6c","69db28232b56cc0c1597fefa","Alfapar Oxido 40 vol. 1000ml.","1"
"6a6e4dbd46feabf3642b2f6c","69db27d62b56cc0c1597f8b9","4X4 Maquina Platinum Trimmer","1"
"6a6e4dbd46feabf3642b2f73","69db28302b56cc0c15980006","Ampolletas Revive Pre-Perm","1"
"6a6e4dbd46feabf3642b2f73","69db27fe2b56cc0c1597fbfc","Alfapar 10.21","1"
"6a6e4dbd46feabf3642b2f73","69db28222b56cc0c1597fed7","Alfapar nutritivo Mask","1"
"6a6e4dbd46feabf3642b2f73","69db282f2b56cc0c1597fff8","Ampolletas Revive Cationica","1"
"6a6e4dbd46feabf3642b2f7c","69db28202b56cc0c1597fead","Alfapar keratin mask","1"
"6a6e4dbd46feabf3642b2f7c","69db27cb2b56cc0c1597f7ce","4x4 Aftershave King Blue 400ml","1"
"6a6e4dbd46feabf3642b2f7c","69db28192b56cc0c1597fe17","Alfapar 8.3","1"
"6a6e4dbd46feabf3642b2f7c","69db27f92b56cc0c1597fb9a","Alfapar mask 200ml.","1"
"6a6e4dbd46feabf3642b2f84","69db28162b56cc0c1597fdd8","Alfapar 7000","1"
"6a6e4dbd46feabf3642b2f88","69db28042b56cc0c1597fc7a","Alfapar 4NB","1"
"6a6e4dbd46feabf3642b2f88","69db281e2b56cc0c1597fe83","Alfapar 9.31","1"
"6a6e4dbd46feabf3642b2f93","69db27f72b56cc0c1597fb70","Alfaparf 10.342","1"
"6a6e4dbd46feabf3642b2f93","69db27c92b56cc0c1597f7a0","4x4 minoxidil","1"
"6a6e4dbd46feabf3642b2f9f","69db27f02b56cc0c1597fad5","Aguja Peina Facil Grande 5pz.","1"
"6a6e4dbd46feabf3642b2f9f","69db27ca2b56cc0c1597f7b9","4x4 Pomada azul 100g","1"
"6a6e4dbd46feabf3642b2f9f","69db27e62b56cc0c1597fa01","Acetona Touche 225ml.","1"
"6a6e4dbd46feabf3642b2fa3","69db28282b56cc0c1597ff5d","Alicate barrilito","1"
"6a6e4dbd46feabf3642b2fa3","69db27d22b56cc0c1597f85e","4X4 Exfoliante facial","1"
"6a6e4dbd46feabf3642b2fa3","69db28302b56cc0c15980014","Amura depilacion definitiva","1"
"6a6e4dbd46feabf3642b2fa3","69db28142b56cc0c1597fdae","Alfapar 7.43","1"
"6a6e4dbd46feabf3642b2fa8","69db28172b56cc0c1597fdfb","Alfapar 8.1","1"
"6a6e4dbd46feabf3642b2fad","69db28272b56cc0c1597ff4b","Alicate Alaska Pedicure","1"
"6a6e4dbd46feabf3642b2fad","69db280f2b56cc0c1597fd53","Alfapar 6NB","1"
"6a6e4dbd46feabf3642b2fbc","69db27fc2b56cc0c1597fbd2","Alfapar 02","1"
"6a6e4dbd46feabf3642b2fbc","69db28002b56cc0c1597fc26","Alfapar 11.11","1"
"6a6e4dbd46feabf3642b2fbc","69db28252b56cc0c1597ff16","Alfapar Semi di lino 50ml.","1"
"6a6e4dbd46feabf3642b2fc0","69db27c92b56cc0c1597f799","4x4 maquina inalambrico plastico G oferta de 4 pz.","1"
"6a6e4dbd46feabf3642b2fc0","69db27ff2b56cc0c1597fc0a","Alfapar 10.31","1"
"6a6e4dbd46feabf3642b2fc5","69db27f02b56cc0c1597fae0","Alain silver tratamiento","1"
"6a6e4dbd46feabf3642b2fc5","69db27d42b56cc0c1597f88f","4x4 Goma 280ml.","1"
"6a6e4dbd46feabf3642b2fc5","69db28012b56cc0c1597fc34","Alfapar 11.20","1"
"6a6e4dbd46feabf3642b2fc9","69db27ef2b56cc0c1597fac5","Agoja para rayos","1"
"6a6e4dbd46feabf3642b2fc9","69db28282b56cc0c1597ff5d","Alicate barrilito","1"
"6a6e4dbd46feabf3642b2fc9","69db27f62b56cc0c1597fb52","Alfapaf 6.56","1"
"6a6e4dbd46feabf3642b2fc9","69db28132b56cc0c1597fda7","Alfapar 7.4","1"
"6a6e4dbd46feabf3642b2fd3","69db27fc2b56cc0c1597fbd9","Alfapar 03","1"
"6a6e4dbd46feabf3642b2fd3","69db27d02b56cc0c1597f839","4x4 Cuchilla DLC","1"
"6a6e4dbd46feabf3642b2fda","69db27fe2b56cc0c1597fbf5","Alfapar 10.1","1"
"6a6e4dbd46feabf3642b2fda","69db282a2b56cc0c1597ff85","Alicate Lobo1330-00","1"
"6a6e4dbd46feabf3642b2fda","69db281b2b56cc0c1597fe41","Alfapar 8NB","1"
"6a6e4dbd46feabf3642b2fda","69db27cd2b56cc0c1597f7f3","4x4 Balsamo Negro Liquido","1"
"6a6e4dbd46feabf3642b2fe2","69db281b2b56cc0c1597fe48","Alfapar 8NI","1"
"6a6e4dbd46feabf3642b2fe2","69db28282b56cc0c1597ff68","Alicate GC Large","1"
"6a6e4dbd46feabf3642b302a","69db28102b56cc0c1597fd5a","Alfapar 6NI","1"
"6a6e4dbd46feabf3642b302a","69db27d62b56cc0c1597f8b9","4X4 Maquina Platinum Trimmer","1"
"6a6e4dbd46feabf3642b302a","69db28302b56cc0c1598000d","Ampolletas Revive Teñido","1"
"6a6e4dbd46feabf3642b302e","69db27e12b56cc0c1597f98e","Aashta Tijera Cocodrilo","1"
"6a6e4dbd46feabf3642b302e","69db280d2b56cc0c1597fd29","Alfapar 6.45","1"
"6a6e4dbd46feabf3642b302e","69db27fe2b56cc0c1597fbfc","Alfapar 10.21","1"
"6a6e4dbd46feabf3642b3032","69db27f02b56cc0c1597fae0","Alain silver tratamiento","1"
"6a6e4dbd46feabf3642b3032","69db27d22b56cc0c1597f85e","4X4 Exfoliante facial","1"
"6a6e4dbd46feabf3642b3032","69db27e82b56cc0c1597fa2d","Acrílico Eteri Organic","1"
"6a6e4dbd46feabf3642b3032","69db27d52b56cc0c1597f896","4x4 guantes vinil nitrilo","1"
"6a6e4dbd46feabf3642b3037","69db282e2b56cc0c1597ffe6","Ampolletas Hidraforce - Gegenerex","1"
"6a6e4dbd46feabf3642b3039","69db27e82b56cc0c1597fa26","Acrílico Zodiaco","1"
"6a6e4dbd46feabf3642b3039","69db27e32b56cc0c1597f9bb","Aceite Fortalezador Argan/Mamey","1"
"6a6e4dbd46feabf3642b3040","69db28202b56cc0c1597febb","Alfapar Keratin Therapy lisse Oil 50ml.","1"
"6a6e4dbd46feabf3642b3040","69db28022b56cc0c1597fc50","Alfapar 3","1"
"6a6e4dbd46feabf3642b304b","69db27d32b56cc0c1597f86c","4x4 Gel 500g.","1"
"6a6e4dbd46feabf3642b304d","69db27dc2b56cc0c1597f92d","4x4 Pomada Gris 200ml.","1"
"6a6e4dbd46feabf3642b304d","69db281a2b56cc0c1597fe33","Alfapar 8.43","1"
"6a6e4dbd46feabf3642b304d","69db28202b56cc0c1597fead","Alfapar keratin mask","1"
"6a6e4dbd46feabf3642b304d","69db28262b56cc0c1597ff2b","Alfaparf Shampoo Plex 250g.","1"
"6a6e4dbd46feabf3642b3052","69db27f52b56cc0c1597fb42","Alfa keratin Therapia","1"
"6a6e4dbd46feabf3642b3052","69db27f92b56cc0c1597fba1","Alfapar rigen shampoo 250 ml.","1"
"6a6e4dbd46feabf3642b3065","69db27dd2b56cc0c1597f942","4x4 shampoo cbd bergamota 500ml.","1"
"6a6e4dbd46feabf3642b3065","69db27e32b56cc0c1597f9c6","Aceite Para Cuticula Touche Frambuesa","1"
"6a6e4dbd46feabf3642b3065","69db27d32b56cc0c1597f87a","4X4 Gel Cubre Cana 315gr.","1"
"6a6e4dbd46feabf3642b3065","69db27eb2b56cc0c1597fa6b","adhesivo latex para rulos o pads liftin j denis","1"
"6a6e4dbd46feabf3642b3072","69db28182b56cc0c1597fe10","Alfapar 8.23","1"
"6a6e4dbd46feabf3642b3074","69db27e72b56cc0c1597fa11","Acondicionador Diamante 250ml.","1"
"6a6e4dbd46feabf3642b3074","69db27ea2b56cc0c1597fa64","Adhesivo J.Denis Transparente con keratina","1"
"6a6e4dbd46feabf3642b3074","69db282f2b56cc0c1597ffff","Ampolletas Revive Fortificante","1"
"6a6e4dbd46feabf3642b3078","69db28292b56cc0c1597ff7a","Alicate Katya 1162-07","1"
"6a6e4dbd46feabf3642b307a","69db280f2b56cc0c1597fd45","Alfapar 6.66I","1"
"6a6e4dbd46feabf3642b307a","69db27d62b56cc0c1597f8b2","4X4 Maquina Platinum Clipper","1"
"6a6e4dbd46feabf3642b307d","69db27e92b56cc0c1597fa44","Activador para Gel en Frio Touche","1"
"6a6e4dbd46feabf3642b307d","69db27e12b56cc0c1597f98e","Aashta Tijera Cocodrilo","1"
"6a6e4dbd46feabf3642b3085","69db27cb2b56cc0c1597f7d5","4X4 Aftershave Power Green 400ml.","1"
"6a6e4dbd46feabf3642b3085","69db27f62b56cc0c1597fb5b","Alfapar benvoleo shampoo seco sin gas 150 g","1"
"6a6e4dbd46feabf3642b3088","69db28032b56cc0c1597fc65","Alfapar 4.52","1"
"6a6e4dbd46feabf3642b3088","69db282a2b56cc0c1597ff85","Alicate Lobo1330-00","1"
"6a6e4dbd46feabf3642b3088","69db28212b56cc0c1597fec2","Alfapar Keratin Therapy Shampoo 250ml.","1"
"6a6e4dbd46feabf3642b3088","69db27f72b56cc0c1597fb69","Alfaparf 7.24","1"
"6a6e4dbd46feabf3642b308d","69db27f72b56cc0c1597fb69","Alfaparf 7.24","1"
"6a6e4dbd46feabf3642b3096","69db28112b56cc0c1597fd76","Alfapar 7.13","1"
"6a6e4dbd46feabf3642b3096","69db27d12b56cc0c1597f840","4X4 Cuchilla Normal","1"
"6a6e4dbd46feabf3642b30a0","69db27fc2b56cc0c1597fbcb","alfapar 013","1"
"6a6e4dbd46feabf3642b30b5","69db27cf2b56cc0c1597f824","4X4 Combo Maquina platinum Clipper/Trimmer","1"
"6a6e4dbd46feabf3642b30b5","69db27d02b56cc0c1597f82b","4X4 Combo pow 5 pz.","1"
"6a6e4dbd46feabf3642b30b5","69db282c2b56cc0c1597ffbf","Amor us","1"
"6a6e4dbd46feabf3642b30c4","69db281b2b56cc0c1597fe4f","Alfapar 9","1"
"6a6e4dbd46feabf3642b30c4","69db27f02b56cc0c1597fad5","Aguja Peina Facil Grande 5pz.","1"
"6a6e4dbd46feabf3642b30d3","69db27ca2b56cc0c1597f7c0","4x4 Aceite Para Cortadoras 118ml.","1"
"6a6e4dbd46feabf3642b30d5","69db28142b56cc0c1597fdae","Alfapar 7.43","1"
"6a6e4dbd46feabf3642b30d5","69db280c2b56cc0c1597fd0d","Alfapar 6.3","1"
"6a6e4dbd46feabf3642b30d5","69db282d2b56cc0c1597ffd4","Ampolletas Alfaparf Semi Di Lino Essential Oil (Azul)","1"
"6a6e4dbd46feabf3642b30d5","69db27fb2b56cc0c1597fbbd","Alfapar 000SSS","1"
"6a6e4dbd46feabf3642b30ed","69db281b2b56cc0c1597fe4f","Alfapar 9","1"
"6a6e4dbd46feabf3642b30ed","69db28132b56cc0c1597fd99","Alfapar 7.34","1"
"6a6e4dbd46feabf3642b30ed","69db27d42b56cc0c1597f888","4x4 Gel Para Afeitar Menta 485ml.","1"
"6a6e4dbd46feabf3642b30ed","69db28162b56cc0c1597fddf","Alfapar 7NB","1"
"6a6e4dbd46feabf3642b30f2","69db28042b56cc0c1597fc7a","Alfapar 4NB","1"
"6a6e4dbd46feabf3642b30fc","69db27c92b56cc0c1597f7a0","4x4 minoxidil","1"
"6a6e4dbd46feabf3642b30fc","69db27eb2b56cc0c1597fa72","adhesivo libre de latex","1"
"6a6e4dbd46feabf3642b30fc","69db28182b56cc0c1597fe09","Alfapar 8.21","1"
"6a6e4dbd46feabf3642b310c","69db27da2b56cc0c1597f90a","4x4 Polvo Volumizador Seco Negro","1"
"6a6e4dbd46feabf3642b3114","69db27f12b56cc0c1597faf0","Alain Silver Hot Tratamiento Restauraurador","1"
"6a6e4dbd46feabf3642b3114","69db27e62b56cc0c1597fa01","Acetona Touche 225ml.","1"
"6a6e4dbd46feabf3642b3114","69db28142b56cc0c1597fdb5","Alfapar 7.45","1"
"6a6e4dbd46feabf3642b3118","69db27d72b56cc0c1597f8c9","4x4 matizante violeta","1"
"6a6e4dbd46feabf3642b3118","69db27f12b56cc0c1597fae9","alain silver herbal 9","1"
"6a6e4dbd46feabf3642b311f","69db27db2b56cc0c1597f918","4x4 Pomada Extrafirme Verde 100g.","1"
"6a6e4dbd46feabf3642b311f","69db27ff2b56cc0c1597fc11","Alfapar 10NB","1"
"6a6e4dbd46feabf3642b311f","69db28152b56cc0c1597fdd1","Alfapar 7.66I","1"
"6a6e4dbd46feabf3642b311f","69db28162b56cc0c1597fddf","Alfapar 7NB","1"
"6a6e4dbd46feabf3642b312d","69db28082b56cc0c1597fcc0","Alfapar 5.6","1"
"6a6e4dbd46feabf3642b312f","69db27dd2b56cc0c1597f93b","4x4 shampoo matiz negro 300ml.","1"
"6a6e4dbd46feabf3642b312f","69db27d62b56cc0c1597f8b9","4X4 Maquina Platinum Trimmer","1"
"6a6e4dbd46feabf3642b312f","69db27d52b56cc0c1597f89d","4x4 maquina de corte trimmer inalambrico metalica","1"
"6a6e4dbd46feabf3642b313c","69db28152b56cc0c1597fdc3","Alfapar 7.6","1"
"6a6e4dbd46feabf3642b313c","69db27d92b56cc0c1597f8ee","4x4 papel cuello negro un rollo","1"
"6a6e4dbd46feabf3642b3167","69db280e2b56cc0c1597fd3e","Alfapar 6.6","1"
"6a6e4dbd46feabf3642b3169","69db281b2b56cc0c1597fe41","Alfapar 8NB","1"
"6a6e4dbd46feabf3642b3169","69db27ff2b56cc0c1597fc0a","Alfapar 10.31","1"
"6a6e4dbd46feabf3642b3169","69db27eb2b56cc0c1597fa79","adhesivo para pads color blanco tapa dorada j denis","1"
"6a6e4dbd46feabf3642b316d","69db28232b56cc0c1597feec","Alfapar Oxido 20vol. 1000ml.","1"
"6a6e4dbd46feabf3642b3172","69db28012b56cc0c1597fc3b","Alfapar 11.21","1"
"6a6e4dbd46feabf3642b3172","69db280a2b56cc0c1597fce3","Alfapar 5NB","1"
"6a6e4dbd46feabf3642b3172","69db27f32b56cc0c1597fb10","Alaska Bisturi AK-02-0019","1"
"6a6e4dbd46feabf3642b3178","69db27d82b56cc0c1597f8e0","4x4 Off-Road Crecimiento de Barba 60g.","1"
"6a6e4dbd46feabf3642b317a","69db28102b56cc0c1597fd68","Alfapar 7.01","1"
"6a6e4dbd46feabf3642b317a","69db281e2b56cc0c1597fe91","Alfapar 9NI","1"
"6a6e4dbd46feabf3642b317a","69db28262b56cc0c1597ff3d","Algodón Alby","1"
"6a6e4dbd46feabf3642b317a","69db28232b56cc0c1597fef3","Alfapar Oxido 30 vol. 1000ml.","1"
"6a6e4dbd46feabf3642b317f","69db27fd2b56cc0c1597fbe7","Alfapar 1.11","1"
"6a6e4dbd46feabf3642b317f","69db27f52b56cc0c1597fb49","Alfa sobres de 30 pz","1"
"6a6e4dbd46feabf3642b317f","69db280c2b56cc0c1597fd14","Alfapar 6.32","1"
"6a6e4dbd46feabf3642b3185","69db28092b56cc0c1597fcd5","Alfapar 5.66I","1"
"6a6e4dbd46feabf3642b31a2","69db28152b56cc0c1597fdca","Alfapar 7.62","1"
"6a6e4dbd46feabf3642b31a2","69db27d32b56cc0c1597f87a","4X4 Gel Cubre Cana 315gr.","1"
"6a6e4dbd46feabf3642b31a2","69db27fa2b56cc0c1597fba8","Alfapar Semidelino nutritivo shampoo 250 ml.","1"
"6a6e4dbd46feabf3642b31ad","69db27e22b56cc0c1597f9b2","Aceite De Hueso De Mamey Para Pestañas.","1"
"6a6e4dbd46feabf3642b31ad","69db28032b56cc0c1597fc65","Alfapar 4.52","1"
"6a6e4dbd46feabf3642b31be","69db27f82b56cc0c1597fb8c","Alfapar 9.423","1"
"6a6e4dbd46feabf3642b31d8","69db28222b56cc0c1597fede","Alfapar Olio Plex 100ml","1"
"6a6e4dbd46feabf3642b31d8","69db27dd2b56cc0c1597f949","4x4 shampoo cbd minoxidi 500ml.","1"
"6a6e4dbd46feabf3642b31d8","69db27fd2b56cc0c1597fbe0","Alfapar 1","1"
"6a6e4dbd46feabf3642b31f2","69db27ed2b56cc0c1597fa99","Adhesivo Para Rulos frasquito chico blanco","1"
"6a6e4dbd46feabf3642b31f2","69db27ce2b56cc0c1597f816","4x4 Cera Rosa 200ml.","1"
"6a6e4dbd46feabf3642b31f2","69db280c2b56cc0c1597fd0d","Alfapar 6.3","1"
"6a6e4dbd46feabf3642b31f6","69db28102b56cc0c1597fd61","Alfapar 7","1"
"6a6e4dbd46feabf3642b31fa","69db27e92b56cc0c1597fa4b","Adesivo para extenciones Pestañas","1"
"6a6e4dbd46feabf3642b31fa","69db282f2b56cc0c1597fff1","Ampolletas Revive Bifasica","1"
"6a6e4dbd46feabf3642b31ff","69db27e32b56cc0c1597f9c6","Aceite Para Cuticula Touche Frambuesa","1"
"6a6e4dbd46feabf3642b31ff","69db28162b56cc0c1597fdd8","Alfapar 7000","1"
"6a6e4dbd46feabf3642b3202","69db27f12b56cc0c1597faf7","Alain silver shampoo","1"
"6a6e4dbd46feabf3642b3202","69db28022b56cc0c1597fc50","Alfapar 3","1"
"6a6e4dbd46feabf3642b3209","69db27e42b56cc0c1597f9d1","ACETONA ORGANIC 120 ML","1"
"6a6e4dbd46feabf3642b3209","69db27c82b56cc0c1597f790","4x4 Guantes nitrilo negros","1"
"6a6e4dbd46feabf3642b3209","69db28272b56cc0c1597ff4b","Alicate Alaska Pedicure","1"
"6a6e4dbd46feabf3642b320d","69db27cf2b56cc0c1597f81d","4x4 Cera Telaraña 100ml.","1"
"6a6e4dbd46feabf3642b320d","69db27e72b56cc0c1597fa1f","acrílico organic blanco (white)","1"
"6a6e4dbd46feabf3642b320d","69db28282b56cc0c1597ff5d","Alicate barrilito","1"
"6a6e4dbd46feabf3642b321b","69db27f82b56cc0c1597fb8c","Alfapar 9.423","1"
"6a6e4dbd46feabf3642b321b","69db27fc2b56cc0c1597fbd9","Alfapar 03","1"
"6a6e4dbd46feabf3642b321b","69db27fd2b56cc0c1597fbe0","Alfapar 1","1"
"6a6e4dbd46feabf3642b321f","69db28132b56cc0c1597fd99","Alfapar 7.34","1"
"6a6e4dbd46feabf3642b321f","69db27cd2b56cc0c1597f801","4x4 cera gel kg.","1"
"6a6e4dbd46feabf3642b321f","69db28212b56cc0c1597fec9","Alfapar Maschera Plex 150g.","1"
"6a6e4dbd46feabf3642b3248","69db28042b56cc0c1597fc7a","Alfapar 4NB","1"
"6a6e4dbd46feabf3642b3248","69db281c2b56cc0c1597fe56","Alfapar 9.04","1"
"6a6e4dbd46feabf3642b3248","69db27ce2b56cc0c1597f816","4x4 Cera Rosa 200ml.","1"
"6a6e4dbd46feabf3642b324c","69db27e72b56cc0c1597fa11","Acondicionador Diamante 250ml.","1"
"6a6e4dbd46feabf3642b324c","69db281d2b56cc0c1597fe72","Alfapar 9.21","1"
"6a6e4dbd46feabf3642b324c","69db28262b56cc0c1597ff34","Alfaparf spray porificante 100ml.","1"
"6a6e4dbd46feabf3642b325b","69db28192b56cc0c1597fe17","Alfapar 8.3","1"
"6a6e4dbd46feabf3642b325b","69db28132b56cc0c1597fd99","Alfapar 7.34","1"
"6a6e4dbd46feabf3642b3262","69db28142b56cc0c1597fdae","Alfapar 7.43","1"
"6a6e4dbd46feabf3642b3262","69db27e92b56cc0c1597fa4b","Adesivo para extenciones Pestañas","1"
"6a6e4dbd46feabf3642b3262","69db281e2b56cc0c1597fe91","Alfapar 9NI","1"
"6a6e4dbd46feabf3642b326b","69db27f92b56cc0c1597fba1","Alfapar rigen shampoo 250 ml.","1"
"6a6e4dbd46feabf3642b326b","69db27e22b56cc0c1597f9b2","Aceite De Hueso De Mamey Para Pestañas.","1"
"6a6e4dbd46feabf3642b3270","69db28062b56cc0c1597fc96","Alfapar 5.22","1"
"6a6e4dbd46feabf3642b3270","69db28272b56cc0c1597ff52","Alicate Alaska Spa","1"
"6a6e4dbd46feabf3642b3270","69db28172b56cc0c1597fdf4","Alfapar 8.01","1"
"6a6e4dbd46feabf3642b3280","69db27ca2b56cc0c1597f7b0","4x4 papel cuello blanco de 5 pz.","1"
"6a6e4dbd46feabf3642b3282","69db28122b56cc0c1597fd8b","Alfapar 7.31","1"
"6a6e4dbd46feabf3642b3282","69db280a2b56cc0c1597fcea","Alfapar 5NI","1"
"6a6e4dbd46feabf3642b3282","69db27df2b56cc0c1597f965","4x4 Talco Ultra Fino","1"
"6a6e4dbd46feabf3642b3282","69db27f72b56cc0c1597fb70","Alfaparf 10.342","1"
"6a6e4dbd46feabf3642b3298","69db28012b56cc0c1597fc42","Alfapar 11.32","1"
"6a6e4dbd46feabf3642b3298","69db28222b56cc0c1597fede","Alfapar Olio Plex 100ml","1"
"6a6e4dbd46feabf3642b3298","69db27d82b56cc0c1597f8d9","4x4 oferta cera pasta y pomada 3pz.","1"
"6a6e4dbd46feabf3642b3298","69db27e42b56cc0c1597f9e5","Acetona Pura Chica (frasco hidra)","1"
"6a6e4dbd46feabf3642b329f","69db28272b56cc0c1597ff44","Alicate Alaska Manicure","1"
"6a6e4dbd46feabf3642b329f","69db281c2b56cc0c1597fe64","Alfapar 9.13","1"
"6a6e4dbd46feabf3642b329f","69db27e82b56cc0c1597fa34","Acrílicos De Colores Touche diamonds","1"
"6a6e4dbd46feabf3642b329f","69db27fc2b56cc0c1597fbcb","alfapar 013","1"
"6a6e4dbd46feabf3642b32ab","69db28222b56cc0c1597fed7","Alfapar nutritivo Mask","1"
"6a6e4dbd46feabf3642b32ab","69db28132b56cc0c1597fd99","Alfapar 7.34","1"
"6a6e4dbd46feabf3642b32ae","69db27d02b56cc0c1597f82b","4X4 Combo pow 5 pz.","1"
"6a6e4dbd46feabf3642b32b6","69db280c2b56cc0c1597fd0d","Alfapar 6.3","1"
"6a6e4dbd46feabf3642b32b6","69db27cf2b56cc0c1597f81d","4x4 Cera Telaraña 100ml.","1"
"6a6e4dbd46feabf3642b32b6","69db28302b56cc0c1598000d","Ampolletas Revive Teñido","1"
"6a6e4dbd46feabf3642b32b6","69db27f22b56cc0c1597fafe","Alain silver 30ml.","1"
"6a6e4dbd46feabf3642b32e2","69db28142b56cc0c1597fdb5","Alfapar 7.45","1"
"6a6e4dbd46feabf3642b32e2","69db27fd2b56cc0c1597fbe0","Alfapar 1","1"
"6a6e4dbd46feabf3642b32e2","69db27ca2b56cc0c1597f7b9","4x4 Pomada azul 100g","1"
"6a6e4dbd46feabf3642b32e2","69db281f2b56cc0c1597fe98","Alfapar ampoll. anti caida","1"
"6a6e4dbd46feabf3642b32f0","69db28122b56cc0c1597fd92","Alfapar 7.32","1"
"6a6e4dbd46feabf3642b32f0","69db281a2b56cc0c1597fe3a","Alfapar 8.66I","1"
"6a6e4dbd46feabf3642b32f3","69db27cd2b56cc0c1597f7fa","4x4 Cera en Polvo Volumizador Amarillo","1"
"6a6e4dbd46feabf3642b32f3","69db27ef2b56cc0c1597fac5","Agoja para rayos","1"
"6a6e4dbd46feabf3642b32f3","69db27f92b56cc0c1597fb93","Alfapar keratin serum 125 ml","1"
"6a6e4dbd46feabf3642b32f3","69db27f42b56cc0c1597fb37","Alexander tijera","1"
"6a6e4dbd46feabf3642b32f8","69db28062b56cc0c1597fc9d","Alfapar 5.3","1"
"6a6e4dbd46feabf3642b32fa","69db281b2b56cc0c1597fe48","Alfapar 8NI","1"
"6a6e4dbd46feabf3642b32fa","69db27d92b56cc0c1597f8f5","4x4 papel cuello negro 5 pz","1"
"6a6e4dbd46feabf3642b3306","69db27f02b56cc0c1597fad5","Aguja Peina Facil Grande 5pz.","1"
"6a6e4dbd46feabf3642b3317","69db27fb2b56cc0c1597fbc4","Alfapar 01","1"
"6a6e4dbd46feabf3642b3317","69db282b2b56cc0c1597ff97","Almoadillas de algodon","1"
"6a6e4dbd46feabf3642b3317","69db27ef2b56cc0c1597fac5","Agoja para rayos","1"
"6a6e4dbd46feabf3642b331b","69db27f62b56cc0c1597fb62","alfapar Real Rigen mascar. dañado 500g.","1"
"6a6e4dbd46feabf3642b331b","69db28082b56cc0c1597fcc0","Alfapar 5.6","1"
"6a6e4dbd46feabf3642b331b","69db28312b56cc0c1598001f","Andis","1"
"6a6e4dbd46feabf3642b331b","69db28312b56cc0c1598002d","Andis Cool Care Plus","1"
"6a6e4dbd46feabf3642b333c","69db27eb2b56cc0c1597fa72","adhesivo libre de latex","1"
"6a6e4dbd46feabf3642b333c","69db27da2b56cc0c1597f8fc","4x4 Pasta Dorada 100g.","1"
"6a6e4dbd46feabf3642b333c","69db28282b56cc0c1597ff68","Alicate GC Large","1"
"6a6e4dbd46feabf3642b333c","69db27e72b56cc0c1597fa1f","acrílico organic blanco (white)","1"
"6a6e4dbd46feabf3642b3352","69db27ce2b56cc0c1597f816","4x4 Cera Rosa 200ml.","1"
"6a6e4dbd46feabf3642b3352","69db28132b56cc0c1597fd99","Alfapar 7.34","1"
"6a6e4dbd46feabf3642b3355","69db28012b56cc0c1597fc42","Alfapar 11.32","1"
"6a6e4dbd46feabf3642b3355","69db28172b56cc0c1597fded","Alfapar 8","1"
"6a6e4dbd46feabf3642b3355","69db28282b56cc0c1597ff68","Alicate GC Large","1"
"6a6e4dbd46feabf3642b3355","69db28152b56cc0c1597fdca","Alfapar 7.62","1"
"6a6e4dbd46feabf3642b335a","69db280f2b56cc0c1597fd4c","Alfapar 6.7","1"
"6a6e4dbd46feabf3642b335a","69db27ef2b56cc0c1597fac5","Agoja para rayos","1"
"6a6e4dbd46feabf3642b335a","69db28262b56cc0c1597ff34","Alfaparf spray porificante 100ml.","1"
"6a6e4dbd46feabf3642b3368","69db27c92b56cc0c1597f7a9","4X4 oferta combo barber de 5 pz.","1"
"6a6e4dbd46feabf3642b3368","69db28102b56cc0c1597fd5a","Alfapar 6NI","1"
"6a6e4dbd46feabf3642b3368","69db27e02b56cc0c1597f987","aashta tijera ps154","1"
"6a6e4dbd46feabf3642b3371","69db27e92b56cc0c1597fa44","Activador para Gel en Frio Touche","1"
"6a6e4dbd46feabf3642b337e","69db27d62b56cc0c1597f8b9","4X4 Maquina Platinum Trimmer","1"
"6a6e4dbd46feabf3642b337e","69db27ee2b56cc0c1597faae","Adhesivo Tubo Transparente J.D/10gramos","1"
"6a6e4dbd46feabf3642b337e","69db27e82b56cc0c1597fa34","Acrílicos De Colores Touche diamonds","1"
"6a6e4dbd46feabf3642b337e","69db27cf2b56cc0c1597f81d","4x4 Cera Telaraña 100ml.","1"
"6a6e4dbd46feabf3642b3383","69db281c2b56cc0c1597fe64","Alfapar 9.13","1"
"6a6e4dbd46feabf3642b3383","69db28182b56cc0c1597fe10","Alfapar 8.23","1"
"6a6e4dbd46feabf3642b3383","69db27f42b56cc0c1597fb37","Alexander tijera","1"
"6a6e4dbd46feabf3642b338c","69db27fa2b56cc0c1597fbb6","Alfapar shampoo seco sin gas 150ml.","1"
"6a6e4dbd46feabf3642b338c","69db28242b56cc0c1597ff0f","Alfapar salone shampoo 500ml.","1"
"6a6e4dbd46feabf3642b338f","69db27e22b56cc0c1597f9b2","Aceite De Hueso De Mamey Para Pestañas.","1"
"6a6e4dbd46feabf3642b338f","69db28002b56cc0c1597fc18","Alfapar 11.00","1"
"6a6e4dbd46feabf3642b338f","69db27e42b56cc0c1597f9dc","acetona pura arys grande","1"
"6a6e4dbd46feabf3642b3398","69db28052b56cc0c1597fc88","Alfapar 5","1"
"6a6e4dbd46feabf3642b3398","69db28072b56cc0c1597fcb2","Alfapar 5.5","1"
"6a6e4dbd46feabf3642b3398","69db28172b56cc0c1597fdf4","Alfapar 8.01","1"
"6a6e4dbd46feabf3642b339e","69db28102b56cc0c1597fd61","Alfapar 7","1"
"6a6e4dbd46feabf3642b339e","69db28182b56cc0c1597fe09","Alfapar 8.21","1"
"6a6e4dbd46feabf3642b339e","69db27f82b56cc0c1597fb85","Alfapar 8.34","1"
"6a6e4dbd46feabf3642b33c6","69db281b2b56cc0c1597fe4f","Alfapar 9","1"
"6a6e4dbd46feabf3642b33c6","69db27ca2b56cc0c1597f7b9","4x4 Pomada azul 100g","1"
"6a6e4dbd46feabf3642b33c6","69db28322b56cc0c15980036","Andis Cuchilla Mini","1"
"6a6e4dbd46feabf3642b33c6","69db28192b56cc0c1597fe1e","Alfapar 8.31","1"
"6a6e4dbd46feabf3642b33d0","69db28022b56cc0c1597fc50","Alfapar 3","1"
"6a6e4dbd46feabf3642b33d0","69db282b2b56cc0c1597ffad","Amor us sponge","1"
"6a6e4dbd46feabf3642b33d3","69db28172b56cc0c1597fded","Alfapar 8","1"
"6a6e4dbd46feabf3642b33d3","69db27db2b56cc0c1597f911","4x4 Pomada Azul 200g","1"
"6a6e4dbd46feabf3642b33d3","69db282b2b56cc0c1597ff97","Almoadillas de algodon","1"
"6a6e4dbd46feabf3642b33dc","69db27cc2b56cc0c1597f7e3","4x4 Aftershave Rojo 400ml.","1"
"6a6e4dbd46feabf3642b33e3","69db27f92b56cc0c1597fba1","Alfapar rigen shampoo 250 ml.","1"
"6a6e4dbd46feabf3642b33e3","69db280c2b56cc0c1597fd0d","Alfapar 6.3","1"
"6a6e4dbd46feabf3642b33f4","69db281f2b56cc0c1597fe98","Alfapar ampoll. anti caida","1"
"6a6e4dbd46feabf3642b33f4","69db28262b56cc0c1597ff3d","Algodón Alby","1"
"6a6e4dbd46feabf3642b33f4","69db27cd2b56cc0c1597f801","4x4 cera gel kg.","1"
"6a6e4dbd46feabf3642b33f8","69db27eb2b56cc0c1597fa6b","adhesivo latex para rulos o pads liftin j denis","1"
"6a6e4dbd46feabf3642b33f8","69db28012b56cc0c1597fc34","Alfapar 11.20","1"
"6a6e4dbd46feabf3642b33f8","69db282a2b56cc0c1597ff90","Alkahzar agua de rosas","1"
"6a6e4dbd46feabf3642b33f8","69db282c2b56cc0c1597ffb6","Amor pinza pestañas","1"
"6a6e4dbd46feabf3642b33ff","69db281f2b56cc0c1597fea6","Alfapar Brocha y cio para tinte","1"
"6a6e4dbd46feabf3642b33ff","69db282c2b56cc0c1597ffb6","Amor pinza pestañas","1"
"6a6e4dbd46feabf3642b33ff","69db27f12b56cc0c1597faf0","Alain Silver Hot Tratamiento Restauraurador","1"
"6a6e4dbd46feabf3642b3403","69db27e72b56cc0c1597fa1f","acrílico organic blanco (white)","1"
"6a6e4dbd46feabf3642b3403","69db280d2b56cc0c1597fd22","Alfapar 6.4","1"
"6a6e4dbd46feabf3642b3406","69db27e32b56cc0c1597f9bb","Aceite Fortalezador Argan/Mamey","1"
"6a6e4dbd46feabf3642b3406","69db28102b56cc0c1597fd5a","Alfapar 6NI","1"
"6a6e4dbd46feabf3642b3406","69db27e12b56cc0c1597f995","Aashta tijeras negro no. 7","1"
"6a6e4dbd46feabf3642b3413","69db280f2b56cc0c1597fd53","Alfapar 6NB","1"
"6a6e4dbd46feabf3642b3413","69db28122b56cc0c1597fd8b","Alfapar 7.31","1"
"6a6e4dbd46feabf3642b341f","69db27e62b56cc0c1597fa01","Acetona Touche 225ml.","1"
"6a6e4dbd46feabf3642b341f","69db28102b56cc0c1597fd5a","Alfapar 6NI","1"
"6a6e4dbd46feabf3642b341f","69db27ca2b56cc0c1597f7c0","4x4 Aceite Para Cortadoras 118ml.","1"
"6a6e4dbd46feabf3642b341f","69db28132b56cc0c1597fda0","Alfapar 7.35","1"
"6a6e4dbd46feabf3642b342d","69db27c82b56cc0c1597f787","4X4 Gel para afeitar menta 1kg","1"
"6a6e4dbd46feabf3642b342d","69db281d2b56cc0c1597fe72","Alfapar 9.21","1"
"6a6e4dbd46feabf3642b342d","69db28082b56cc0c1597fcb9","Alfapar 5.53","1"
"6a6e4dbd46feabf3642b342d","69db27f42b56cc0c1597fb37","Alexander tijera","1"
"6a6e4dbd46feabf3642b3436","69db27dc2b56cc0c1597f926","4x4 Pomada Gris 100ml.","1"
"6a6e4dbd46feabf3642b3436","69db27f12b56cc0c1597fae9","alain silver herbal 9","1"
"6a6e4dbd46feabf3642b3436","69db28212b56cc0c1597fed0","Alfapar mask. keratin therapy","1"
"6a6e4dbd46feabf3642b343f","69db28162b56cc0c1597fdd8","Alfapar 7000","1"
"6a6e4dbd46feabf3642b343f","69db27d62b56cc0c1597f8ab","4x4 Maquina platino 10000 RPM","1"
"6a6e4dbd46feabf3642b343f","69db28212b56cc0c1597fec9","Alfapar Maschera Plex 150g.","1"
"6a6e4dbd46feabf3642b344c","69db27cd2b56cc0c1597f801","4x4 cera gel kg.","1"
"6a6e4dbd46feabf3642b3475","69db27ec2b56cc0c1597fa8b","Adhesivo Para Pestañas Duo Oscuro","1"
"6a6e4dbd46feabf3642b3475","69db27cb2b56cc0c1597f7ce","4x4 Aftershave King Blue 400ml","1"
"6a6e4dbd46feabf3642b3475","69db28012b56cc0c1597fc34","Alfapar 11.20","1"
"6a6e4dbd46feabf3642b3475","69db27e82b56cc0c1597fa34","Acrílicos De Colores Touche diamonds","1"
"6a6e4dbd46feabf3642b3482","69db27fd2b56cc0c1597fbee","Alfapar 10","1"
"6a6e4dbd46feabf3642b3482","69db27ec2b56cc0c1597fa8b","Adhesivo Para Pestañas Duo Oscuro","1"
"6a6e4dbd46feabf3642b3482","69db28192b56cc0c1597fe1e","Alfapar 8.31","1"
"6a6e4dbd46feabf3642b3482","69db281a2b56cc0c1597fe33","Alfapar 8.43","1"
"6a6e4dbd46feabf3642b348a","69db28242b56cc0c1597ff0f","Alfapar salone shampoo 500ml.","1"
"6a6e4dbd46feabf3642b34a2","69db27ca2b56cc0c1597f7b0","4x4 papel cuello blanco de 5 pz.","1"
"6a6e4dbd46feabf3642b34aa","69db28242b56cc0c1597ff01","Alfapar protector termico 200ml.","1"
"6a6e4dbd46feabf3642b34ac","69db281b2b56cc0c1597fe48","Alfapar 8NI","1"
"6a6e4dbd46feabf3642b34b3","69db28002b56cc0c1597fc26","Alfapar 11.11","1"
"6a6e4dbd46feabf3642b34b3","69db27d12b56cc0c1597f847","4x4 Cuchilla Trimer","1"
"6a6e4dbd46feabf3642b34b3","69db27e32b56cc0c1597f9bb","Aceite Fortalezador Argan/Mamey","1"
"6a6e4dbd46feabf3642b34b3","69db28282b56cc0c1597ff5d","Alicate barrilito","1"
"6a6e4dbd46feabf3642b34ce","69db27f52b56cc0c1597fb42","Alfa keratin Therapia","1"
"6a6e4dbd46feabf3642b34ce","69db27d02b56cc0c1597f832","4x4 Cuchilla Platino trimer DLC","1"
"6a6e4dbd46feabf3642b34ce","69db27e42b56cc0c1597f9e5","Acetona Pura Chica (frasco hidra)","1"
"6a6e4dbd46feabf3642b34e0","69db27ce2b56cc0c1597f816","4x4 Cera Rosa 200ml.","1"
"6a6e4dbd46feabf3642b34e0","69db27d92b56cc0c1597f8f5","4x4 papel cuello negro 5 pz","1"
"6a6e4dbd46feabf3642b34e0","69db27f92b56cc0c1597fba1","Alfapar rigen shampoo 250 ml.","1"
"6a6e4dbd46feabf3642b34e4","69db27cb2b56cc0c1597f7c7","4x4 Aftershave Amarillo 400ml.","1"
"6a6e4dbd46feabf3642b34e4","69db27e42b56cc0c1597f9d1","ACETONA ORGANIC 120 ML","1"
"6a6e4dbd46feabf3642b34e4","69db27dc2b56cc0c1597f934","4x4 Pomada Roja 200g","1"
"6a6e4dbd46feabf3642b34f1","69db281b2b56cc0c1597fe41","Alfapar 8NB","1"
"6a6e4dbd46feabf3642b350b","69db28122b56cc0c1597fd8b","Alfapar 7.31","1"
"6a6e4dbd46feabf3642b350b","69db28162b56cc0c1597fde6","Alfapar 7NI","1"
"6a6e4dbd46feabf3642b350b","69db27ce2b56cc0c1597f80f","4x4 Cera Rosa 100ml.","1"
"6a6e4dbd46feabf3642b350b","69db27d22b56cc0c1597f865","4x4 gel afeitar 955kg. blanco","1"
"6a6e4dbd46feabf3642b3514","69db28242b56cc0c1597ff0f","Alfapar salone shampoo 500ml.","1"
"6a6e4dbd46feabf3642b3514","69db27ce2b56cc0c1597f80f","4x4 Cera Rosa 100ml.","1"
"6a6e4dbd46feabf3642b3514","69db27f32b56cc0c1597fb17","Alaska Saca Comedones","1"
"6a6e4dbd46feabf3642b351e","69db27e12b56cc0c1597f995","Aashta tijeras negro no. 7","1"
"6a6e4dbd46feabf3642b351e","69db28062b56cc0c1597fc9d","Alfapar 5.3","1"
"6a6e4dbd46feabf3642b351e","69db28152b56cc0c1597fdca","Alfapar 7.62","1"
"6a6e4dbd46feabf3642b3524","69db27cc2b56cc0c1597f7dc","4X4 Aftershave Power Gold 400ml.","1"
"6a6e4dbd46feabf3642b3524","69db28122b56cc0c1597fd8b","Alfapar 7.31","1"
"6a6e4dbd46feabf3642b352e","69db281c2b56cc0c1597fe5d","Alfapar 9.1","1"
"6a6e4dbd46feabf3642b3538","69db28042b56cc0c1597fc73","Alfapar 4.66I","1"
"6a6e4dbd46feabf3642b3538","69db27f22b56cc0c1597fb09","Alaska brocha barbero","1"
"6a6e4dbd46feabf3642b3538","69db27fc2b56cc0c1597fbd9","Alfapar 03","1"
"6a6e4dbd46feabf3642b3542","69db282a2b56cc0c1597ff85","Alicate Lobo1330-00","1"
"6a6e4dbd46feabf3642b3542","69db28282b56cc0c1597ff68","Alicate GC Large","1"
"6a6e4dbd46feabf3642b3542","69db282b2b56cc0c1597ffad","Amor us sponge","1"
"6a6e4dbd46feabf3642b3542","69db28162b56cc0c1597fddf","Alfapar 7NB","1"
"6a6e4dbd46feabf3642b3547","69db27df2b56cc0c1597f965","4x4 Talco Ultra Fino","1"
"6a6e4dbd46feabf3642b3547","69db28002b56cc0c1597fc18","Alfapar 11.00","1"
"6a6e4dbd46feabf3642b3547","69db281f2b56cc0c1597fe98","Alfapar ampoll. anti caida","1"
"6a6e4dbd46feabf3642b3547","69db27e22b56cc0c1597f9b2","Aceite De Hueso De Mamey Para Pestañas.","1"
"6a6e4dbd46feabf3642b3550","69db28122b56cc0c1597fd92","Alfapar 7.32","1"
"6a6e4dbd46feabf3642b3550","69db28292b56cc0c1597ff6f","Alicate Gc Medium","1"
"6a6e4dbd46feabf3642b3550","69db27dd2b56cc0c1597f93b","4x4 shampoo matiz negro 300ml.","1"
"6a6e4dbd46feabf3642b3554","69db28142b56cc0c1597fdb5","Alfapar 7.45","1"
"6a6e4dbd46feabf3642b3554","69db27d62b56cc0c1597f8b2","4X4 Maquina Platinum Clipper","1"
"6a6e4dbd46feabf3642b355d","69db281d2b56cc0c1597fe6b","Alfapar 9.2","1"
"6a6e4dbd46feabf3642b355d","69db28202b56cc0c1597febb","Alfapar Keratin Therapy lisse Oil 50ml.","1"
"6a6e4dbd46feabf3642b355d","69db27f02b56cc0c1597fae0","Alain silver tratamiento","1"
"6a6e4dbd46feabf3642b355d","69db28102b56cc0c1597fd68","Alfapar 7.01","1"
"6a6e4dbd46feabf3642b3566","69db28062b56cc0c1597fc96","Alfapar 5.22","1"
"6a6e4dbd46feabf3642b3571","69db27e82b56cc0c1597fa26","Acrílico Zodiaco","1"
"6a6e4dbd46feabf3642b3579","69db27fd2b56cc0c1597fbe0","Alfapar 1","1"
"6a6e4dbd46feabf3642b3579","69db28142b56cc0c1597fdae","Alfapar 7.43","1"
"6a6e4dbd46feabf3642b3579","69db28192b56cc0c1597fe17","Alfapar 8.3","1"
"6a6e4dbd46feabf3642b3588","69db281e2b56cc0c1597fe91","Alfapar 9NI","1"
"6a6e4dbd46feabf3642b3588","69db27c92b56cc0c1597f799","4x4 maquina inalambrico plastico G oferta de 4 pz.","1"
"6a6e4dbd46feabf3642b3593","69db28202b56cc0c1597fead","Alfapar keratin mask","1"
"6a6e4dbd46feabf3642b359e","69db27fd2b56cc0c1597fbe7","Alfapar 1.11","1"
"6a6e4dbd46feabf3642b35a5","69db27fb2b56cc0c1597fbbd","Alfapar 000SSS","1"
"6a6e4dbd46feabf3642b35a5","69db27d02b56cc0c1597f839","4x4 Cuchilla DLC","1"
"6a6e4dbd46feabf3642b35a5","69db27f82b56cc0c1597fb7e","Alfaparf 8.221","1"
"6a6e4dbd46feabf3642b35a9","69db282f2b56cc0c1597fff1","Ampolletas Revive Bifasica","1"
"6a6e4dbd46feabf3642b35a9","69db28212b56cc0c1597fec9","Alfapar Maschera Plex 150g.","1"
"6a6e4dbd46feabf3642b35c1","69db28022b56cc0c1597fc49","Alfapar 2","1"
"6a6e4dbd46feabf3642b35c1","69db27d22b56cc0c1597f85e","4X4 Exfoliante facial","1"
"6a6e4dbd46feabf3642b35c1","69db28142b56cc0c1597fdb5","Alfapar 7.45","1"
"6a6e4dbd46feabf3642b35cd","69db27cc2b56cc0c1597f7e3","4x4 Aftershave Rojo 400ml.","1"
"6a6e4dbd46feabf3642b35cd","69db28182b56cc0c1597fe09","Alfapar 8.21","1"
"6a6e4dbd46feabf3642b35d4","69db27ff2b56cc0c1597fc11","Alfapar 10NB","1"
"6a6e4dbd46feabf3642b35df","69db28242b56cc0c1597ff08","Alfapar Real Rigen k.","1"
"6a6e4dbd46feabf3642b35df","69db28282b56cc0c1597ff5d","Alicate barrilito","1"
"6a6e4dbd46feabf3642b35fb","69db27f12b56cc0c1597faf0","Alain Silver Hot Tratamiento Restauraurador","1"
"6a6e4dbd46feabf3642b35fb","69db27ca2b56cc0c1597f7b0","4x4 papel cuello blanco de 5 pz.","1"
"6a6e4dbd46feabf3642b35fb","69db28242b56cc0c1597ff0f","Alfapar salone shampoo 500ml.","1"
"6a6e4dbd46feabf3642b35ff","69db27ec2b56cc0c1597fa80","adhesivo para pads color blanco  trasparente j denis","1"
"6a6e4dbd46feabf3642b35ff","69db28272b56cc0c1597ff4b","Alicate Alaska Pedicure","1"
"6a6e4dbd46feabf3642b361e","69db28022b56cc0c1597fc49","Alfapar 2","1"
"6a6e4dbd46feabf3642b3620","69db27d92b56cc0c1597f8ee","4x4 papel cuello negro un rollo","1"
"6a6e4dbd46feabf3642b3620","69db27f12b56cc0c1597fae9","alain silver herbal 9","1"
"6a6e4dbd46feabf3642b3623","69db28122b56cc0c1597fd8b","Alfapar 7.31","1"
"6a6e4dbd46feabf3642b3623","69db27d82b56cc0c1597f8d9","4x4 oferta cera pasta y pomada 3pz.","1"
"6a6e4dbd46feabf3642b3629","69db28202b56cc0c1597fead","Alfapar keratin mask","1"
"6a6e4dbd46feabf3642b3629","69db27e12b56cc0c1597f98e","Aashta Tijera Cocodrilo","1"
"6a6e4dbd46feabf3642b3629","69db282b2b56cc0c1597ffad","Amor us sponge","1"
"6a6e4dbd46feabf3642b3629","69db27e82b56cc0c1597fa26","Acrílico Zodiaco","1"
"6a6e4dbd46feabf3642b362e","69db27ee2b56cc0c1597faa7","Adhesivo Tubo oscuro J.D/10gramos","1"
"6a6e4dbd46feabf3642b362e","69db281d2b56cc0c1597fe72","Alfapar 9.21","1"
"6a6e4dbd46feabf3642b3645","69db27f12b56cc0c1597faf0","Alain Silver Hot Tratamiento Restauraurador","1"
"6a6e4dbd46feabf3642b3645","69db27f62b56cc0c1597fb62","alfapar Real Rigen mascar. dañado 500g.","1"
"6a6e4dbd46feabf3642b3645","69db281b2b56cc0c1597fe4f","Alfapar 9","1"
"6a6e4dbd46feabf3642b3645","69db27df2b56cc0c1597f965","4x4 Talco Ultra Fino","1"
"6a6e4dbd46feabf3642b364a","69db27d12b56cc0c1597f840","4X4 Cuchilla Normal","1"
"6a6e4dbd46feabf3642b364a","69db282e2b56cc0c1597ffdb","Ampolletas Alfaparf Semi Di Lino Shine Lotion (Lila)","1"
"6a6e4dbd46feabf3642b364a","69db28122b56cc0c1597fd92","Alfapar 7.32","1"
"6a6e4dbd46feabf3642b364a","69db28182b56cc0c1597fe10","Alfapar 8.23","1"
"6a6e4dbd46feabf3642b364f","69db27fb2b56cc0c1597fbbd","Alfapar 000SSS","1"
"6a6e4dbd46feabf3642b364f","69db27ee2b56cc0c1597faa7","Adhesivo Tubo oscuro J.D/10gramos","1"
"6a6e4dbd46feabf3642b364f","69db27f12b56cc0c1597faf0","Alain Silver Hot Tratamiento Restauraurador","1"
"6a6e4dbd46feabf3642b364f","69db27f22b56cc0c1597fb09","Alaska brocha barbero","1"
"6a6e4dbd46feabf3642b365c","69db27cd2b56cc0c1597f7f3","4x4 Balsamo Negro Liquido","1"
"6a6e4dbd46feabf3642b365c","69db27c92b56cc0c1597f7a9","4X4 oferta combo barber de 5 pz.","1"
"6a6e4dbd46feabf3642b365c","69db28142b56cc0c1597fdae","Alfapar 7.43","1"
"6a6e4dbd46feabf3642b365c","69db27fb2b56cc0c1597fbbd","Alfapar 000SSS","1"
"6a6e4dbd46feabf3642b366d","69db282e2b56cc0c1597ffe6","Ampolletas Hidraforce - Gegenerex","1"
"6a6e4dbd46feabf3642b366f","69db281d2b56cc0c1597fe6b","Alfapar 9.2","1"
"6a6e4dbd46feabf3642b3673","69db27d62b56cc0c1597f8b9","4X4 Maquina Platinum Trimmer","1"
"6a6e4dbd46feabf3642b3673","69db27ff2b56cc0c1597fc0a","Alfapar 10.31","1"
"6a6e4dbd46feabf3642b3673","69db281f2b56cc0c1597fe98","Alfapar ampoll. anti caida","1"
"6a6e4dbd46feabf3642b3673","69db280a2b56cc0c1597fcf1","Alfapar 6","1"
"6a6e4dbd46feabf3642b3694","69db27f42b56cc0c1597fb29","Alexander style porta navaja","1"
"6a6e4dbd46feabf3642b36a3","69db27ee2b56cc0c1597faae","Adhesivo Tubo Transparente J.D/10gramos","1"
"6a6e4dbd46feabf3642b36a3","69db27e52b56cc0c1597f9f3","Acetona Pura Touche 980ml","1"
"6a6e4dbd46feabf3642b36a3","69db27ed2b56cc0c1597faa0","adhesivo supreme j denis para pestañas mink","1"
"6a6e4dbd46feabf3642b36a3","69db27d82b56cc0c1597f8d2","4x4 navaja platinum","1"
"6a6e4dbd46feabf3642b36a8","69db28252b56cc0c1597ff16","Alfapar Semi di lino 50ml.","1"
"6a6e4dbd46feabf3642b36a8","69db28272b56cc0c1597ff44","Alicate Alaska Manicure","1"
"6a6e4dbd46feabf3642b36a8","69db280f2b56cc0c1597fd53","Alfapar 6NB","1"
"6a6e4dbd46feabf3642b36a8","69db280e2b56cc0c1597fd37","Alfapar 6.53","1"
"6a6e4dbd46feabf3642b36b9","69db27da2b56cc0c1597f8fc","4x4 Pasta Dorada 100g.","1"
"6a6e4dbd46feabf3642b36bb","69db28142b56cc0c1597fdae","Alfapar 7.43","1"
"6a6e4dbd46feabf3642b36bd","69db28242b56cc0c1597ff01","Alfapar protector termico 200ml.","1"
"6a6e4dbd46feabf3642b36bd","69db27e92b56cc0c1597fa4b","Adesivo para extenciones Pestañas","1"
"6a6e4dbd46feabf3642b36bd","69db280f2b56cc0c1597fd4c","Alfapar 6.7","1"
"6a6e4dbd46feabf3642b36c6","69db27df2b56cc0c1597f970","Aashta clip metalico o sojetador","1"
"6a6e4dbd46feabf3642b36c6","69db27dc2b56cc0c1597f92d","4x4 Pomada Gris 200ml.","1"
"6a6e4dbd46feabf3642b36c6","69db281e2b56cc0c1597fe83","Alfapar 9.31","1"
"6a6e4dbd46feabf3642b36cd","69db27e52b56cc0c1597f9ec","Acetona Pura Mediana arys","1"
"6a6e4dbd46feabf3642b36cd","69db27eb2b56cc0c1597fa6b","adhesivo latex para rulos o pads liftin j denis","1"
"6a6e4dbd46feabf3642b36cd","69db28222b56cc0c1597fede","Alfapar Olio Plex 100ml","1"
"6a6e4dbd46feabf3642b36cd","69db27ee2b56cc0c1597faae","Adhesivo Tubo Transparente J.D/10gramos","1"
"6a6e4dbd46feabf3642b36ed","69db28312b56cc0c1598001f","Andis","1"
"6a6e4dbd46feabf3642b36ed","69db27d82b56cc0c1597f8d2","4x4 navaja platinum","1"
"6a6e4dbd46feabf3642b36ed","69db28182b56cc0c1597fe10","Alfapar 8.23","1"
"6a6e4dbd46feabf3642b36ed","69db27e72b56cc0c1597fa11","Acondicionador Diamante 250ml.","1"
"6a6e4dbd46feabf3642b3719","69db27d62b56cc0c1597f8b2","4X4 Maquina Platinum Clipper","1"
"6a6e4dbd46feabf3642b371b","69db28072b56cc0c1597fcb2","Alfapar 5.5","1"
"6a6e4dbd46feabf3642b371b","69db27f62b56cc0c1597fb5b","Alfapar benvoleo shampoo seco sin gas 150 g","1"
"6a6e4dbd46feabf3642b371b","69db27f82b56cc0c1597fb8c","Alfapar 9.423","1"
"6a6e4dbd46feabf3642b371b","69db27cd2b56cc0c1597f7fa","4x4 Cera en Polvo Volumizador Amarillo","1"
"6a6e4dbd46feabf3642b372f","69db27f12b56cc0c1597fae9","alain silver herbal 9","1"
"6a6e4dbd46feabf3642b372f","69db28292b56cc0c1597ff7a","Alicate Katya 1162-07","1"
"6a6e4dbd46feabf3642b372f","69db281f2b56cc0c1597fe98","Alfapar ampoll. anti caida","1"
"6a6e4dbd46feabf3642b3733","69db27d92b56cc0c1597f8ee","4x4 papel cuello negro un rollo","1"
"6a6e4dbd46feabf3642b3733","69db27e22b56cc0c1597f9a7","Ablandador De Canas Waving","1"
"6a6e4dbd46feabf3642b3736","69db282a2b56cc0c1597ff85","Alicate Lobo1330-00","1"
"6a6e4dbd46feabf3642b3736","69db27ea2b56cc0c1597fa5d","Adhesivo J.Denis Oscuro con keratina","1"
"6a6e4dbd46feabf3642b3736","69db27fc2b56cc0c1597fbcb","alfapar 013","1"
"6a6e4dbd46feabf3642b3740","69db27d82b56cc0c1597f8d9","4x4 oferta cera pasta y pomada 3pz.","1"
"6a6e4dbd46feabf3642b3748","69db27f12b56cc0c1597faf0","Alain Silver Hot Tratamiento Restauraurador","1"
"6a6e4dbd46feabf3642b375b","69db27ce2b56cc0c1597f80f","4x4 Cera Rosa 100ml.","1"
"6a6e4dbd46feabf3642b375b","69db27d02b56cc0c1597f82b","4X4 Combo pow 5 pz.","1"
"6a6e4dbd46feabf3642b375b","69db28152b56cc0c1597fdd1","Alfapar 7.66I","1"
"6a6e4dbd46feabf3642b375b","69db27cf2b56cc0c1597f81d","4x4 Cera Telaraña 100ml.","1"
"6a6e4dbd46feabf3642b376c","69db27ee2b56cc0c1597fab5","Afaparf salone supreme mask","1"
"6a6e4dbd46feabf3642b376c","69db27f62b56cc0c1597fb5b","Alfapar benvoleo shampoo seco sin gas 150 g","1"
"6a6e4dbd46feabf3642b376c","69db28042b56cc0c1597fc7a","Alfapar 4NB","1"
"6a6e4dbd46feabf3642b376c","69db282b2b56cc0c1597ffad","Amor us sponge","1"
"6a6e4dbd46feabf3642b3776","69db27e92b56cc0c1597fa44","Activador para Gel en Frio Touche","1"
"6a6e4dbd46feabf3642b3780","69db27de2b56cc0c1597f95e","4x4 Talco Invencible","1"
"6a6e4dbd46feabf3642b3780","69db28012b56cc0c1597fc3b","Alfapar 11.21","1"
"6a6e4dbd46feabf3642b3780","69db27dc2b56cc0c1597f92d","4x4 Pomada Gris 200ml.","1"
"6a6e4dbd46feabf3642b37a7","69db27c92b56cc0c1597f7a0","4x4 minoxidil","1"
"6a6e4dbd46feabf3642b37ab","69db27ca2b56cc0c1597f7c0","4x4 Aceite Para Cortadoras 118ml.","1"
"6a6e4dbd46feabf3642b37b3","69db27de2b56cc0c1597f950","4x4 shampoo cervesa azul","1"
"6a6e4dbd46feabf3642b37bf","69db28082b56cc0c1597fcc0","Alfapar 5.6","1"
"6a6e4dbd46feabf3642b37bf","69db28122b56cc0c1597fd84","Alfapar 7.3","1"
"6a6e4dbd46feabf3642b37bf","69db28002b56cc0c1597fc26","Alfapar 11.11","1"
"6a6e4dbd46feabf3642b37bf","69db27eb2b56cc0c1597fa79","adhesivo para pads color blanco tapa dorada j denis","1"
"6a6e4dbe46feabf3642b37d3","69db281e2b56cc0c1597fe91","Alfapar 9NI","1"
"6a6e4dbe46feabf3642b37d3","69db281d2b56cc0c1597fe79","Alfapar 9.3","1"
"6a6e4dbe46feabf3642b37d3","69db27f22b56cc0c1597fafe","Alain silver 30ml.","1"
"6a6e4dbe46feabf3642b37d3","69db27f02b56cc0c1597fad5","Aguja Peina Facil Grande 5pz.","1"
"6a6e4dbe46feabf3642b37da","69db27f62b56cc0c1597fb52","Alfapaf 6.56","1"
"6a6e4dbe46feabf3642b37da","69db281e2b56cc0c1597fe8a","Alfapar 9NB","1"
"6a6e4dbe46feabf3642b37dd","69db28012b56cc0c1597fc2d","Alfapar 11.13","1"
"6a6e4dbe46feabf3642b37dd","69db280c2b56cc0c1597fd1b","Alfapar 6.35","1"
"6a6e4dbe46feabf3642b37eb","69db28072b56cc0c1597fca4","Alfapar 5.32","1"
"6a6e4dbe46feabf3642b37eb","69db28172b56cc0c1597fdfb","Alfapar 8.1","1"
"6a6e4dbe46feabf3642b37eb","69db27da2b56cc0c1597f90a","4x4 Polvo Volumizador Seco Negro","1"
"6a6e4dbe46feabf3642b37eb","69db28042b56cc0c1597fc81","Alfapar 4NI","1"
"6a6e4dbe46feabf3642b37f5","69db27f32b56cc0c1597fb17","Alaska Saca Comedones","1"
"6a6e4dbe46feabf3642b37f5","69db27ce2b56cc0c1597f80f","4x4 Cera Rosa 100ml.","1"
"6a6e4dbe46feabf3642b37f8","69db27ef2b56cc0c1597face","Aguja Peina Facil 5pz. V/Colores","1"
"6a6e4dbe46feabf3642b380f","69db27d42b56cc0c1597f88f","4x4 Goma 280ml.","1"
"6a6e4dbe46feabf3642b380f","69db28002b56cc0c1597fc26","Alfapar 11.11","1"
"6a6e4dbe46feabf3642b380f","69db28122b56cc0c1597fd92","Alfapar 7.32","1"
"6a6e4dbe46feabf3642b3813","69db27fc2b56cc0c1597fbcb","alfapar 013","1"
"6a6e4dbe46feabf3642b3813","69db28182b56cc0c1597fe09","Alfapar 8.21","1"
"6a6e4dbe46feabf3642b3813","69db27e82b56cc0c1597fa2d","Acrílico Eteri Organic","1"
"6a6e4dbe46feabf3642b3821","69db27ea2b56cc0c1597fa64","Adhesivo J.Denis Transparente con keratina","1"
"6a6e4dbe46feabf3642b3821","69db27d92b56cc0c1597f8f5","4x4 papel cuello negro 5 pz","1"
"6a6e4dbe46feabf3642b3821","69db28192b56cc0c1597fe25","Alfapar 8.32","1"
"6a6e4dbe46feabf3642b3821","69db27d22b56cc0c1597f855","4x4 Enfriador de Maquinas 400g.","1"
"6a6e4dbe46feabf3642b3826","69db28012b56cc0c1597fc3b","Alfapar 11.21","1"
"6a6e4dbe46feabf3642b3826","69db28272b56cc0c1597ff52","Alicate Alaska Spa","1"
"6a6e4dbe46feabf3642b382d","69db28242b56cc0c1597ff0f","Alfapar salone shampoo 500ml.","1"
"6a6e4dbe46feabf3642b3833","69db28112b56cc0c1597fd6f","Alfapar 7.1","1"
"6a6e4dbe46feabf3642b3833","69db27fd2b56cc0c1597fbee","Alfapar 10","1"
"6a6e4dbe46feabf3642b3833","69db28152b56cc0c1597fdd1","Alfapar 7.66I","1"
"6a6e4dbe46feabf3642b3839","69db28222b56cc0c1597fee5","Alfapar Oxido 10 vol. 1000ml.","1"
"6a6e4dbe46feabf3642b3839","69db280d2b56cc0c1597fd29","Alfapar 6.45","1"
"6a6e4dbe46feabf3642b3839","69db27ce2b56cc0c1597f816","4x4 Cera Rosa 200ml.","1"
"6a6e4dbe46feabf3642b3840","69db28052b56cc0c1597fc88","Alfapar 5","1"
"6a6e4dbe46feabf3642b3840","69db282d2b56cc0c1597ffc6","Ampolletas Alfaparf Aceite Lenitivo","1"
"6a6e4dbe46feabf3642b3840","69db28062b56cc0c1597fc9d","Alfapar 5.3","1"
"6a6e4dbe46feabf3642b3840","69db282a2b56cc0c1597ff90","Alkahzar agua de rosas","1"
"6a6e4dbe46feabf3642b3845","69db27f42b56cc0c1597fb29","Alexander style porta navaja","1"
"6a6e4dbe46feabf3642b3845","69db27cd2b56cc0c1597f801","4x4 cera gel kg.","1"
"6a6e4dbe46feabf3642b3848","69db281f2b56cc0c1597fe9f","Alfapar benvoleo olio nutritivo 100ml.","1"
"6a6e4dbe46feabf3642b3853","69db27ca2b56cc0c1597f7b0","4x4 papel cuello blanco de 5 pz.","1"
"6a6e4dbe46feabf3642b3853","69db27fa2b56cc0c1597fbb6","Alfapar shampoo seco sin gas 150ml.","1"
"6a6e4dbe46feabf3642b385c","69db27e62b56cc0c1597fa01","Acetona Touche 225ml.","1"
"6a6e4dbe46feabf3642b385c","69db27c92b56cc0c1597f7a0","4x4 minoxidil","1"
"6a6e4dbe46feabf3642b385c","69db27d82b56cc0c1597f8d9","4x4 oferta cera pasta y pomada 3pz.","1"
"6a6e4dbe46feabf3642b385c","69db282f2b56cc0c1597ffff","Ampolletas Revive Fortificante","1"
"6a6e4dbe46feabf3642b3861","69db27e12b56cc0c1597f99c","aashta tijeras ps817","1"
"6a6e4dbe46feabf3642b3861","69db28192b56cc0c1597fe1e","Alfapar 8.31","1"
"6a6e4dbe46feabf3642b3861","69db27de2b56cc0c1597f95e","4x4 Talco Invencible","1"
"6a6e4dbe46feabf3642b3861","69db27e02b56cc0c1597f980","aashta ps -807","1"
"6a6e4dbe46feabf3642b3870","69db27da2b56cc0c1597f903","4x4 Pasta Dorada 200g.","1"
"6a6e4dbe46feabf3642b3870","69db28082b56cc0c1597fcc0","Alfapar 5.6","1"
"6a6e4dbe46feabf3642b3870","69db27c92b56cc0c1597f799","4x4 maquina inalambrico plastico G oferta de 4 pz.","1"
"6a6e4dbe46feabf3642b3870","69db27d02b56cc0c1597f832","4x4 Cuchilla Platino trimer DLC","1"
"6a6e4dbe46feabf3642b3875","69db280d2b56cc0c1597fd22","Alfapar 6.4","1"
"6a6e4dbe46feabf3642b3875","69db28062b56cc0c1597fc9d","Alfapar 5.3","1"
"6a6e4dbe46feabf3642b3878","69db281f2b56cc0c1597fe98","Alfapar ampoll. anti caida","1"
"6a6e4dbe46feabf3642b3878","69db27dd2b56cc0c1597f93b","4x4 shampoo matiz negro 300ml.","1"
"6a6e4dbe46feabf3642b3878","69db27f92b56cc0c1597fb93","Alfapar keratin serum 125 ml","1"
"6a6e4dbe46feabf3642b387f","69db27ce2b56cc0c1597f80f","4x4 Cera Rosa 100ml.","1"
"6a6e4dbe46feabf3642b387f","69db28002b56cc0c1597fc18","Alfapar 11.00","1"
"6a6e4dbe46feabf3642b387f","69db27cd2b56cc0c1597f7f3","4x4 Balsamo Negro Liquido","1"
"6a6e4dbe46feabf3642b387f","69db27e52b56cc0c1597f9ec","Acetona Pura Mediana arys","1"
"6a6e4dbe46feabf3642b3884","69db28272b56cc0c1597ff44","Alicate Alaska Manicure","1"
"6a6e4dbe46feabf3642b3886","69db27d12b56cc0c1597f84e","4x4 Desinfectante Antibacterial 250ml.","1"
"6a6e4dbe46feabf3642b3886","69db280c2b56cc0c1597fd14","Alfapar 6.32","1"
"6a6e4dbe46feabf3642b388b","69db281e2b56cc0c1597fe83","Alfapar 9.31","1"
"6a6e4dbe46feabf3642b3892","69db280f2b56cc0c1597fd53","Alfapar 6NB","1"
"6a6e4dbe46feabf3642b3892","69db27e82b56cc0c1597fa2d","Acrílico Eteri Organic","1"
"6a6e4dbe46feabf3642b3897","69db28022b56cc0c1597fc50","Alfapar 3","1"
"6a6e4dbe46feabf3642b3899","69db27cd2b56cc0c1597f801","4x4 cera gel kg.","1"
"6a6e4dbe46feabf3642b3899","69db27fd2b56cc0c1597fbe0","Alfapar 1","1"
"6a6e4dbe46feabf3642b3899","69db281e2b56cc0c1597fe8a","Alfapar 9NB","1"
"6a6e4dbe46feabf3642b3899","69db282d2b56cc0c1597ffcd","Ampolletas Alfaparf Midollo di Bamboo (Blanco)","1"
"6a6e4dbe46feabf3642b389e","69db27e92b56cc0c1597fa3b","Acrylic sterilizador agrílico","1"
"6a6e4dbe46feabf3642b389e","69db28022b56cc0c1597fc49","Alfapar 2","1"
"6a6e4dbe46feabf3642b38a1","69db28012b56cc0c1597fc34","Alfapar 11.20","1"
"6a6e4dbe46feabf3642b38a1","69db27d62b56cc0c1597f8b2","4X4 Maquina Platinum Clipper","1"
"6a6e4dbe46feabf3642b38a1","69db27fe2b56cc0c1597fbf5","Alfapar 10.1","1"
"6a6e4dbe46feabf3642b38a1","69db282b2b56cc0c1597ffad","Amor us sponge","1"
"6a6e4dbe46feabf3642b38a9","69db28072b56cc0c1597fca4","Alfapar 5.32","1"
"6a6e4dbe46feabf3642b38a9","69db27cf2b56cc0c1597f824","4X4 Combo Maquina platinum Clipper/Trimmer","1"
"6a6e4dbe46feabf3642b38a9","69db28082b56cc0c1597fcc0","Alfapar 5.6","1"
"6a6e4dbe46feabf3642b38bf","69db28222b56cc0c1597fede","Alfapar Olio Plex 100ml","1"
"6a6e4dbe46feabf3642b38bf","69db28082b56cc0c1597fcc0","Alfapar 5.6","1"
"6a6e4dbe46feabf3642b38bf","69db27df2b56cc0c1597f965","4x4 Talco Ultra Fino","1"
"6a6e4dbe46feabf3642b38bf","69db28212b56cc0c1597fed0","Alfapar mask. keratin therapy","1"
"6a6e4dbe46feabf3642b38c9","69db28012b56cc0c1597fc2d","Alfapar 11.13","1"
"6a6e4dbe46feabf3642b38ce","69db28192b56cc0c1597fe25","Alfapar 8.32","1"
"6a6e4dbe46feabf3642b38ce","69db27cc2b56cc0c1597f7ec","4x4 Balsamo Cubre Canas 100g.","1"
"6a6e4dbe46feabf3642b38ce","69db282d2b56cc0c1597ffcd","Ampolletas Alfaparf Midollo di Bamboo (Blanco)","1"
"6a6e4dbe46feabf3642b38d7","69db281c2b56cc0c1597fe64","Alfapar 9.13","1"
"6a6e4dbe46feabf3642b38e3","69db27df2b56cc0c1597f970","Aashta clip metalico o sojetador","1"
"6a6e4dbe46feabf3642b38e3","69db28172b56cc0c1597fded","Alfapar 8","1"
"6a6e4dbe46feabf3642b38f2","69db27df2b56cc0c1597f970","Aashta clip metalico o sojetador","1"
"6a6e4dbe46feabf3642b38f2","69db28072b56cc0c1597fca4","Alfapar 5.32","1"
"6a6e4dbe46feabf3642b38f2","69db28162b56cc0c1597fde6","Alfapar 7NI","1"
"6a6e4dbe46feabf3642b38f2","69db27fc2b56cc0c1597fbd9","Alfapar 03","1"
"6a6e4dbe46feabf3642b38fa","69db28152b56cc0c1597fdca","Alfapar 7.62","1"
"6a6e4dbe46feabf3642b3906","69db28062b56cc0c1597fc9d","Alfapar 5.3","1"
"6a6e4dbe46feabf3642b3906","69db281c2b56cc0c1597fe5d","Alfapar 9.1","1"
"6a6e4dbe46feabf3642b3906","69db282b2b56cc0c1597ff97","Almoadillas de algodon","1"
"6a6e4dbe46feabf3642b390a","69db28082b56cc0c1597fcb9","Alfapar 5.53","1"
"6a6e4dbe46feabf3642b3917","69db27e82b56cc0c1597fa2d","Acrílico Eteri Organic","1"
"6a6e4dbe46feabf3642b3917","69db282c2b56cc0c1597ffb6","Amor pinza pestañas","1"
"6a6e4dbe46feabf3642b3920","69db27c92b56cc0c1597f7a0","4x4 minoxidil","1"
"6a6e4dbe46feabf3642b3922","69db28122b56cc0c1597fd84","Alfapar 7.3","1"
"6a6e4dbe46feabf3642b3922","69db281b2b56cc0c1597fe4f","Alfapar 9","1"
"6a6e4dbe46feabf3642b3922","69db28212b56cc0c1597fec9","Alfapar Maschera Plex 150g.","1"
"6a6e4dbe46feabf3642b3922","69db280c2b56cc0c1597fd1b","Alfapar 6.35","1"
"6a6e4dbe46feabf3642b3938","69db27e82b56cc0c1597fa34","Acrílicos De Colores Touche diamonds","1"
"6a6e4dbe46feabf3642b3938","69db282b2b56cc0c1597ffad","Amor us sponge","1"
"6a6e4dbe46feabf3642b3938","69db282a2b56cc0c1597ff90","Alkahzar agua de rosas","1"
"6a6e4dbe46feabf3642b3941","69db28272b56cc0c1597ff52","Alicate Alaska Spa","1"
"6a6e4dbe46feabf3642b3941","69db28042b56cc0c1597fc7a","Alfapar 4NB","1"
"6a6e4dbe46feabf3642b3948","69db27f02b56cc0c1597fad5","Aguja Peina Facil Grande 5pz.","1"
"6a6e4dbe46feabf3642b394a","69db28012b56cc0c1597fc3b","Alfapar 11.21","1"
"6a6e4dbe46feabf3642b394a","69db28262b56cc0c1597ff2b","Alfaparf Shampoo Plex 250g.","1"
"6a6e4dbe46feabf3642b394a","69db27db2b56cc0c1597f91f","4x4 Pomada Extrafirme Verde 200g.","1"
"6a6e4dbe46feabf3642b394a","69db28172b56cc0c1597fdf4","Alfapar 8.01","1"
"6a6e4dbe46feabf3642b3952","69db27da2b56cc0c1597f903","4x4 Pasta Dorada 200g.","1"
"6a6e4dbe46feabf3642b3954","69db27c72b56cc0c1597f780","4x4 aceite para barba","1"
"6a6e4dbe46feabf3642b3954","69db281b2b56cc0c1597fe48","Alfapar 8NI","1"
"6a6e4dbe46feabf3642b3954","69db28192b56cc0c1597fe1e","Alfapar 8.31","1"
"6a6e4dbe46feabf3642b3954","69db28012b56cc0c1597fc3b","Alfapar 11.21","1"
"6a6e4dbe46feabf3642b3959","69db27f12b56cc0c1597faf7","Alain silver shampoo","1"
"6a6e4dbe46feabf3642b3959","69db282d2b56cc0c1597ffd4","Ampolletas Alfaparf Semi Di Lino Essential Oil (Azul)","1"
"6a6e4dbe46feabf3642b3959","69db27ef2b56cc0c1597fac5","Agoja para rayos","1"
"6a6e4dbe46feabf3642b3966","69db28202b56cc0c1597febb","Alfapar Keratin Therapy lisse Oil 50ml.","1"
"6a6e4dbe46feabf3642b3966","69db27d12b56cc0c1597f84e","4x4 Desinfectante Antibacterial 250ml.","1"
"6a6e4dbe46feabf3642b3974","69db28312b56cc0c1598002d","Andis Cool Care Plus","1"
"6a6e4dbe46feabf3642b3974","69db282f2b56cc0c1597fff8","Ampolletas Revive Cationica","1"
"6a6e4dbe46feabf3642b3974","69db27fe2b56cc0c1597fbfc","Alfapar 10.21","1"
"6a6e4dbe46feabf3642b3974","69db282e2b56cc0c1597ffdb","Ampolletas Alfaparf Semi Di Lino Shine Lotion (Lila)","1"
"6a6e4dbe46feabf3642b3980","69db281c2b56cc0c1597fe5d","Alfapar 9.1","1"
"6a6e4dbe46feabf3642b3980","69db28082b56cc0c1597fcb9","Alfapar 5.53","1"
"6a6e4dbe46feabf3642b3980","69db27f62b56cc0c1597fb5b","Alfapar benvoleo shampoo seco sin gas 150 g","1"
"6a6e4dbe46feabf3642b3986","69db27f92b56cc0c1597fba1","Alfapar rigen shampoo 250 ml.","1"
"6a6e4dbe46feabf3642b3986","69db27d32b56cc0c1597f86c","4x4 Gel 500g.","1"
"6a6e4dbe46feabf3642b3986","69db27fc2b56cc0c1597fbd9","Alfapar 03","1"
"6a6e4dbe46feabf3642b3986","69db27ec2b56cc0c1597fa8b","Adhesivo Para Pestañas Duo Oscuro","1"
"6a6e4dbe46feabf3642b39ac","69db27da2b56cc0c1597f903","4x4 Pasta Dorada 200g.","1"
"6a6e4dbe46feabf3642b39ae","69db280e2b56cc0c1597fd30","Alfapar 6.5","1"
"6a6e4dbe46feabf3642b39ae","69db282d2b56cc0c1597ffd4","Ampolletas Alfaparf Semi Di Lino Essential Oil (Azul)","1"
"6a6e4dbe46feabf3642b39bd","69db280e2b56cc0c1597fd30","Alfapar 6.5","1"
"6a6e4dbe46feabf3642b39bd","69db27db2b56cc0c1597f91f","4x4 Pomada Extrafirme Verde 200g.","1"
"6a6e4dbe46feabf3642b39bd","69db28282b56cc0c1597ff68","Alicate GC Large","1"
"6a6e4dbe46feabf3642b39bd","69db28022b56cc0c1597fc49","Alfapar 2","1"
"6a6e4dbe46feabf3642b39c4","69db27cf2b56cc0c1597f824","4X4 Combo Maquina platinum Clipper/Trimmer","1"
"6a6e4dbe46feabf3642b39cd","69db27f52b56cc0c1597fb49","Alfa sobres de 30 pz","1"
"6a6e4dbe46feabf3642b39cd","69db27d72b56cc0c1597f8c9","4x4 matizante violeta","1"
"6a6e4dbe46feabf3642b39cd","69db27ea2b56cc0c1597fa5d","Adhesivo J.Denis Oscuro con keratina","1"
"6a6e4dbe46feabf3642b39d1","69db27f72b56cc0c1597fb70","Alfaparf 10.342","1"
"6a6e4dbe46feabf3642b39d1","69db281b2b56cc0c1597fe48","Alfapar 8NI","1"
"6a6e4dbe46feabf3642b39d1","69db281d2b56cc0c1597fe6b","Alfapar 9.2","1"
"6a6e4dbe46feabf3642b39d5","69db27ed2b56cc0c1597fa99","Adhesivo Para Rulos frasquito chico blanco","1"
"6a6e4dbe46feabf3642b39d5","69db281b2b56cc0c1597fe4f","Alfapar 9","1"
"6a6e4dbe46feabf3642b39dc","69db27d62b56cc0c1597f8b9","4X4 Maquina Platinum Trimmer","1"
"6a6e4dbe46feabf3642b39dc","69db27e52b56cc0c1597f9fa","Acetona quinta esmalte 98(60 ml)","1"
"6a6e4dbe46feabf3642b39dc","69db27da2b56cc0c1597f8fc","4x4 Pasta Dorada 100g.","1"
"6a6e4dbe46feabf3642b39dc","69db281f2b56cc0c1597fea6","Alfapar Brocha y cio para tinte","1"
"6a6e4dbe46feabf3642b39ed","69db28082b56cc0c1597fcc7","Alfapar 5.62","1"
"6a6e4dbe46feabf3642b39ed","69db27e52b56cc0c1597f9f3","Acetona Pura Touche 980ml","1"
"6a6e4dbe46feabf3642b39ed","69db27f92b56cc0c1597fb9a","Alfapar mask 200ml.","1"
"6a6e4dbe46feabf3642b39ed","69db27f32b56cc0c1597fb10","Alaska Bisturi AK-02-0019","1"
"6a6e4dbe46feabf3642b39f2","69db27f42b56cc0c1597fb30","Alexander Style Tijera 7.5","1"
"6a6e4dbe46feabf3642b39f2","69db27e62b56cc0c1597fa01","Acetona Touche 225ml.","1"
"6a6e4dbe46feabf3642b39f2","69db28222b56cc0c1597fede","Alfapar Olio Plex 100ml","1"
"6a6e4dbe46feabf3642b39f2","69db27f72b56cc0c1597fb69","Alfaparf 7.24","1"
"6a6e4dbe46feabf3642b3a0f","69db28092b56cc0c1597fcdc","Alfapar 5.7","1"
"6a6e4dbe46feabf3642b3a0f","69db282b2b56cc0c1597ffad","Amor us sponge","1"
"6a6e4dbe46feabf3642b3a0f","69db27cc2b56cc0c1597f7ec","4x4 Balsamo Cubre Canas 100g.","1"
"6a6e4dbe46feabf3642b3a13","69db281f2b56cc0c1597fea6","Alfapar Brocha y cio para tinte","1"
"6a6e4dbe46feabf3642b3a13","69db28282b56cc0c1597ff68","Alicate GC Large","1"
"6a6e4dbe46feabf3642b3a21","69db27f02b56cc0c1597fad5","Aguja Peina Facil Grande 5pz.","1"
"6a6e4dbe46feabf3642b3a28","69db27cd2b56cc0c1597f7f3","4x4 Balsamo Negro Liquido","1"
"6a6e4dbe46feabf3642b3a28","69db281e2b56cc0c1597fe8a","Alfapar 9NB","1"
"6a6e4dbe46feabf3642b3a28","69db27e62b56cc0c1597fa01","Acetona Touche 225ml.","1"
"6a6e4dbe46feabf3642b3a2c","69db28312b56cc0c1598001f","Andis","1"
"6a6e4dbe46feabf3642b3a2c","69db27f72b56cc0c1597fb70","Alfaparf 10.342","1"
"6a6e4dbe46feabf3642b3a2c","69db28132b56cc0c1597fd99","Alfapar 7.34","1"
"6a6e4dbe46feabf3642b3a2c","69db28192b56cc0c1597fe25","Alfapar 8.32","1"
"6a6e4dbe46feabf3642b3a31","69db28062b56cc0c1597fc9d","Alfapar 5.3","1"
"6a6e4dbe46feabf3642b3a31","69db27f82b56cc0c1597fb8c","Alfapar 9.423","1"
"6a6e4dbe46feabf3642b3a45","69db28002b56cc0c1597fc18","Alfapar 11.00","1"
"6a6e4dbe46feabf3642b3a4c","69db27f02b56cc0c1597fae0","Alain silver tratamiento","1"
"6a6e4dbe46feabf3642b3a4c","69db27d12b56cc0c1597f84e","4x4 Desinfectante Antibacterial 250ml.","1"
"6a6e4dbe46feabf3642b3a6f","69db27f22b56cc0c1597fafe","Alain silver 30ml.","1"
"6a6e4dbe46feabf3642b3a6f","69db28142b56cc0c1597fdae","Alfapar 7.43","1"
"6a6e4dbe46feabf3642b3a72","69db27d22b56cc0c1597f85e","4X4 Exfoliante facial","1"
"6a6e4dbe46feabf3642b3a72","69db28172b56cc0c1597fded","Alfapar 8","1"
"6a6e4dbe46feabf3642b3a72","69db281f2b56cc0c1597fea6","Alfapar Brocha y cio para tinte","1"
"6a6e4dbe46feabf3642b3a72","69db281a2b56cc0c1597fe3a","Alfapar 8.66I","1"
"6a6e4dbe46feabf3642b3a87","69db27f32b56cc0c1597fb1e","Alaska Tijera Manicure","1"
"6a6e4dbe46feabf3642b3a87","69db27e82b56cc0c1597fa26","Acrílico Zodiaco","1"
"6a6e4dbe46feabf3642b3a87","69db28102b56cc0c1597fd68","Alfapar 7.01","1"
"6a6e4dbe46feabf3642b3aa3","69db28042b56cc0c1597fc81","Alfapar 4NI","1"
"6a6e4dbe46feabf3642b3aa3","69db281d2b56cc0c1597fe6b","Alfapar 9.2","1"
"6a6e4dbe46feabf3642b3aa3","69db28162b56cc0c1597fddf","Alfapar 7NB","1"
"6a6e4dbe46feabf3642b3aa3","69db28082b56cc0c1597fcb9","Alfapar 5.53","1"
"6a6e4dbe46feabf3642b3abf","69db28132b56cc0c1597fd99","Alfapar 7.34","1"
"6a6e4dbe46feabf3642b3abf","69db28182b56cc0c1597fe10","Alfapar 8.23","1"
"6a6e4dbe46feabf3642b3abf","69db27f42b56cc0c1597fb37","Alexander tijera","1"
"6a6e4dbe46feabf3642b3abf","69db27ca2b56cc0c1597f7c0","4x4 Aceite Para Cortadoras 118ml.","1"
"6a6e4dbe46feabf3642b3ad6","69db27ca2b56cc0c1597f7b0","4x4 papel cuello blanco de 5 pz.","1"
"6a6e4dbe46feabf3642b3ad6","69db27f72b56cc0c1597fb69","Alfaparf 7.24","1"
"6a6e4dbe46feabf3642b3ad6","69db27cb2b56cc0c1597f7c7","4x4 Aftershave Amarillo 400ml.","1"
"6a6e4dbe46feabf3642b3ada","69db27da2b56cc0c1597f903","4x4 Pasta Dorada 200g.","1"
"6a6e4dbe46feabf3642b3ada","69db281d2b56cc0c1597fe79","Alfapar 9.3","1"
"6a6e4dbe46feabf3642b3aeb","69db27f82b56cc0c1597fb8c","Alfapar 9.423","1"
"6a6e4dbe46feabf3642b3af0","69db27ef2b56cc0c1597fac5","Agoja para rayos","1"
"6a6e4dbe46feabf3642b3af0","69db27e42b56cc0c1597f9e5","Acetona Pura Chica (frasco hidra)","1"
"6a6e4dbe46feabf3642b3b02","69db27d22b56cc0c1597f85e","4X4 Exfoliante facial","1"
"6a6e4dbe46feabf3642b3b02","69db27cc2b56cc0c1597f7ec","4x4 Balsamo Cubre Canas 100g.","1"
"6a6e4dbe46feabf3642b3b02","69db28132b56cc0c1597fda7","Alfapar 7.4","1"
"6a6e4dbe46feabf3642b3b02","69db27f42b56cc0c1597fb37","Alexander tijera","1"
"6a6e4dbe46feabf3642b3b0b","69db28012b56cc0c1597fc2d","Alfapar 11.13","1"
"6a6e4dbe46feabf3642b3b0b","69db27f72b56cc0c1597fb77","Alfaparf 11.02","1"
"6a6e4dbe46feabf3642b3b18","69db27de2b56cc0c1597f950","4x4 shampoo cervesa azul","1"
"6a6e4dbe46feabf3642b3b18","69db27ec2b56cc0c1597fa80","adhesivo para pads color blanco  trasparente j denis","1"
"6a6e4dbe46feabf3642b3b18","69db27d32b56cc0c1597f873","4x4 gel afeitar 955kg azul","1"
"6a6e4dbe46feabf3642b3b18","69db27ee2b56cc0c1597faa7","Adhesivo Tubo oscuro J.D/10gramos","1"
"6a6e4dbe46feabf3642b3b21","69db27cf2b56cc0c1597f824","4X4 Combo Maquina platinum Clipper/Trimmer","1"
"6a6e4dbe46feabf3642b3b21","69db282a2b56cc0c1597ff85","Alicate Lobo1330-00","1"
"6a6e4dbe46feabf3642b3b21","69db27fd2b56cc0c1597fbee","Alfapar 10","1"
"6a6e4dbe46feabf3642b3b28","69db27f92b56cc0c1597fba1","Alfapar rigen shampoo 250 ml.","1"
"6a6e4dbe46feabf3642b3b28","69db27c92b56cc0c1597f7a0","4x4 minoxidil","1"
"6a6e4dbe46feabf3642b3b2b","69db27f92b56cc0c1597fba1","Alfapar rigen shampoo 250 ml.","1"
"6a6e4dbe46feabf3642b3b2b","69db28202b56cc0c1597fead","Alfapar keratin mask","1"
"6a6e4dbe46feabf3642b3b47","69db27e52b56cc0c1597f9fa","Acetona quinta esmalte 98(60 ml)","1"
"6a6e4dbe46feabf3642b3b47","69db27db2b56cc0c1597f91f","4x4 Pomada Extrafirme Verde 200g.","1"
"6a6e4dbe46feabf3642b3b47","69db282f2b56cc0c1597fff8","Ampolletas Revive Cationica","1"
"6a6e4dbe46feabf3642b3b4b","69db27f42b56cc0c1597fb29","Alexander style porta navaja","1"
"6a6e4dbe46feabf3642b3b4b","69db27cb2b56cc0c1597f7d5","4X4 Aftershave Power Green 400ml.","1"
"6a6e4dbe46feabf3642b3b66","69db281e2b56cc0c1597fe83","Alfapar 9.31","1"
"6a6e4dbe46feabf3642b3b91","69db27fd2b56cc0c1597fbe0","Alfapar 1","1"
"6a6e4dbe46feabf3642b3b91","69db282c2b56cc0c1597ffbf","Amor us","1"
"6a6e4dbe46feabf3642b3b91","69db27ca2b56cc0c1597f7c0","4x4 Aceite Para Cortadoras 118ml.","1"
"6a6e4dbe46feabf3642b3b91","69db27dc2b56cc0c1597f934","4x4 Pomada Roja 200g","1"
"6a6e4dbe46feabf3642b3b9a","69db27e82b56cc0c1597fa2d","Acrílico Eteri Organic","1"
"6a6e4dbe46feabf3642b3bb1","69db281c2b56cc0c1597fe56","Alfapar 9.04","1"
"6a6e4dbe46feabf3642b3bb6","69db27d22b56cc0c1597f85e","4X4 Exfoliante facial","1"
"6a6e4dbe46feabf3642b3bc6","69db28162b56cc0c1597fde6","Alfapar 7NI","1"
"6a6e4dbe46feabf3642b3bc6","69db27d32b56cc0c1597f87a","4X4 Gel Cubre Cana 315gr.","1"
"6a6e4dbe46feabf3642b3bc6","69db27d12b56cc0c1597f840","4X4 Cuchilla Normal","1"
"6a6e4dbe46feabf3642b3bcc","69db281b2b56cc0c1597fe4f","Alfapar 9","1"
"6a6e4dbe46feabf3642b3bcc","69db27ce2b56cc0c1597f808","4x4 Cera Gel 280g.","1"
"6a6e4dbe46feabf3642b3bd7","69db28192b56cc0c1597fe1e","Alfapar 8.31","1"
"6a6e4dbe46feabf3642b3bd7","69db27fd2b56cc0c1597fbe0","Alfapar 1","1"
"6a6e4dbe46feabf3642b3bd7","69db27ed2b56cc0c1597faa0","adhesivo supreme j denis para pestañas mink","1"
"6a6e4dbe46feabf3642b3bdb","69db27ff2b56cc0c1597fc03","Alfapar 10.3","1"
"6a6e4dbe46feabf3642b3be1","69db27ed2b56cc0c1597faa0","adhesivo supreme j denis para pestañas mink","1"
"6a6e4dbe46feabf3642b3be6","69db27ea2b56cc0c1597fa64","Adhesivo J.Denis Transparente con keratina","1"
"6a6e4dbe46feabf3642b3be6","69db27db2b56cc0c1597f911","4x4 Pomada Azul 200g","1"
"6a6e4dbe46feabf3642b3be6","69db27dc2b56cc0c1597f926","4x4 Pomada Gris 100ml.","1"
"6a6e4dbe46feabf3642b3be6","69db27f62b56cc0c1597fb62","alfapar Real Rigen mascar. dañado 500g.","1"
"6a6e4dbe46feabf3642b3bf7","69db28062b56cc0c1597fc9d","Alfapar 5.3","1"
"6a6e4dbe46feabf3642b3bf7","69db280c2b56cc0c1597fd1b","Alfapar 6.35","1"
"6a6e4dbe46feabf3642b3bf7","69db28092b56cc0c1597fcdc","Alfapar 5.7","1"
"6a6e4dbe46feabf3642b3bf7","69db27d22b56cc0c1597f855","4x4 Enfriador de Maquinas 400g.","1"
"6a6e4dbe46feabf3642b3bfc","69db27ff2b56cc0c1597fc03","Alfapar 10.3","1"
"6a6e4dbe46feabf3642b3bfc","69db280c2b56cc0c1597fd1b","Alfapar 6.35","1"
"6a6e4dbe46feabf3642b3bfc","69db28102b56cc0c1597fd68","Alfapar 7.01","1"
"6a6e4dbe46feabf3642b3bfc","69db27f12b56cc0c1597faf0","Alain Silver Hot Tratamiento Restauraurador","1"
"6a6e4dbe46feabf3642b3c01","69db27e22b56cc0c1597f9b2","Aceite De Hueso De Mamey Para Pestañas.","1"
"6a6e4dbe46feabf3642b3c01","69db27fb2b56cc0c1597fbc4","Alfapar 01","1"
"6a6e4dbe46feabf3642b3c01","69db28032b56cc0c1597fc6c","Alfapar 4.65","1"
"6a6e4dbe46feabf3642b3c01","69db27dc2b56cc0c1597f934","4x4 Pomada Roja 200g","1"
"6a6e4dbe46feabf3642b3c06","69db28062b56cc0c1597fc8f","Alfapar 5.1","1"
"6a6e4dbe46feabf3642b3c06","69db27d02b56cc0c1597f832","4x4 Cuchilla Platino trimer DLC","1"
"6a6e4dbe46feabf3642b3c10","69db282a2b56cc0c1597ff85","Alicate Lobo1330-00","1"
"6a6e4dbe46feabf3642b3c1a","69db27ed2b56cc0c1597fa92","Adhesivo Para Pestañas Duo Transparente","1"
"6a6e4dbe46feabf3642b3c1a","69db27ce2b56cc0c1597f816","4x4 Cera Rosa 200ml.","1"
"6a6e4dbe46feabf3642b3c1a","69db281c2b56cc0c1597fe64","Alfapar 9.13","1"
"6a6e4dbe46feabf3642b3c1a","69db28262b56cc0c1597ff3d","Algodón Alby","1"
"6a6e4dbe46feabf3642b3c26","69db28262b56cc0c1597ff2b","Alfaparf Shampoo Plex 250g.","1"
"6a6e4dbe46feabf3642b3c2a","69db27f02b56cc0c1597fad5","Aguja Peina Facil Grande 5pz.","1"
"6a6e4dbe46feabf3642b3c2a","69db27ce2b56cc0c1597f80f","4x4 Cera Rosa 100ml.","1"
"6a6e4dbe46feabf3642b3c2a","69db27fc2b56cc0c1597fbd9","Alfapar 03","1"
"6a6e4dbe46feabf3642b3c3d","69db27d12b56cc0c1597f847","4x4 Cuchilla Trimer","1"
"6a6e4dbe46feabf3642b3c4b","69db28002b56cc0c1597fc26","Alfapar 11.11","1"
"6a6e4dbe46feabf3642b3c4b","69db27c72b56cc0c1597f780","4x4 aceite para barba","1"
"6a6e4dbe46feabf3642b3c5c","69db280c2b56cc0c1597fd14","Alfapar 6.32","1"
"6a6e4dbe46feabf3642b3c5c","69db27f52b56cc0c1597fb49","Alfa sobres de 30 pz","1"
"6a6e4dbe46feabf3642b3c68","69db280e2b56cc0c1597fd37","Alfapar 6.53","1"
"6a6e4dbe46feabf3642b3c68","69db27c82b56cc0c1597f790","4x4 Guantes nitrilo negros","1"
"6a6e4dbe46feabf3642b3c68","69db282d2b56cc0c1597ffd4","Ampolletas Alfaparf Semi Di Lino Essential Oil (Azul)","1"
"6a6e4dbe46feabf3642b3c76","69db280e2b56cc0c1597fd3e","Alfapar 6.6","1"
"6a6e4dbe46feabf3642b3c7f","69db28172b56cc0c1597fdf4","Alfapar 8.01","1"
"6a6e4dbe46feabf3642b3c7f","69db28292b56cc0c1597ff6f","Alicate Gc Medium","1"
"6a6e4dbe46feabf3642b3c7f","69db27eb2b56cc0c1597fa79","adhesivo para pads color blanco tapa dorada j denis","1"
"6a6e4dbe46feabf3642b3ca6","69db28322b56cc0c15980036","Andis Cuchilla Mini","1"
"6a6e4dbe46feabf3642b3ca6","69db27e12b56cc0c1597f99c","aashta tijeras ps817","1"
"6a6e4dbe46feabf3642b3ca6","69db28272b56cc0c1597ff4b","Alicate Alaska Pedicure","1"
"6a6e4dbe46feabf3642b3ca6","69db27f62b56cc0c1597fb52","Alfapaf 6.56","1"
"6a6e4dbe46feabf3642b3cab","69db27cf2b56cc0c1597f824","4X4 Combo Maquina platinum Clipper/Trimmer","1"
"6a6e4dbe46feabf3642b3cab","69db28092b56cc0c1597fcdc","Alfapar 5.7","1"
"6a6e4dbe46feabf3642b3cae","69db27d22b56cc0c1597f85e","4X4 Exfoliante facial","1"
"6a6e4dbe46feabf3642b3cae","69db27d62b56cc0c1597f8b9","4X4 Maquina Platinum Trimmer","1"
"6a6e4dbe46feabf3642b3cae","69db281f2b56cc0c1597fea6","Alfapar Brocha y cio para tinte","1"
"6a6e4dbe46feabf3642b3cb2","69db27dd2b56cc0c1597f949","4x4 shampoo cbd minoxidi 500ml.","1"
"6a6e4dbe46feabf3642b3cb2","69db27f82b56cc0c1597fb8c","Alfapar 9.423","1"
"6a6e4dbe46feabf3642b3cb2","69db27e72b56cc0c1597fa1f","acrílico organic blanco (white)","1"
"6a6e4dbe46feabf3642b3cb9","69db281f2b56cc0c1597fe98","Alfapar ampoll. anti caida","1"
"6a6e4dbe46feabf3642b3cb9","69db27ca2b56cc0c1597f7b9","4x4 Pomada azul 100g","1"
"6a6e4dbe46feabf3642b3cbc","69db27cf2b56cc0c1597f81d","4x4 Cera Telaraña 100ml.","1"
"6a6e4dbe46feabf3642b3cbc","69db28292b56cc0c1597ff7a","Alicate Katya 1162-07","1"
"6a6e4dbe46feabf3642b3cbc","69db27d02b56cc0c1597f82b","4X4 Combo pow 5 pz.","1"
"6a6e4dbe46feabf3642b3cc5","69db27fd2b56cc0c1597fbe7","Alfapar 1.11","1"
"6a6e4dbe46feabf3642b3cc5","69db27fd2b56cc0c1597fbe0","Alfapar 1","1"
"6a6e4dbe46feabf3642b3cc8","69db27dc2b56cc0c1597f926","4x4 Pomada Gris 100ml.","1"
"6a6e4dbe46feabf3642b3cdd","69db28312b56cc0c15980026","Andis slimline pro li","1"
"6a6e4dbe46feabf3642b3cdf","69db28082b56cc0c1597fcc0","Alfapar 5.6","1"
"6a6e4dbe46feabf3642b3cdf","69db27fb2b56cc0c1597fbbd","Alfapar 000SSS","1"
"6a6e4dbe46feabf3642b3cdf","69db282b2b56cc0c1597ffa2","Aluminio Profesional Mopi","1"
"6a6e4dbe46feabf3642b3cf4","69db28042b56cc0c1597fc73","Alfapar 4.66I","1"
"6a6e4dbe46feabf3642b3cf4","69db28142b56cc0c1597fdbc","Alfapar 7.53","1"
"6a6e4dbe46feabf3642b3cf4","69db27fc2b56cc0c1597fbd2","Alfapar 02","1"
"6a6e4dbe46feabf3642b3cf4","69db27eb2b56cc0c1597fa6b","adhesivo latex para rulos o pads liftin j denis","1"
"6a6e4dbe46feabf3642b3d06","69db281e2b56cc0c1597fe91","Alfapar 9NI","1"
"6a6e4dbe46feabf3642b3d06","69db27d82b56cc0c1597f8d9","4x4 oferta cera pasta y pomada 3pz.","1"
"6a6e4dbe46feabf3642b3d06","69db280a2b56cc0c1597fce3","Alfapar 5NB","1"
"6a6e4dbe46feabf3642b3d18","69db27fa2b56cc0c1597fba8","Alfapar Semidelino nutritivo shampoo 250 ml.","1"
"6a6e4dbe46feabf3642b3d31","69db27ff2b56cc0c1597fc11","Alfapar 10NB","1"
"6a6e4dbe46feabf3642b3d31","69db27e22b56cc0c1597f9b2","Aceite De Hueso De Mamey Para Pestañas.","1"
"6a6e4dbe46feabf3642b3d31","69db27f62b56cc0c1597fb5b","Alfapar benvoleo shampoo seco sin gas 150 g","1"
"6a6e4dbe46feabf3642b3d31","69db27e52b56cc0c1597f9ec","Acetona Pura Mediana arys","1"
"6a6e4dbe46feabf3642b3d3e","69db27ed2b56cc0c1597fa99","Adhesivo Para Rulos frasquito chico blanco","1"
"6a6e4dbe46feabf3642b3d3e","69db27d72b56cc0c1597f8c0","4x4 Mascarilla Capilar Open Secret","1"
"6a6e4dbe46feabf3642b3d41","69db27e52b56cc0c1597f9f3","Acetona Pura Touche 980ml","1"
"6a6e4dbe46feabf3642b3d41","69db27e42b56cc0c1597f9dc","acetona pura arys grande","1"
"6a6e4dbe46feabf3642b3d48","69db28112b56cc0c1597fd6f","Alfapar 7.1","1"
"6a6e4dbe46feabf3642b3d48","69db28132b56cc0c1597fda7","Alfapar 7.4","1"
"6a6e4dbe46feabf3642b3d4b","69db28032b56cc0c1597fc5e","Alfapar 4.32","1"
"6a6e4dbe46feabf3642b3d4b","69db280c2b56cc0c1597fd0d","Alfapar 6.3","1"
"6a6e4dbe46feabf3642b3d4e","69db281b2b56cc0c1597fe41","Alfapar 8NB","1"
"6a6e4dbe46feabf3642b3d4e","69db27f82b56cc0c1597fb8c","Alfapar 9.423","1"
"6a6e4dbe46feabf3642b3d4e","69db28132b56cc0c1597fda0","Alfapar 7.35","1"
"6a6e4dbe46feabf3642b3d4e","69db28112b56cc0c1597fd76","Alfapar 7.13","1"
"6a6e4dbe46feabf3642b3d53","69db27e42b56cc0c1597f9dc","acetona pura arys grande","1"
"6a6e4dbe46feabf3642b3d53","69db28122b56cc0c1597fd84","Alfapar 7.3","1"
"6a6e4dbe46feabf3642b3d60","69db28032b56cc0c1597fc6c","Alfapar 4.65","1"
"6a6e4dbe46feabf3642b3d60","69db27fe2b56cc0c1597fbf5","Alfapar 10.1","1"
"6a6e4dbe46feabf3642b3d60","69db28022b56cc0c1597fc49","Alfapar 2","1"
"6a6e4dbe46feabf3642b3d60","69db281b2b56cc0c1597fe48","Alfapar 8NI","1"
"6a6e4dbe46feabf3642b3d68","69db27e42b56cc0c1597f9dc","acetona pura arys grande","1"
"6a6e4dbe46feabf3642b3d68","69db27f42b56cc0c1597fb29","Alexander style porta navaja","1"
"6a6e4dbe46feabf3642b3d68","69db28202b56cc0c1597fead","Alfapar keratin mask","1"
"6a6e4dbe46feabf3642b3d68","69db28192b56cc0c1597fe25","Alfapar 8.32","1"
"6a6e4dbe46feabf3642b3d7a","69db281a2b56cc0c1597fe33","Alfapar 8.43","1"
"6a6e4dbe46feabf3642b3d7a","69db27f42b56cc0c1597fb37","Alexander tijera","1"
"6a6e4dbe46feabf3642b3d7a","69db28212b56cc0c1597fec9","Alfapar Maschera Plex 150g.","1"
"6a6e4dbe46feabf3642b3d7e","69db28212b56cc0c1597fed0","Alfapar mask. keratin therapy","1"
"6a6e4dbe46feabf3642b3d7e","69db28222b56cc0c1597fed7","Alfapar nutritivo Mask","1"
"6a6e4dbe46feabf3642b3d7e","69db27ce2b56cc0c1597f80f","4x4 Cera Rosa 100ml.","1"
"6a6e4dbe46feabf3642b3d8e","69db27cb2b56cc0c1597f7ce","4x4 Aftershave King Blue 400ml","1"
"6a6e4dbe46feabf3642b3d8e","69db27ea2b56cc0c1597fa64","Adhesivo J.Denis Transparente con keratina","1"
"6a6e4dbe46feabf3642b3d91","69db28272b56cc0c1597ff52","Alicate Alaska Spa","1"
"6a6e4dbe46feabf3642b3d91","69db27e42b56cc0c1597f9dc","acetona pura arys grande","1"
"6a6e4dbe46feabf3642b3d91","69db27fc2b56cc0c1597fbcb","alfapar 013","1"
"6a6e4dbe46feabf3642b3da1","69db27d62b56cc0c1597f8b2","4X4 Maquina Platinum Clipper","1"
"6a6e4dbe46feabf3642b3dac","69db27f02b56cc0c1597fad5","Aguja Peina Facil Grande 5pz.","1"
"6a6e4dbe46feabf3642b3db8","69db282f2b56cc0c1597fff8","Ampolletas Revive Cationica","1"
"6a6e4dbe46feabf3642b3dc1","69db27eb2b56cc0c1597fa6b","adhesivo latex para rulos o pads liftin j denis","1"
"6a6e4dbe46feabf3642b3dc1","69db281c2b56cc0c1597fe64","Alfapar 9.13","1"
"6a6e4dbe46feabf3642b3dc1","69db281f2b56cc0c1597fe9f","Alfapar benvoleo olio nutritivo 100ml.","1"
"6a6e4dbe46feabf3642b3dc8","69db28092b56cc0c1597fcd5","Alfapar 5.66I","1"
"6a6e4dbe46feabf3642b3dc8","69db281e2b56cc0c1597fe8a","Alfapar 9NB","1"
"6a6e4dbe46feabf3642b3dc8","69db27ed2b56cc0c1597faa0","adhesivo supreme j denis para pestañas mink","1"
"6a6e4dbe46feabf3642b3dcc","69db280b2b56cc0c1597fcff","Alfapar 6.1","1"
"6a6e4dbe46feabf3642b3dcc","69db28312b56cc0c1598002d","Andis Cool Care Plus","1"
"6a6e4dbe46feabf3642b3dd7","69db27e32b56cc0c1597f9bb","Aceite Fortalezador Argan/Mamey","1"
"6a6e4dbe46feabf3642b3dd7","69db27c92b56cc0c1597f799","4x4 maquina inalambrico plastico G oferta de 4 pz.","1"
"6a6e4dbe46feabf3642b3dd7","69db28212b56cc0c1597fed0","Alfapar mask. keratin therapy","1"
"6a6e4dbe46feabf3642b3dd7","69db27d12b56cc0c1597f84e","4x4 Desinfectante Antibacterial 250ml.","1"
"6a6e4dbe46feabf3642b3ddc","69db28262b56cc0c1597ff3d","Algodón Alby","1"
"6a6e4dbe46feabf3642b3ddc","69db280d2b56cc0c1597fd22","Alfapar 6.4","1"
"6a6e4dbe46feabf3642b3ddc","69db28052b56cc0c1597fc88","Alfapar 5","1"
"6a6e4dbe46feabf3642b3de9","69db27df2b56cc0c1597f965","4x4 Talco Ultra Fino","1"
"6a6e4dbe46feabf3642b3df9","69db27e32b56cc0c1597f9c6","Aceite Para Cuticula Touche Frambuesa","1"
"6a6e4dbe46feabf3642b3df9","69db280b2b56cc0c1597fcff","Alfapar 6.1","1"
"6a6e4dbe46feabf3642b3dfe","69db27d02b56cc0c1597f832","4x4 Cuchilla Platino trimer DLC","1"
"6a6e4dbe46feabf3642b3dfe","69db27fb2b56cc0c1597fbbd","Alfapar 000SSS","1"
"6a6e4dbe46feabf3642b3dfe","69db27dd2b56cc0c1597f942","4x4 shampoo cbd bergamota 500ml.","1"
"6a6e4dbe46feabf3642b3e02","69db28262b56cc0c1597ff34","Alfaparf spray porificante 100ml.","1"
"6a6e4dbe46feabf3642b3e13","69db27cc2b56cc0c1597f7e3","4x4 Aftershave Rojo 400ml.","1"
"6a6e4dbe46feabf3642b3e13","69db27f92b56cc0c1597fb93","Alfapar keratin serum 125 ml","1"
"6a6e4dbe46feabf3642b3e1f","69db28042b56cc0c1597fc7a","Alfapar 4NB","1"
"6a6e4dbe46feabf3642b3e2d","69db28062b56cc0c1597fc9d","Alfapar 5.3","1"
"6a6e4dbe46feabf3642b3e2d","69db27f32b56cc0c1597fb1e","Alaska Tijera Manicure","1"
"6a6e4dbe46feabf3642b3e2d","69db28222b56cc0c1597fede","Alfapar Olio Plex 100ml","1"
"6a6e4dbe46feabf3642b3e2d","69db28112b56cc0c1597fd7d","Alfapar 7.21","1"
"6a6e4dbe46feabf3642b3e39","69db27d12b56cc0c1597f84e","4x4 Desinfectante Antibacterial 250ml.","1"
"6a6e4dbe46feabf3642b3e39","69db27ef2b56cc0c1597face","Aguja Peina Facil 5pz. V/Colores","1"
"6a6e4dbe46feabf3642b3e3c","69db280d2b56cc0c1597fd29","Alfapar 6.45","1"
"6a6e4dbe46feabf3642b3e3c","69db27e72b56cc0c1597fa1f","acrílico organic blanco (white)","1"
"6a6e4dbe46feabf3642b3e3c","69db28042b56cc0c1597fc7a","Alfapar 4NB","1"
"6a6e4dbe46feabf3642b3e3c","69db27d72b56cc0c1597f8c9","4x4 matizante violeta","1"
"6a6e4dbe46feabf3642b3e46","69db28142b56cc0c1597fdb5","Alfapar 7.45","1"
"6a6e4dbe46feabf3642b3e46","69db27fd2b56cc0c1597fbe0","Alfapar 1","1"
"6a6e4dbe46feabf3642b3e46","69db28072b56cc0c1597fcab","Alfapar 5.35","1"
"6a6e4dbe46feabf3642b3e46","69db28022b56cc0c1597fc50","Alfapar 3","1"
"6a6e4dbe46feabf3642b3e4b","69db27fe2b56cc0c1597fbfc","Alfapar 10.21","1"
"6a6e4dbe46feabf3642b3e4d","69db27e92b56cc0c1597fa4b","Adesivo para extenciones Pestañas","1"
"6a6e4dbe46feabf3642b3e54","69db27f92b56cc0c1597fb9a","Alfapar mask 200ml.","1"
"6a6e4dbe46feabf3642b3e54","69db27eb2b56cc0c1597fa72","adhesivo libre de latex","1"
"6a6e4dbe46feabf3642b3e54","69db28182b56cc0c1597fe02","Alfapar 8.13","1"
"6a6e4dbe46feabf3642b3e6f","69db28322b56cc0c15980036","Andis Cuchilla Mini","1"
"6a6e4dbe46feabf3642b3e7f","69db28142b56cc0c1597fdb5","Alfapar 7.45","1"
"6a6e4dbe46feabf3642b3e7f","69db27ef2b56cc0c1597fac5","Agoja para rayos","1"
"6a6e4dbe46feabf3642b3e7f","69db27dd2b56cc0c1597f949","4x4 shampoo cbd minoxidi 500ml.","1"
"6a6e4dbe46feabf3642b3e7f","69db281d2b56cc0c1597fe6b","Alfapar 9.2","1"
"6a6e4dbe46feabf3642b3e90","69db28082b56cc0c1597fcb9","Alfapar 5.53","1"
"6a6e4dbe46feabf3642b3ea9","69db28312b56cc0c15980026","Andis slimline pro li","1"
"6a6e4dbe46feabf3642b3ea9","69db28162b56cc0c1597fddf","Alfapar 7NB","1"
"6a6e4dbe46feabf3642b3eac","69db28042b56cc0c1597fc81","Alfapar 4NI","1"
"6a6e4dbe46feabf3642b3eb3","69db280c2b56cc0c1597fd0d","Alfapar 6.3","1"
"6a6e4dbe46feabf3642b3eb3","69db27d22b56cc0c1597f855","4x4 Enfriador de Maquinas 400g.","1"
"6a6e4dbe46feabf3642b3eb6","69db28152b56cc0c1597fdd1","Alfapar 7.66I","1"
"6a6e4dbe46feabf3642b3eb6","69db27fa2b56cc0c1597fbb6","Alfapar shampoo seco sin gas 150ml.","1"
"6a6e4dbe46feabf3642b3ec3","69db27e12b56cc0c1597f995","Aashta tijeras negro no. 7","1"
"6a6e4dbe46feabf3642b3ec3","69db28212b56cc0c1597fec2","Alfapar Keratin Therapy Shampoo 250ml.","1"
"6a6e4dbe46feabf3642b3ec3","69db27db2b56cc0c1597f91f","4x4 Pomada Extrafirme Verde 200g.","1"
"6a6e4dbe46feabf3642b3ec3","69db282f2b56cc0c1597fff1","Ampolletas Revive Bifasica","1"
"6a6e4dbe46feabf3642b3ecf","69db27e42b56cc0c1597f9d1","ACETONA ORGANIC 120 ML","1"
"6a6e4dbe46feabf3642b3ecf","69db280e2b56cc0c1597fd3e","Alfapar 6.6","1"
"6a6e4dbe46feabf3642b3ed2","69db281c2b56cc0c1597fe64","Alfapar 9.13","1"
"6a6e4dbe46feabf3642b3ed2","69db27dd2b56cc0c1597f949","4x4 shampoo cbd minoxidi 500ml.","1"
"6a6e4dbe46feabf3642b3ed2","69db27c92b56cc0c1597f799","4x4 maquina inalambrico plastico G oferta de 4 pz.","1"
"6a6e4dbe46feabf3642b3ed9","69db280a2b56cc0c1597fce3","Alfapar 5NB","1"
"6a6e4dbe46feabf3642b3ed9","69db281f2b56cc0c1597fea6","Alfapar Brocha y cio para tinte","1"
"6a6e4dbe46feabf3642b3ee0","69db27d72b56cc0c1597f8c9","4x4 matizante violeta","1"
"6a6e4dbe46feabf3642b3ee0","69db28032b56cc0c1597fc65","Alfapar 4.52","1"
"6a6e4dbe46feabf3642b3ee0","69db27cb2b56cc0c1597f7c7","4x4 Aftershave Amarillo 400ml.","1"
"6a6e4dbe46feabf3642b3ee0","69db27fc2b56cc0c1597fbcb","alfapar 013","1"
"6a6e4dbe46feabf3642b3ee8","69db27d02b56cc0c1597f832","4x4 Cuchilla Platino trimer DLC","1"
"6a6e4dbe46feabf3642b3ee8","69db27f72b56cc0c1597fb77","Alfaparf 11.02","1"
"6a6e4dbe46feabf3642b3efe","69db27e52b56cc0c1597f9ec","Acetona Pura Mediana arys","1"
"6a6e4dbe46feabf3642b3efe","69db28252b56cc0c1597ff24","Alfaparf shampoo cabello dañado 1 L.","1"
"6a6e4dbe46feabf3642b3efe","69db27dc2b56cc0c1597f926","4x4 Pomada Gris 100ml.","1"
"6a6e4dbe46feabf3642b3efe","69db28122b56cc0c1597fd84","Alfapar 7.3","1"
"6a6e4dbe46feabf3642b3f0f","69db28242b56cc0c1597ff01","Alfapar protector termico 200ml.","1"
"6a6e4dbe46feabf3642b3f11","69db27c92b56cc0c1597f7a0","4x4 minoxidil","1"
"6a6e4dbe46feabf3642b3f11","69db27f82b56cc0c1597fb7e","Alfaparf 8.221","1"
"6a6e4dbe46feabf3642b3f11","69db28032b56cc0c1597fc65","Alfapar 4.52","1"
"6a6e4dbe46feabf3642b3f11","69db27fb2b56cc0c1597fbbd","Alfapar 000SSS","1"
"6a6e4dbe46feabf3642b3f2a","69db281e2b56cc0c1597fe8a","Alfapar 9NB","1"
"6a6e4dbe46feabf3642b3f49","69db27dd2b56cc0c1597f942","4x4 shampoo cbd bergamota 500ml.","1"
"6a6e4dbe46feabf3642b3f49","69db28032b56cc0c1597fc6c","Alfapar 4.65","1"
"6a6e4dbe46feabf3642b3f49","69db28162b56cc0c1597fdd8","Alfapar 7000","1"
"6a6e4dbe46feabf3642b3f49","69db28092b56cc0c1597fcd5","Alfapar 5.66I","1"
"6a6e4dbe46feabf3642b3f6b","69db27f62b56cc0c1597fb5b","Alfapar benvoleo shampoo seco sin gas 150 g","1"
"6a6e4dbe46feabf3642b3f6b","69db27ce2b56cc0c1597f80f","4x4 Cera Rosa 100ml.","1"
"6a6e4dbe46feabf3642b3f6b","69db28252b56cc0c1597ff1d","Alfapar Semidelino shampoo 250ml.","1"
"6a6e4dbe46feabf3642b3f6b","69db28092b56cc0c1597fcdc","Alfapar 5.7","1"
"6a6e4dbe46feabf3642b3f70","69db27dc2b56cc0c1597f926","4x4 Pomada Gris 100ml.","1"
"6a6e4dbe46feabf3642b3f70","69db27eb2b56cc0c1597fa79","adhesivo para pads color blanco tapa dorada j denis","1"
"6a6e4dbe46feabf3642b3f70","69db27db2b56cc0c1597f918","4x4 Pomada Extrafirme Verde 100g.","1"
"6a6e4dbe46feabf3642b3f76","69db27ea2b56cc0c1597fa64","Adhesivo J.Denis Transparente con keratina","1"
"6a6e4dbe46feabf3642b3f76","69db28192b56cc0c1597fe25","Alfapar 8.32","1"
"6a6e4dbe46feabf3642b3f76","69db27e32b56cc0c1597f9c6","Aceite Para Cuticula Touche Frambuesa","1"
"6a6e4dbe46feabf3642b3f76","69db27d02b56cc0c1597f832","4x4 Cuchilla Platino trimer DLC","1"
"6a6e4dbe46feabf3642b3f7b","69db27d82b56cc0c1597f8d2","4x4 navaja platinum","1"
"6a6e4dbe46feabf3642b3f7b","69db281d2b56cc0c1597fe79","Alfapar 9.3","1"
"6a6e4dbe46feabf3642b3f7e","69db27c82b56cc0c1597f790","4x4 Guantes nitrilo negros","1"
"6a6e4dbe46feabf3642b3f7e","69db28182b56cc0c1597fe02","Alfapar 8.13","1"
"6a6e4dbe46feabf3642b3f81","69db27e12b56cc0c1597f98e","Aashta Tijera Cocodrilo","1"
"6a6e4dbe46feabf3642b3f81","69db27fc2b56cc0c1597fbcb","alfapar 013","1"
"6a6e4dbe46feabf3642b3f8c","69db28152b56cc0c1597fdca","Alfapar 7.62","1"
"6a6e4dbe46feabf3642b3f8e","69db27d72b56cc0c1597f8c9","4x4 matizante violeta","1"
"6a6e4dbe46feabf3642b3f8e","69db27e72b56cc0c1597fa18","acrílico cristal organic 50 gramos 1.76 oz","1"
"6a6e4dbe46feabf3642b3f8e","69db27d02b56cc0c1597f839","4x4 Cuchilla DLC","1"
"6a6e4dbe46feabf3642b3f8e","69db27fa2b56cc0c1597fbaf","Alfapar shampoo Rigen Dañado 250g.","1"
"6a6e4dbe46feabf3642b3f9a","69db281c2b56cc0c1597fe5d","Alfapar 9.1","1"
"6a6e4dbe46feabf3642b3f9a","69db27f42b56cc0c1597fb37","Alexander tijera","1"
"6a6e4dbe46feabf3642b3fb5","69db280e2b56cc0c1597fd3e","Alfapar 6.6","1"
"6a6e4dbe46feabf3642b3fb5","69db27da2b56cc0c1597f8fc","4x4 Pasta Dorada 100g.","1"
"6a6e4dbe46feabf3642b3fbe","69db280a2b56cc0c1597fcea","Alfapar 5NI","1"
"6a6e4dbe46feabf3642b3fbe","69db28142b56cc0c1597fdae","Alfapar 7.43","1"
"6a6e4dbe46feabf3642b3fbe","69db27dd2b56cc0c1597f93b","4x4 shampoo matiz negro 300ml.","1"
"6a6e4dbe46feabf3642b3fd1","69db27fb2b56cc0c1597fbbd","Alfapar 000SSS","1"
"6a6e4dbe46feabf3642b3fd3","69db282f2b56cc0c1597ffff","Ampolletas Revive Fortificante","1"
"6a6e4dbe46feabf3642b3fd3","69db281b2b56cc0c1597fe4f","Alfapar 9","1"
"6a6e4dbe46feabf3642b3fd3","69db281a2b56cc0c1597fe3a","Alfapar 8.66I","1"
"6a6e4dbe46feabf3642b3fe3","69db27fc2b56cc0c1597fbd9","Alfapar 03","1"
"6a6e4dbe46feabf3642b3fe3","69db27fd2b56cc0c1597fbee","Alfapar 10","1"
"6a6e4dbe46feabf3642b3fe3","69db27e62b56cc0c1597fa0a","acondicionador artesanal","1"
"6a6e4dbe46feabf3642b3fe3","69db282d2b56cc0c1597ffcd","Ampolletas Alfaparf Midollo di Bamboo (Blanco)","1"
"6a6e4dbe46feabf3642b3fee","69db281c2b56cc0c1597fe64","Alfapar 9.13","1"
"6a6e4dbe46feabf3642b3ff5","69db282f2b56cc0c1597fff8","Ampolletas Revive Cationica","1"
"6a6e4dbe46feabf3642b4007","69db27d12b56cc0c1597f847","4x4 Cuchilla Trimer","1"
"6a6e4dbe46feabf3642b4007","69db28072b56cc0c1597fcb2","Alfapar 5.5","1"
"6a6e4dbe46feabf3642b400e","69db27da2b56cc0c1597f90a","4x4 Polvo Volumizador Seco Negro","1"
"6a6e4dbe46feabf3642b400e","69db27dc2b56cc0c1597f926","4x4 Pomada Gris 100ml.","1"
"6a6e4dbe46feabf3642b4011","69db27d22b56cc0c1597f85e","4X4 Exfoliante facial","1"
"6a6e4dbe46feabf3642b4011","69db27f72b56cc0c1597fb70","Alfaparf 10.342","1"
"6a6e4dbe46feabf3642b401d","69db27dc2b56cc0c1597f92d","4x4 Pomada Gris 200ml.","1"
"6a6e4dbe46feabf3642b401d","69db27f32b56cc0c1597fb1e","Alaska Tijera Manicure","1"
"6a6e4dbe46feabf3642b4026","69db28272b56cc0c1597ff52","Alicate Alaska Spa","1"
"6a6e4dbe46feabf3642b4026","69db27d12b56cc0c1597f84e","4x4 Desinfectante Antibacterial 250ml.","1"
"6a6e4dbe46feabf3642b4035","69db28092b56cc0c1597fcce","Alfapar 5.65","1"
"6a6e4dbe46feabf3642b4037","69db28022b56cc0c1597fc57","Alfapar 4","1"
"6a6e4dbe46feabf3642b4037","69db28202b56cc0c1597feb4","Alfapar keratin therapy lisse acondicionador 250ml.","1"
"6a6e4dbe46feabf3642b4037","69db28272b56cc0c1597ff4b","Alicate Alaska Pedicure","1"
"6a6e4dbe46feabf3642b4042","69db27c82b56cc0c1597f787","4X4 Gel para afeitar menta 1kg","1"
"6a6e4dbe46feabf3642b4049","69db27dd2b56cc0c1597f949","4x4 shampoo cbd minoxidi 500ml.","1"
"6a6e4dbe46feabf3642b404b","69db27f32b56cc0c1597fb17","Alaska Saca Comedones","1"
"6a6e4dbe46feabf3642b404b","69db282a2b56cc0c1597ff90","Alkahzar agua de rosas","1"
"6a6e4dbe46feabf3642b404b","69db27f32b56cc0c1597fb10","Alaska Bisturi AK-02-0019","1"
"6a6e4dbe46feabf3642b404f","69db27f52b56cc0c1597fb42","Alfa keratin Therapia","1"
"6a6e4dbe46feabf3642b404f","69db27f32b56cc0c1597fb1e","Alaska Tijera Manicure","1"
"6a6e4dbe46feabf3642b4054","69db28222b56cc0c1597fede","Alfapar Olio Plex 100ml","1"
"6a6e4dbe46feabf3642b4054","69db281f2b56cc0c1597fe98","Alfapar ampoll. anti caida","1"
"6a6e4dbe46feabf3642b4054","69db27e02b56cc0c1597f979","aashta kit 2 pz.","1"
"6a6e4dbe46feabf3642b4054","69db27d02b56cc0c1597f82b","4X4 Combo pow 5 pz.","1"
"6a6e4dbe46feabf3642b405d","69db282b2b56cc0c1597ffad","Amor us sponge","1"
"6a6e4dbe46feabf3642b405d","69db27e92b56cc0c1597fa4b","Adesivo para extenciones Pestañas","1"
"6a6e4dbe46feabf3642b405d","69db27cb2b56cc0c1597f7d5","4X4 Aftershave Power Green 400ml.","1"
"6a6e4dbe46feabf3642b405d","69db28182b56cc0c1597fe09","Alfapar 8.21","1"
"6a6e4dbe46feabf3642b4062","69db28032b56cc0c1597fc5e","Alfapar 4.32","1"
"6a6e4dbe46feabf3642b4062","69db28002b56cc0c1597fc18","Alfapar 11.00","1"
"6a6e4dbe46feabf3642b4065","69db28202b56cc0c1597fead","Alfapar keratin mask","1"
"6a6e4dbe46feabf3642b4065","69db27d82b56cc0c1597f8d2","4x4 navaja platinum","1"
"6a6e4dbe46feabf3642b4065","69db27da2b56cc0c1597f8fc","4x4 Pasta Dorada 100g.","1"
"6a6e4dbe46feabf3642b4069","69db28162b56cc0c1597fde6","Alfapar 7NI","1"
"6a6e4dbe46feabf3642b4069","69db27ee2b56cc0c1597faae","Adhesivo Tubo Transparente J.D/10gramos","1"
"6a6e4dbe46feabf3642b4069","69db27ea2b56cc0c1597fa64","Adhesivo J.Denis Transparente con keratina","1"
"6a6e4dbe46feabf3642b4072","69db28042b56cc0c1597fc7a","Alfapar 4NB","1"
"6a6e4dbe46feabf3642b4072","69db27db2b56cc0c1597f918","4x4 Pomada Extrafirme Verde 100g.","1"
"6a6e4dbe46feabf3642b40af","69db28062b56cc0c1597fc9d","Alfapar 5.3","1"
"6a6e4dbe46feabf3642b40af","69db27d32b56cc0c1597f87a","4X4 Gel Cubre Cana 315gr.","1"
"6a6e4dbe46feabf3642b40af","69db27ea2b56cc0c1597fa56","Adhesivo J.Denis Para Rulos/Pestañas.","1"
"6a6e4dbe46feabf3642b40af","69db28012b56cc0c1597fc42","Alfapar 11.32","1"
"6a6e4dbe46feabf3642b40bc","69db27d72b56cc0c1597f8c9","4x4 matizante violeta","1"
"6a6e4dbe46feabf3642b40c8","69db27ea2b56cc0c1597fa5d","Adhesivo J.Denis Oscuro con keratina","1"
"6a6e4dbe46feabf3642b40d7","69db27ff2b56cc0c1597fc0a","Alfapar 10.31","1"
"6a6e4dbe46feabf3642b40d7","69db27eb2b56cc0c1597fa6b","adhesivo latex para rulos o pads liftin j denis","1"
"6a6e4dbe46feabf3642b40d7","69db27e02b56cc0c1597f979","aashta kit 2 pz.","1"
"6a6e4dbe46feabf3642b40d7","69db281c2b56cc0c1597fe64","Alfapar 9.13","1"
"6a6e4dbe46feabf3642b40ff","69db27e12b56cc0c1597f98e","Aashta Tijera Cocodrilo","1"
"6a6e4dbe46feabf3642b4101","69db27e72b56cc0c1597fa18","acrílico cristal organic 50 gramos 1.76 oz","1"
"6a6e4dbe46feabf3642b411b","69db282b2b56cc0c1597ffa2","Aluminio Profesional Mopi","1"
"6a6e4dbe46feabf3642b411b","69db27dd2b56cc0c1597f942","4x4 shampoo cbd bergamota 500ml.","1"
"6a6e4dbe46feabf3642b411b","69db28112b56cc0c1597fd7d","Alfapar 7.21","1"
"6a6e4dbe46feabf3642b4137","69db27f22b56cc0c1597fb09","Alaska brocha barbero","1"
"6a6e4dbe46feabf3642b4137","69db27eb2b56cc0c1597fa6b","adhesivo latex para rulos o pads liftin j denis","1"
"6a6e4dbe46feabf3642b4137","69db28282b56cc0c1597ff5d","Alicate barrilito","1"
"6a6e4dbe46feabf3642b413b","69db28072b56cc0c1597fcab","Alfapar 5.35","1"
"6a6e4dbe46feabf3642b413b","69db27f22b56cc0c1597fafe","Alain silver 30ml.","1"
"6a6e4dbe46feabf3642b413b","69db27e62b56cc0c1597fa01","Acetona Touche 225ml.","1"
"6a6e4dbe46feabf3642b413b","69db27ce2b56cc0c1597f816","4x4 Cera Rosa 200ml.","1"
"6a6e4dbe46feabf3642b4140","69db27dd2b56cc0c1597f942","4x4 shampoo cbd bergamota 500ml.","1"
"6a6e4dbe46feabf3642b4140","69db281e2b56cc0c1597fe91","Alfapar 9NI","1"
"6a6e4dbe46feabf3642b4140","69db27e92b56cc0c1597fa3b","Acrylic sterilizador agrílico","1"
"6a6e4dbe46feabf3642b4144","69db28152b56cc0c1597fdd1","Alfapar 7.66I","1"
"6a6e4dbe46feabf3642b4144","69db27cd2b56cc0c1597f7f3","4x4 Balsamo Negro Liquido","1"
"6a6e4dbe46feabf3642b4144","69db282d2b56cc0c1597ffcd","Ampolletas Alfaparf Midollo di Bamboo (Blanco)","1"
"6a6e4dbe46feabf3642b4144","69db280c2b56cc0c1597fd1b","Alfapar 6.35","1"
"6a6e4dbe46feabf3642b4149","69db27e72b56cc0c1597fa18","acrílico cristal organic 50 gramos 1.76 oz","1"
"6a6e4dbe46feabf3642b4152","69db28082b56cc0c1597fcc0","Alfapar 5.6","1"
"6a6e4dbe46feabf3642b4152","69db28222b56cc0c1597fede","Alfapar Olio Plex 100ml","1"
"6a6e4dbe46feabf3642b4152","69db280f2b56cc0c1597fd53","Alfapar 6NB","1"
"6a6e4dbe46feabf3642b4156","69db27f72b56cc0c1597fb69","Alfaparf 7.24","1"
"6a6e4dbe46feabf3642b4156","69db27fa2b56cc0c1597fba8","Alfapar Semidelino nutritivo shampoo 250 ml.","1"
"6a6e4dbe46feabf3642b4156","69db27e72b56cc0c1597fa18","acrílico cristal organic 50 gramos 1.76 oz","1"
"6a6e4dbe46feabf3642b4161","69db28262b56cc0c1597ff2b","Alfaparf Shampoo Plex 250g.","1"
"6a6e4dbe46feabf3642b416b","69db28012b56cc0c1597fc34","Alfapar 11.20","1"
"6a6e4dbe46feabf3642b416b","69db28082b56cc0c1597fcc7","Alfapar 5.62","1"
"6a6e4dbe46feabf3642b416b","69db281f2b56cc0c1597fe98","Alfapar ampoll. anti caida","1"
"6a6e4dbe46feabf3642b416b","69db27cf2b56cc0c1597f81d","4x4 Cera Telaraña 100ml.","1"
"6a6e4dbe46feabf3642b4170","69db280c2b56cc0c1597fd1b","Alfapar 6.35","1"
"6a6e4dbe46feabf3642b4170","69db27df2b56cc0c1597f965","4x4 Talco Ultra Fino","1"
"6a6e4dbe46feabf3642b4170","69db27cc2b56cc0c1597f7ec","4x4 Balsamo Cubre Canas 100g.","1"
"6a6e4dbe46feabf3642b4170","69db281a2b56cc0c1597fe33","Alfapar 8.43","1"
"6a6e4dbe46feabf3642b4175","69db281c2b56cc0c1597fe64","Alfapar 9.13","1"
"6a6e4dbe46feabf3642b4175","69db28262b56cc0c1597ff3d","Algodón Alby","1"
"6a6e4dbe46feabf3642b417d","69db27ff2b56cc0c1597fc03","Alfapar 10.3","1"
"6a6e4dbe46feabf3642b417d","69db28002b56cc0c1597fc26","Alfapar 11.11","1"
"6a6e4dbe46feabf3642b417d","69db281c2b56cc0c1597fe56","Alfapar 9.04","1"
"6a6e4dbe46feabf3642b418e","69db281d2b56cc0c1597fe79","Alfapar 9.3","1"
"6a6e4dbe46feabf3642b418e","69db27e02b56cc0c1597f987","aashta tijera ps154","1"
"6a6e4dbe46feabf3642b419b","69db280f2b56cc0c1597fd45","Alfapar 6.66I","1"
"6a6e4dbe46feabf3642b419b","69db27ce2b56cc0c1597f80f","4x4 Cera Rosa 100ml.","1"
"6a6e4dbe46feabf3642b419b","69db28182b56cc0c1597fe10","Alfapar 8.23","1"
"6a6e4dbe46feabf3642b419b","69db27e42b56cc0c1597f9d1","ACETONA ORGANIC 120 ML","1"
"6a6e4dbe46feabf3642b41a0","69db27f92b56cc0c1597fb93","Alfapar keratin serum 125 ml","1"
"6a6e4dbe46feabf3642b41a0","69db27e02b56cc0c1597f980","aashta ps -807","1"
"6a6e4dbe46feabf3642b41a0","69db27f62b56cc0c1597fb52","Alfapaf 6.56","1"
"6a6e4dbe46feabf3642b41c9","69db281a2b56cc0c1597fe3a","Alfapar 8.66I","1"
"6a6e4dbe46feabf3642b41c9","69db27db2b56cc0c1597f918","4x4 Pomada Extrafirme Verde 100g.","1"
"6a6e4dbe46feabf3642b41c9","69db27da2b56cc0c1597f90a","4x4 Polvo Volumizador Seco Negro","1"
"6a6e4dbe46feabf3642b41cd","69db27e82b56cc0c1597fa2d","Acrílico Eteri Organic","1"
"6a6e4dbe46feabf3642b41cf","69db27cd2b56cc0c1597f7fa","4x4 Cera en Polvo Volumizador Amarillo","1"
"6a6e4dbe46feabf3642b41cf","69db28182b56cc0c1597fe09","Alfapar 8.21","1"
"6a6e4dbe46feabf3642b41cf","69db27ce2b56cc0c1597f80f","4x4 Cera Rosa 100ml.","1"
"6a6e4dbe46feabf3642b41d9","69db28072b56cc0c1597fcab","Alfapar 5.35","1"
"6a6e4dbe46feabf3642b41d9","69db28182b56cc0c1597fe10","Alfapar 8.23","1"
"6a6e4dbe46feabf3642b41e0","69db27fb2b56cc0c1597fbbd","Alfapar 000SSS","1"
"6a6e4dbe46feabf3642b41e0","69db281d2b56cc0c1597fe72","Alfapar 9.21","1"
"6a6e4dbe46feabf3642b41e3","69db27da2b56cc0c1597f8fc","4x4 Pasta Dorada 100g.","1"
"6a6e4dbe46feabf3642b41e3","69db27ed2b56cc0c1597fa92","Adhesivo Para Pestañas Duo Transparente","1"
"6a6e4dbe46feabf3642b41e3","69db281a2b56cc0c1597fe3a","Alfapar 8.66I","1"
"6a6e4dbe46feabf3642b4218","69db27ed2b56cc0c1597faa0","adhesivo supreme j denis para pestañas mink","1"
"6a6e4dbe46feabf3642b4218","69db27cf2b56cc0c1597f81d","4x4 Cera Telaraña 100ml.","1"
"6a6e4dbe46feabf3642b4218","69db281a2b56cc0c1597fe3a","Alfapar 8.66I","1"
"6a6e4dbe46feabf3642b4226","69db27cf2b56cc0c1597f81d","4x4 Cera Telaraña 100ml.","1"
"6a6e4dbe46feabf3642b4226","69db27de2b56cc0c1597f950","4x4 shampoo cervesa azul","1"
"6a6e4dbe46feabf3642b4229","69db28062b56cc0c1597fc96","Alfapar 5.22","1"
"6a6e4dbe46feabf3642b423b","69db27df2b56cc0c1597f970","Aashta clip metalico o sojetador","1"
"6a6e4dbe46feabf3642b423f","69db27eb2b56cc0c1597fa79","adhesivo para pads color blanco tapa dorada j denis","1"
"6a6e4dbe46feabf3642b423f","69db27fd2b56cc0c1597fbee","Alfapar 10","1"
"6a6e4dbe46feabf3642b423f","69db27e62b56cc0c1597fa01","Acetona Touche 225ml.","1"
"6a6e4dbe46feabf3642b423f","69db27cd2b56cc0c1597f7f3","4x4 Balsamo Negro Liquido","1"
"6a6e4dbe46feabf3642b4249","69db28292b56cc0c1597ff6f","Alicate Gc Medium","1"
"6a6e4dbe46feabf3642b4251","69db27da2b56cc0c1597f903","4x4 Pasta Dorada 200g.","1"
"6a6e4dbe46feabf3642b425b","69db27c92b56cc0c1597f799","4x4 maquina inalambrico plastico G oferta de 4 pz.","1"
"6a6e4dbe46feabf3642b425b","69db28032b56cc0c1597fc65","Alfapar 4.52","1"
"6a6e4dbe46feabf3642b4261","69db27dc2b56cc0c1597f92d","4x4 Pomada Gris 200ml.","1"
"6a6e4dbe46feabf3642b4261","69db27d22b56cc0c1597f855","4x4 Enfriador de Maquinas 400g.","1"
"6a6e4dbe46feabf3642b4261","69db27cd2b56cc0c1597f801","4x4 cera gel kg.","1"
"6a6e4dbe46feabf3642b4261","69db27e12b56cc0c1597f99c","aashta tijeras ps817","1"
"6a6e4dbe46feabf3642b4266","69db27df2b56cc0c1597f965","4x4 Talco Ultra Fino","1"
"6a6e4dbe46feabf3642b4266","69db281f2b56cc0c1597fe9f","Alfapar benvoleo olio nutritivo 100ml.","1"
"6a6e4dbe46feabf3642b4266","69db28142b56cc0c1597fdbc","Alfapar 7.53","1"
"6a6e4dbe46feabf3642b426a","69db28012b56cc0c1597fc3b","Alfapar 11.21","1"
"6a6e4dbe46feabf3642b426a","69db28292b56cc0c1597ff6f","Alicate Gc Medium","1"
"6a6e4dbe46feabf3642b426a","69db27d02b56cc0c1597f832","4x4 Cuchilla Platino trimer DLC","1"
"6a6e4dbe46feabf3642b427a","69db28272b56cc0c1597ff52","Alicate Alaska Spa","1"
"6a6e4dbe46feabf3642b427a","69db27e92b56cc0c1597fa3b","Acrylic sterilizador agrílico","1"
"6a6e4dbe46feabf3642b427a","69db27cb2b56cc0c1597f7c7","4x4 Aftershave Amarillo 400ml.","1"
"6a6e4dbe46feabf3642b427a","69db28232b56cc0c1597fef3","Alfapar Oxido 30 vol. 1000ml.","1"
"6a6e4dbe46feabf3642b427f","69db27c92b56cc0c1597f799","4x4 maquina inalambrico plastico G oferta de 4 pz.","1"
"6a6e4dbe46feabf3642b427f","69db27f62b56cc0c1597fb62","alfapar Real Rigen mascar. dañado 500g.","1"
"6a6e4dbe46feabf3642b4285","69db27df2b56cc0c1597f965","4x4 Talco Ultra Fino","1"
"6a6e4dbe46feabf3642b4287","69db27f52b56cc0c1597fb42","Alfa keratin Therapia","1"
"6a6e4dbe46feabf3642b4289","69db27cd2b56cc0c1597f801","4x4 cera gel kg.","1"
"6a6e4dbe46feabf3642b4291","69db27f72b56cc0c1597fb70","Alfaparf 10.342","1"
"6a6e4dbe46feabf3642b4291","69db281e2b56cc0c1597fe91","Alfapar 9NI","1"
"6a6e4dbe46feabf3642b429f","69db280c2b56cc0c1597fd0d","Alfapar 6.3","1"
"6a6e4dbe46feabf3642b429f","69db27d92b56cc0c1597f8ee","4x4 papel cuello negro un rollo","1"
"6a6e4dbe46feabf3642b429f","69db28232b56cc0c1597feec","Alfapar Oxido 20vol. 1000ml.","1"
"6a6e4dbe46feabf3642b42a9","69db27e82b56cc0c1597fa26","Acrílico Zodiaco","1"
"6a6e4dbe46feabf3642b42a9","69db28242b56cc0c1597ff0f","Alfapar salone shampoo 500ml.","1"
"6a6e4dbe46feabf3642b42a9","69db280f2b56cc0c1597fd45","Alfapar 6.66I","1"
"6a6e4dbe46feabf3642b42b2","69db27e12b56cc0c1597f98e","Aashta Tijera Cocodrilo","1"
"6a6e4dbe46feabf3642b42b2","69db282b2b56cc0c1597ff97","Almoadillas de algodon","1"
"6a6e4dbe46feabf3642b42b2","69db27f12b56cc0c1597faf0","Alain Silver Hot Tratamiento Restauraurador","1"
"6a6e4dbe46feabf3642b42b2","69db28042b56cc0c1597fc7a","Alfapar 4NB","1"
"6a6e4dbe46feabf3642b42b7","69db27d82b56cc0c1597f8d2","4x4 navaja platinum","1"
"6a6e4dbe46feabf3642b42b7","69db27ca2b56cc0c1597f7c0","4x4 Aceite Para Cortadoras 118ml.","1"
"6a6e4dbe46feabf3642b42bd","69db27ff2b56cc0c1597fc03","Alfapar 10.3","1"
"6a6e4dbe46feabf3642b42bd","69db27ef2b56cc0c1597fac5","Agoja para rayos","1"
"6a6e4dbe46feabf3642b42bd","69db27e52b56cc0c1597f9ec","Acetona Pura Mediana arys","1"
"6a6e4dbe46feabf3642b42c6","69db27e32b56cc0c1597f9bb","Aceite Fortalezador Argan/Mamey","1"
"6a6e4dbe46feabf3642b42d2","69db27d52b56cc0c1597f896","4x4 guantes vinil nitrilo","1"
"6a6e4dbe46feabf3642b42d2","69db27fb2b56cc0c1597fbc4","Alfapar 01","1"
"6a6e4dbe46feabf3642b42d2","69db27ed2b56cc0c1597fa99","Adhesivo Para Rulos frasquito chico blanco","1"
"6a6e4dbe46feabf3642b42f8","69db27dd2b56cc0c1597f942","4x4 shampoo cbd bergamota 500ml.","1"
"6a6e4dbe46feabf3642b42fa","69db27ff2b56cc0c1597fc0a","Alfapar 10.31","1"
"6a6e4dbe46feabf3642b42fa","69db27d62b56cc0c1597f8b9","4X4 Maquina Platinum Trimmer","1"
"6a6e4dbe46feabf3642b42fa","69db27e62b56cc0c1597fa0a","acondicionador artesanal","1"
"6a6e4dbe46feabf3642b42fa","69db282b2b56cc0c1597ffa2","Aluminio Profesional Mopi","1"
"6a6e4dbe46feabf3642b42ff","69db281d2b56cc0c1597fe79","Alfapar 9.3","1"
"6a6e4dbe46feabf3642b42ff","69db282a2b56cc0c1597ff85","Alicate Lobo1330-00","1"
"6a6e4dbe46feabf3642b42ff","69db280f2b56cc0c1597fd53","Alfapar 6NB","1"
"6a6e4dbe46feabf3642b4312","69db280c2b56cc0c1597fd14","Alfapar 6.32","1"
"6a6e4dbe46feabf3642b4312","69db27fe2b56cc0c1597fbfc","Alfapar 10.21","1"
"6a6e4dbe46feabf3642b4312","69db27fa2b56cc0c1597fba8","Alfapar Semidelino nutritivo shampoo 250 ml.","1"
"6a6e4dbe46feabf3642b4312","69db27d62b56cc0c1597f8b9","4X4 Maquina Platinum Trimmer","1"
"6a6e4dbe46feabf3642b431b","69db28022b56cc0c1597fc57","Alfapar 4","1"
"6a6e4dbe46feabf3642b431b","69db28172b56cc0c1597fded","Alfapar 8","1"
"6a6e4dbe46feabf3642b431b","69db28152b56cc0c1597fdc3","Alfapar 7.6","1"
"6a6e4dbe46feabf3642b4322","69db28232b56cc0c1597feec","Alfapar Oxido 20vol. 1000ml.","1"
"6a6e4dbe46feabf3642b4322","69db27e62b56cc0c1597fa0a","acondicionador artesanal","1"
"6a6e4dbe46feabf3642b4322","69db28292b56cc0c1597ff7a","Alicate Katya 1162-07","1"
"6a6e4dbe46feabf3642b4353","69db28182b56cc0c1597fe09","Alfapar 8.21","1"
"6a6e4dbe46feabf3642b4358","69db27ff2b56cc0c1597fc11","Alfapar 10NB","1"
"6a6e4dbe46feabf3642b4358","69db28022b56cc0c1597fc49","Alfapar 2","1"
"6a6e4dbe46feabf3642b4370","69db27d52b56cc0c1597f89d","4x4 maquina de corte trimmer inalambrico metalica","1"
"6a6e4dbe46feabf3642b4377","69db28032b56cc0c1597fc65","Alfapar 4.52","1"
"6a6e4dbe46feabf3642b4377","69db281c2b56cc0c1597fe56","Alfapar 9.04","1"
"6a6e4dbe46feabf3642b4377","69db27e52b56cc0c1597f9f3","Acetona Pura Touche 980ml","1"
"6a6e4dbe46feabf3642b4377","69db28132b56cc0c1597fda0","Alfapar 7.35","1"
"6a6e4dbe46feabf3642b437c","69db28292b56cc0c1597ff6f","Alicate Gc Medium","1"
"6a6e4dbe46feabf3642b437c","69db28252b56cc0c1597ff16","Alfapar Semi di lino 50ml.","1"
"6a6e4dbe46feabf3642b437c","69db28132b56cc0c1597fd99","Alfapar 7.34","1"
"6a6e4dbe46feabf3642b437c","69db27e72b56cc0c1597fa18","acrílico cristal organic 50 gramos 1.76 oz","1"
"6a6e4dbe46feabf3642b438c","69db27fb2b56cc0c1597fbc4","Alfapar 01","1"
"6a6e4dbe46feabf3642b438c","69db28122b56cc0c1597fd92","Alfapar 7.32","1"
"6a6e4dbe46feabf3642b438c","69db281b2b56cc0c1597fe48","Alfapar 8NI","1"
"6a6e4dbe46feabf3642b4390","69db280f2b56cc0c1597fd45","Alfapar 6.66I","1"
"6a6e4dbe46feabf3642b4390","69db27ff2b56cc0c1597fc03","Alfapar 10.3","1"
"6a6e4dbe46feabf3642b4395","69db28212b56cc0c1597fec9","Alfapar Maschera Plex 150g.","1"
"6a6e4dbe46feabf3642b4395","69db28222b56cc0c1597fee5","Alfapar Oxido 10 vol. 1000ml.","1"
"6a6e4dbe46feabf3642b4395","69db282f2b56cc0c1597fff8","Ampolletas Revive Cationica","1"
"6a6e4dbe46feabf3642b4395","69db27e72b56cc0c1597fa11","Acondicionador Diamante 250ml.","1"
"6a6e4dbe46feabf3642b439c","69db27e92b56cc0c1597fa3b","Acrylic sterilizador agrílico","1"
"6a6e4dbe46feabf3642b43a2","69db27d32b56cc0c1597f87a","4X4 Gel Cubre Cana 315gr.","1"
"6a6e4dbe46feabf3642b43a4","69db28112b56cc0c1597fd76","Alfapar 7.13","1"
"6a6e4dbe46feabf3642b43a4","69db27ce2b56cc0c1597f816","4x4 Cera Rosa 200ml.","1"
"6a6e4dbe46feabf3642b43a4","69db28222b56cc0c1597fede","Alfapar Olio Plex 100ml","1"
"6a6e4dbe46feabf3642b43a4","69db281b2b56cc0c1597fe48","Alfapar 8NI","1"
"6a6e4dbe46feabf3642b43ad","69db27fe2b56cc0c1597fbfc","Alfapar 10.21","1"
"6a6e4dbe46feabf3642b43ad","69db27ff2b56cc0c1597fc11","Alfapar 10NB","1"
"6a6e4dbe46feabf3642b43ad","69db27d72b56cc0c1597f8c0","4x4 Mascarilla Capilar Open Secret","1"
"6a6e4dbe46feabf3642b43ad","69db281e2b56cc0c1597fe91","Alfapar 9NI","1"
"6a6e4dbe46feabf3642b43e1","69db27dc2b56cc0c1597f92d","4x4 Pomada Gris 200ml.","1"
"6a6e4dbe46feabf3642b43e1","69db282a2b56cc0c1597ff90","Alkahzar agua de rosas","1"
"6a6e4dbe46feabf3642b43e1","69db282d2b56cc0c1597ffcd","Ampolletas Alfaparf Midollo di Bamboo (Blanco)","1"
"6a6e4dbe46feabf3642b43e1","69db282c2b56cc0c1597ffb6","Amor pinza pestañas","1"
"6a6e4dbe46feabf3642b43e6","69db28092b56cc0c1597fcce","Alfapar 5.65","1"
"6a6e4dbe46feabf3642b43e8","69db282a2b56cc0c1597ff90","Alkahzar agua de rosas","1"
"6a6e4dbe46feabf3642b43e8","69db27e92b56cc0c1597fa3b","Acrylic sterilizador agrílico","1"
"6a6e4dbe46feabf3642b43e8","69db282b2b56cc0c1597ffa2","Aluminio Profesional Mopi","1"
"6a6e4dbe46feabf3642b43f8","69db27e32b56cc0c1597f9bb","Aceite Fortalezador Argan/Mamey","1"
"6a6e4dbe46feabf3642b43f8","69db27f82b56cc0c1597fb85","Alfapar 8.34","1"
"6a6e4dbe46feabf3642b43f8","69db28112b56cc0c1597fd7d","Alfapar 7.21","1"
"6a6e4dbe46feabf3642b43f8","69db27fb2b56cc0c1597fbbd","Alfapar 000SSS","1"
"6a6e4dbe46feabf3642b4404","69db27cc2b56cc0c1597f7e3","4x4 Aftershave Rojo 400ml.","1"
"6a6e4dbe46feabf3642b4406","69db28282b56cc0c1597ff68","Alicate GC Large","1"
"6a6e4dbe46feabf3642b440a","69db27e52b56cc0c1597f9f3","Acetona Pura Touche 980ml","1"
"6a6e4dbe46feabf3642b441a","69db28282b56cc0c1597ff5d","Alicate barrilito","1"
"6a6e4dbe46feabf3642b441a","69db28272b56cc0c1597ff52","Alicate Alaska Spa","1"
"6a6e4dbe46feabf3642b441a","69db28292b56cc0c1597ff6f","Alicate Gc Medium","1"
"6a6e4dbe46feabf3642b441a","69db27ed2b56cc0c1597fa99","Adhesivo Para Rulos frasquito chico blanco","1"
"6a6e4dbe46feabf3642b4430","69db27ee2b56cc0c1597fab5","Afaparf salone supreme mask","1"
"6a6e4dbe46feabf3642b4438","69db27e72b56cc0c1597fa18","acrílico cristal organic 50 gramos 1.76 oz","1"
"6a6e4dbe46feabf3642b4438","69db27f12b56cc0c1597fae9","alain silver herbal 9","1"
"6a6e4dbe46feabf3642b443b","69db27d42b56cc0c1597f888","4x4 Gel Para Afeitar Menta 485ml.","1"
"6a6e4dbe46feabf3642b443b","69db28152b56cc0c1597fdca","Alfapar 7.62","1"
"6a6e4dbe46feabf3642b443b","69db28252b56cc0c1597ff1d","Alfapar Semidelino shampoo 250ml.","1"
"6a6e4dbe46feabf3642b443b","69db27dc2b56cc0c1597f92d","4x4 Pomada Gris 200ml.","1"
"6a6e4dbe46feabf3642b444b","69db27cd2b56cc0c1597f7fa","4x4 Cera en Polvo Volumizador Amarillo","1"
"6a6e4dbe46feabf3642b444b","69db282b2b56cc0c1597ffa2","Aluminio Profesional Mopi","1"
"6a6e4dbe46feabf3642b444b","69db27db2b56cc0c1597f911","4x4 Pomada Azul 200g","1"
"6a6e4dbe46feabf3642b444b","69db282c2b56cc0c1597ffbf","Amor us","1"
"6a6e4dbe46feabf3642b4454","69db27e42b56cc0c1597f9e5","Acetona Pura Chica (frasco hidra)","1"
"6a6e4dbe46feabf3642b4454","69db28152b56cc0c1597fdd1","Alfapar 7.66I","1"
"6a6e4dbe46feabf3642b4454","69db27f22b56cc0c1597fb09","Alaska brocha barbero","1"
"6a6e4dbe46feabf3642b4458","69db28212b56cc0c1597fec2","Alfapar Keratin Therapy Shampoo 250ml.","1"
"6a6e4dbe46feabf3642b4458","69db281b2b56cc0c1597fe4f","Alfapar 9","1"
"6a6e4dbe46feabf3642b4458","69db28102b56cc0c1597fd61","Alfapar 7","1"
"6a6e4dbe46feabf3642b4466","69db28072b56cc0c1597fcb2","Alfapar 5.5","1"
"6a6e4dbe46feabf3642b4466","69db28222b56cc0c1597fede","Alfapar Olio Plex 100ml","1"
"6a6e4dbe46feabf3642b447f","69db27f42b56cc0c1597fb37","Alexander tijera","1"
"6a6e4dbe46feabf3642b447f","69db27ee2b56cc0c1597faae","Adhesivo Tubo Transparente J.D/10gramos","1"
"6a6e4dbe46feabf3642b447f","69db27df2b56cc0c1597f965","4x4 Talco Ultra Fino","1"
"6a6e4dbe46feabf3642b447f","69db27e12b56cc0c1597f98e","Aashta Tijera Cocodrilo","1"
"6a6e4dbe46feabf3642b44a9","69db28022b56cc0c1597fc50","Alfapar 3","1"
"6a6e4dbe46feabf3642b44b0","69db28022b56cc0c1597fc57","Alfapar 4","1"
"6a6e4dbe46feabf3642b44b0","69db27f92b56cc0c1597fb9a","Alfapar mask 200ml.","1"
"6a6e4dbe46feabf3642b44b0","69db27d02b56cc0c1597f832","4x4 Cuchilla Platino trimer DLC","1"
"6a6e4dbe46feabf3642b44b4","69db27f92b56cc0c1597fb93","Alfapar keratin serum 125 ml","1"
"6a6e4dbe46feabf3642b44b4","69db28122b56cc0c1597fd84","Alfapar 7.3","1"
"6a6e4dbe46feabf3642b44b4","69db28082b56cc0c1597fcc0","Alfapar 5.6","1"
"6a6e4dbe46feabf3642b44b4","69db27f52b56cc0c1597fb49","Alfa sobres de 30 pz","1"
"6a6e4dbe46feabf3642b44be","69db27e02b56cc0c1597f979","aashta kit 2 pz.","1"
"6a6e4dbe46feabf3642b44c9","69db27d72b56cc0c1597f8c0","4x4 Mascarilla Capilar Open Secret","1"
"6a6e4dbe46feabf3642b44d1","69db281a2b56cc0c1597fe33","Alfapar 8.43","1"
"6a6e4dbe46feabf3642b44d1","69db28252b56cc0c1597ff1d","Alfapar Semidelino shampoo 250ml.","1"
"6a6e4dbe46feabf3642b44d4","69db28202b56cc0c1597febb","Alfapar Keratin Therapy lisse Oil 50ml.","1"
"6a6e4dbe46feabf3642b44d4","69db282b2b56cc0c1597ffa2","Aluminio Profesional Mopi","1"
"6a6e4dbe46feabf3642b44dd","69db280a2b56cc0c1597fcf1","Alfapar 6","1"
"6a6e4dbe46feabf3642b44dd","69db28262b56cc0c1597ff34","Alfaparf spray porificante 100ml.","1"
"6a6e4dbe46feabf3642b44dd","69db27fc2b56cc0c1597fbd9","Alfapar 03","1"
"6a6e4dbe46feabf3642b44e5","69db27d22b56cc0c1597f855","4x4 Enfriador de Maquinas 400g.","1"
"6a6e4dbe46feabf3642b44eb","69db28262b56cc0c1597ff34","Alfaparf spray porificante 100ml.","1"
"6a6e4dbe46feabf3642b44eb","69db28002b56cc0c1597fc18","Alfapar 11.00","1"
"6a6e4dbe46feabf3642b44eb","69db28262b56cc0c1597ff2b","Alfaparf Shampoo Plex 250g.","1"
"6a6e4dbe46feabf3642b44eb","69db27e72b56cc0c1597fa1f","acrílico organic blanco (white)","1"
"6a6e4dbe46feabf3642b44f6","69db27e52b56cc0c1597f9fa","Acetona quinta esmalte 98(60 ml)","1"
"6a6e4dbe46feabf3642b44f6","69db27fe2b56cc0c1597fbfc","Alfapar 10.21","1"
"6a6e4dbe46feabf3642b44f6","69db27eb2b56cc0c1597fa6b","adhesivo latex para rulos o pads liftin j denis","1"
"6a6e4dbe46feabf3642b451a","69db282a2b56cc0c1597ff90","Alkahzar agua de rosas","1"
"6a6e4dbe46feabf3642b451a","69db28092b56cc0c1597fcdc","Alfapar 5.7","1"
"6a6e4dbe46feabf3642b451a","69db28042b56cc0c1597fc73","Alfapar 4.66I","1"
"6a6e4dbe46feabf3642b451a","69db281d2b56cc0c1597fe72","Alfapar 9.21","1"
"6a6e4dbe46feabf3642b451f","69db28302b56cc0c1598000d","Ampolletas Revive Teñido","1"
"6a6e4dbe46feabf3642b451f","69db28312b56cc0c1598001f","Andis","1"
"6a6e4dbe46feabf3642b451f","69db28082b56cc0c1597fcc7","Alfapar 5.62","1"
"6a6e4dbe46feabf3642b451f","69db28242b56cc0c1597ff08","Alfapar Real Rigen k.","1"
"6a6e4dbe46feabf3642b4524","69db27df2b56cc0c1597f970","Aashta clip metalico o sojetador","1"
"6a6e4dbe46feabf3642b4524","69db28172b56cc0c1597fdfb","Alfapar 8.1","1"
"6a6e4dbe46feabf3642b4524","69db28092b56cc0c1597fcd5","Alfapar 5.66I","1"
"6a6e4dbe46feabf3642b4524","69db28082b56cc0c1597fcc0","Alfapar 5.6","1"
"6a6e4dbe46feabf3642b453d","69db27fa2b56cc0c1597fbaf","Alfapar shampoo Rigen Dañado 250g.","1"
"6a6e4dbe46feabf3642b453d","69db282d2b56cc0c1597ffd4","Ampolletas Alfaparf Semi Di Lino Essential Oil (Azul)","1"
"6a6e4dbe46feabf3642b453d","69db27cb2b56cc0c1597f7d5","4X4 Aftershave Power Green 400ml.","1"
"6a6e4dbe46feabf3642b4547","69db27da2b56cc0c1597f8fc","4x4 Pasta Dorada 100g.","1"
"6a6e4dbe46feabf3642b4547","69db27ca2b56cc0c1597f7b9","4x4 Pomada azul 100g","1"
"6a6e4dbe46feabf3642b4547","69db27e82b56cc0c1597fa2d","Acrílico Eteri Organic","1"
"6a6e4dbe46feabf3642b4547","69db27d72b56cc0c1597f8c0","4x4 Mascarilla Capilar Open Secret","1"
"6a6e4dbe46feabf3642b454e","69db28252b56cc0c1597ff16","Alfapar Semi di lino 50ml.","1"
"6a6e4dbe46feabf3642b454e","69db281b2b56cc0c1597fe4f","Alfapar 9","1"
"6a6e4dbe46feabf3642b454e","69db27fa2b56cc0c1597fbaf","Alfapar shampoo Rigen Dañado 250g.","1"
"6a6e4dbe46feabf3642b455a","69db27f92b56cc0c1597fba1","Alfapar rigen shampoo 250 ml.","1"
"6a6e4dbe46feabf3642b455a","69db27f22b56cc0c1597fb09","Alaska brocha barbero","1"
"6a6e4dbe46feabf3642b455d","69db281d2b56cc0c1597fe79","Alfapar 9.3","1"
"6a6e4dbe46feabf3642b455d","69db281b2b56cc0c1597fe4f","Alfapar 9","1"
"6a6e4dbe46feabf3642b455d","69db28072b56cc0c1597fca4","Alfapar 5.32","1"
"6a6e4dbe46feabf3642b455d","69db28162b56cc0c1597fde6","Alfapar 7NI","1"
"6a6e4dbe46feabf3642b4571","69db28172b56cc0c1597fdf4","Alfapar 8.01","1"
"6a6e4dbe46feabf3642b457b","69db27fc2b56cc0c1597fbd2","Alfapar 02","1"
"6a6e4dbe46feabf3642b457b","69db281f2b56cc0c1597fe98","Alfapar ampoll. anti caida","1"
"6a6e4dbe46feabf3642b457b","69db281f2b56cc0c1597fea6","Alfapar Brocha y cio para tinte","1"
"6a6e4dbe46feabf3642b457b","69db280c2b56cc0c1597fd1b","Alfapar 6.35","1"
"6a6e4dbe46feabf3642b4580","69db27ed2b56cc0c1597faa0","adhesivo supreme j denis para pestañas mink","1"
"6a6e4dbe46feabf3642b4582","69db280b2b56cc0c1597fcf8","Alfapar 6.01","1"
"6a6e4dbe46feabf3642b4582","69db27d32b56cc0c1597f86c","4x4 Gel 500g.","1"
"6a6e4dbe46feabf3642b459c","69db28172b56cc0c1597fdfb","Alfapar 8.1","1"
"6a6e4dbe46feabf3642b459c","69db27fe2b56cc0c1597fbfc","Alfapar 10.21","1"
"6a6e4dbe46feabf3642b459c","69db27d12b56cc0c1597f847","4x4 Cuchilla Trimer","1"
"6a6e4dbe46feabf3642b45a0","69db27ff2b56cc0c1597fc03","Alfapar 10.3","1"
"6a6e4dbe46feabf3642b45a2","69db27ed2b56cc0c1597fa92","Adhesivo Para Pestañas Duo Transparente","1"
"6a6e4dbe46feabf3642b45a2","69db27f62b56cc0c1597fb62","alfapar Real Rigen mascar. dañado 500g.","1"
"6a6e4dbe46feabf3642b45a2","69db27d32b56cc0c1597f873","4x4 gel afeitar 955kg azul","1"
"6a6e4dbe46feabf3642b45b2","69db27fd2b56cc0c1597fbe7","Alfapar 1.11","1"
"6a6e4dbe46feabf3642b45ca","69db27fc2b56cc0c1597fbcb","alfapar 013","1"
"6a6e4dbe46feabf3642b45ca","69db27f42b56cc0c1597fb30","Alexander Style Tijera 7.5","1"
"6a6e4dbe46feabf3642b45ca","69db282a2b56cc0c1597ff90","Alkahzar agua de rosas","1"
"6a6e4dbe46feabf3642b45ca","69db27f02b56cc0c1597fae0","Alain silver tratamiento","1"
"6a6e4dbe46feabf3642b45d3","69db27dc2b56cc0c1597f92d","4x4 Pomada Gris 200ml.","1"
"6a6e4dbe46feabf3642b45d3","69db27d02b56cc0c1597f832","4x4 Cuchilla Platino trimer DLC","1"
"6a6e4dbe46feabf3642b45df","69db27e42b56cc0c1597f9d1","ACETONA ORGANIC 120 ML","1"
"6a6e4dbe46feabf3642b45df","69db27f12b56cc0c1597faf7","Alain silver shampoo","1"
"6a6e4dbe46feabf3642b45df","69db28262b56cc0c1597ff34","Alfaparf spray porificante 100ml.","1"
"6a6e4dbe46feabf3642b45df","69db27e12b56cc0c1597f98e","Aashta Tijera Cocodrilo","1"
"6a6e4dbe46feabf3642b45e4","69db27c82b56cc0c1597f790","4x4 Guantes nitrilo negros","1"
"6a6e4dbe46feabf3642b45e4","69db27d42b56cc0c1597f881","4x4 Gel Para Afeitar Citrico 485ml.","1"
"6a6e4dbe46feabf3642b45e4","69db28182b56cc0c1597fe09","Alfapar 8.21","1"
"6a6e4dbe46feabf3642b45e4","69db27ea2b56cc0c1597fa64","Adhesivo J.Denis Transparente con keratina","1"
"6a6e4dbe46feabf3642b45ec","69db27f72b56cc0c1597fb70","Alfaparf 10.342","1"
"6a6e4dbe46feabf3642b45ec","69db27f52b56cc0c1597fb42","Alfa keratin Therapia","1"
"6a6e4dbe46feabf3642b45ec","69db27cb2b56cc0c1597f7ce","4x4 Aftershave King Blue 400ml","1"
"6a6e4dbe46feabf3642b45f0","69db27ca2b56cc0c1597f7b0","4x4 papel cuello blanco de 5 pz.","1"
"6a6e4dbe46feabf3642b45f0","69db27f02b56cc0c1597fae0","Alain silver tratamiento","1"
"6a6e4dbe46feabf3642b45f8","69db28072b56cc0c1597fcab","Alfapar 5.35","1"
"6a6e4dbe46feabf3642b45f8","69db281a2b56cc0c1597fe33","Alfapar 8.43","1"
"6a6e4dbe46feabf3642b45fb","69db28282b56cc0c1597ff5d","Alicate barrilito","1"
"6a6e4dbe46feabf3642b45fd","69db28112b56cc0c1597fd7d","Alfapar 7.21","1"
"6a6e4dbe46feabf3642b45fd","69db27fb2b56cc0c1597fbbd","Alfapar 000SSS","1"
"6a6e4dbe46feabf3642b45fd","69db280b2b56cc0c1597fd06","Alfapar 6.23","1"
"6a6e4dbe46feabf3642b45fd","69db28142b56cc0c1597fdae","Alfapar 7.43","1"
"6a6e4dbe46feabf3642b4605","69db27d92b56cc0c1597f8f5","4x4 papel cuello negro 5 pz","1"
"6a6e4dbe46feabf3642b4610","69db27da2b56cc0c1597f903","4x4 Pasta Dorada 200g.","1"
"6a6e4dbe46feabf3642b4610","69db280b2b56cc0c1597fcf8","Alfapar 6.01","1"
"6a6e4dbe46feabf3642b4610","69db28092b56cc0c1597fcdc","Alfapar 5.7","1"
"6a6e4dbe46feabf3642b4614","69db281e2b56cc0c1597fe83","Alfapar 9.31","1"
"6a6e4dbe46feabf3642b4614","69db27ee2b56cc0c1597fab5","Afaparf salone supreme mask","1"
"6a6e4dbe46feabf3642b4614","69db28252b56cc0c1597ff1d","Alfapar Semidelino shampoo 250ml.","1"
"6a6e4dbe46feabf3642b461a","69db27ed2b56cc0c1597fa99","Adhesivo Para Rulos frasquito chico blanco","1"
"6a6e4dbe46feabf3642b461a","69db27d32b56cc0c1597f873","4x4 gel afeitar 955kg azul","1"
"6a6e4dbe46feabf3642b461a","69db27d42b56cc0c1597f888","4x4 Gel Para Afeitar Menta 485ml.","1"
"6a6e4dbe46feabf3642b4632","69db27dd2b56cc0c1597f942","4x4 shampoo cbd bergamota 500ml.","1"
"6a6e4dbe46feabf3642b4632","69db28202b56cc0c1597febb","Alfapar Keratin Therapy lisse Oil 50ml.","1"
"6a6e4dbe46feabf3642b4632","69db27f62b56cc0c1597fb5b","Alfapar benvoleo shampoo seco sin gas 150 g","1"
"6a6e4dbe46feabf3642b4632","69db27dd2b56cc0c1597f93b","4x4 shampoo matiz negro 300ml.","1"
"6a6e4dbe46feabf3642b4647","69db27d22b56cc0c1597f855","4x4 Enfriador de Maquinas 400g.","1"
"6a6e4dbe46feabf3642b4647","69db27d02b56cc0c1597f832","4x4 Cuchilla Platino trimer DLC","1"
"6a6e4dbe46feabf3642b4647","69db28272b56cc0c1597ff44","Alicate Alaska Manicure","1"
"6a6e4dbe46feabf3642b4647","69db280d2b56cc0c1597fd29","Alfapar 6.45","1"
"6a6e4dbe46feabf3642b4651","69db27d32b56cc0c1597f873","4x4 gel afeitar 955kg azul","1"
"6a6e4dbe46feabf3642b465a","69db282a2b56cc0c1597ff85","Alicate Lobo1330-00","1"
"6a6e4dbe46feabf3642b465a","69db27fb2b56cc0c1597fbc4","Alfapar 01","1"
"6a6e4dbe46feabf3642b4664","69db281d2b56cc0c1597fe79","Alfapar 9.3","1"
"6a6e4dbe46feabf3642b4669","69db281c2b56cc0c1597fe64","Alfapar 9.13","1"
"6a6e4dbe46feabf3642b4669","69db27c92b56cc0c1597f799","4x4 maquina inalambrico plastico G oferta de 4 pz.","1"
"6a6e4dbe46feabf3642b4669","69db28072b56cc0c1597fcab","Alfapar 5.35","1"
"6a6e4dbe46feabf3642b4669","69db28162b56cc0c1597fddf","Alfapar 7NB","1"
"6a6e4dbe46feabf3642b4679","69db281e2b56cc0c1597fe8a","Alfapar 9NB","1"
"6a6e4dbe46feabf3642b4679","69db27ee2b56cc0c1597fab5","Afaparf salone supreme mask","1"
"6a6e4dbe46feabf3642b4679","69db282c2b56cc0c1597ffbf","Amor us","1"
"6a6e4dbe46feabf3642b4679","69db27f12b56cc0c1597faf7","Alain silver shampoo","1"
"6a6e4dbe46feabf3642b4687","69db280a2b56cc0c1597fcf1","Alfapar 6","1"
"6a6e4dbe46feabf3642b4689","69db27e72b56cc0c1597fa11","Acondicionador Diamante 250ml.","1"
"6a6e4dbe46feabf3642b4689","69db28082b56cc0c1597fcb9","Alfapar 5.53","1"
"6a6e4dbe46feabf3642b4689","69db28112b56cc0c1597fd76","Alfapar 7.13","1"
"6a6e4dbe46feabf3642b468d","69db28022b56cc0c1597fc57","Alfapar 4","1"
"6a6e4dbe46feabf3642b4696","69db28042b56cc0c1597fc7a","Alfapar 4NB","1"
"6a6e4dbe46feabf3642b4696","69db28052b56cc0c1597fc88","Alfapar 5","1"
"6a6e4dbe46feabf3642b4696","69db27ef2b56cc0c1597fabe","Afaparf oxido 10 vol. 1000ml.","1"
"6a6e4dbe46feabf3642b46a4","69db27e12b56cc0c1597f99c","aashta tijeras ps817","1"
"6a6e4dbe46feabf3642b46a4","69db27e12b56cc0c1597f98e","Aashta Tijera Cocodrilo","1"
"6a6e4dbe46feabf3642b46a7","69db27f52b56cc0c1597fb42","Alfa keratin Therapia","1"
"6a6e4dbe46feabf3642b46a7","69db27ff2b56cc0c1597fc03","Alfapar 10.3","1"
"6a6e4dbe46feabf3642b46a7","69db28152b56cc0c1597fdd1","Alfapar 7.66I","1"
"6a6e4dbe46feabf3642b46a7","69db27e32b56cc0c1597f9c6","Aceite Para Cuticula Touche Frambuesa","1"
"6a6e4dbe46feabf3642b46ac","69db27ed2b56cc0c1597fa99","Adhesivo Para Rulos frasquito chico blanco","1"
"6a6e4dbe46feabf3642b46ac","69db280a2b56cc0c1597fcf1","Alfapar 6","1"
"6a6e4dbe46feabf3642b46ac","69db27fd2b56cc0c1597fbee","Alfapar 10","1"
"6a6e4dbe46feabf3642b46ac","69db28272b56cc0c1597ff52","Alicate Alaska Spa","1"
"6a6e4dbe46feabf3642b46b9","69db27fa2b56cc0c1597fbb6","Alfapar shampoo seco sin gas 150ml.","1"
"6a6e4dbe46feabf3642b46b9","69db280b2b56cc0c1597fd06","Alfapar 6.23","1"
"6a6e4dbe46feabf3642b46c1","69db28082b56cc0c1597fcc0","Alfapar 5.6","1"
"6a6e4dbe46feabf3642b46c1","69db281c2b56cc0c1597fe64","Alfapar 9.13","1"
"6a6e4dbe46feabf3642b46c1","69db27e02b56cc0c1597f987","aashta tijera ps154","1"
"6a6e4dbe46feabf3642b46c1","69db27d22b56cc0c1597f865","4x4 gel afeitar 955kg. blanco","1"
"6a6e4dbe46feabf3642b46ca","69db27d02b56cc0c1597f832","4x4 Cuchilla Platino trimer DLC","1"
"6a6e4dbe46feabf3642b46cc","69db281d2b56cc0c1597fe79","Alfapar 9.3","1"
"6a6e4dbe46feabf3642b46cc","69db282e2b56cc0c1597ffdb","Ampolletas Alfaparf Semi Di Lino Shine Lotion (Lila)","1"
"6a6e4dbe46feabf3642b46db","69db280c2b56cc0c1597fd0d","Alfapar 6.3","1"
"6a6e4dbe46feabf3642b46db","69db27eb2b56cc0c1597fa6b","adhesivo latex para rulos o pads liftin j denis","1"
"6a6e4dbe46feabf3642b46db","69db27f22b56cc0c1597fafe","Alain silver 30ml.","1"
"6a6e4dbe46feabf3642b46e6","69db28002b56cc0c1597fc18","Alfapar 11.00","1"
"6a6e4dbe46feabf3642b46e6","69db28192b56cc0c1597fe1e","Alfapar 8.31","1"
"6a6e4dbe46feabf3642b46e6","69db282b2b56cc0c1597ffa2","Aluminio Profesional Mopi","1"
"6a6e4dbe46feabf3642b46ea","69db27ed2b56cc0c1597fa92","Adhesivo Para Pestañas Duo Transparente","1"
"6a6e4dbe46feabf3642b46ea","69db27f52b56cc0c1597fb42","Alfa keratin Therapia","1"
"6a6e4dbe46feabf3642b46ea","69db27ce2b56cc0c1597f80f","4x4 Cera Rosa 100ml.","1"
"6a6e4dbe46feabf3642b46ea","69db28092b56cc0c1597fcdc","Alfapar 5.7","1"
"6a6e4dbe46feabf3642b46ef","69db27ea2b56cc0c1597fa56","Adhesivo J.Denis Para Rulos/Pestañas.","1"
"6a6e4dbe46feabf3642b46ef","69db28172b56cc0c1597fdfb","Alfapar 8.1","1"
"6a6e4dbe46feabf3642b46f2","69db28072b56cc0c1597fcab","Alfapar 5.35","1"
"6a6e4dbe46feabf3642b470a","69db28262b56cc0c1597ff2b","Alfaparf Shampoo Plex 250g.","1"
"6a6e4dbe46feabf3642b4711","69db27e92b56cc0c1597fa3b","Acrylic sterilizador agrílico","1"
"6a6e4dbe46feabf3642b4711","69db27fd2b56cc0c1597fbe7","Alfapar 1.11","1"
"6a6e4dbe46feabf3642b4711","69db27d22b56cc0c1597f85e","4X4 Exfoliante facial","1"
"6a6e4dbe46feabf3642b4711","69db27d32b56cc0c1597f86c","4x4 Gel 500g.","1"
"6a6e4dbe46feabf3642b4724","69db28102b56cc0c1597fd61","Alfapar 7","1"
"6a6e4dbe46feabf3642b4724","69db27d32b56cc0c1597f873","4x4 gel afeitar 955kg azul","1"
"6a6e4dbe46feabf3642b4724","69db28172b56cc0c1597fdfb","Alfapar 8.1","1"
"6a6e4dbe46feabf3642b4724","69db28162b56cc0c1597fddf","Alfapar 7NB","1"
"6a6e4dbe46feabf3642b473d","69db27cb2b56cc0c1597f7ce","4x4 Aftershave King Blue 400ml","1"
"6a6e4dbe46feabf3642b473d","69db27ef2b56cc0c1597face","Aguja Peina Facil 5pz. V/Colores","1"
"6a6e4dbe46feabf3642b473d","69db27f22b56cc0c1597fb09","Alaska brocha barbero","1"
"6a6e4dbe46feabf3642b4746","69db281a2b56cc0c1597fe2c","Alfapar 8.4","1"
"6a6e4dbe46feabf3642b4746","69db28142b56cc0c1597fdbc","Alfapar 7.53","1"
"6a6e4dbe46feabf3642b475b","69db280e2b56cc0c1597fd3e","Alfapar 6.6","1"
"6a6e4dbe46feabf3642b475b","69db281d2b56cc0c1597fe79","Alfapar 9.3","1"
"6a6e4dbe46feabf3642b475b","69db27cf2b56cc0c1597f81d","4x4 Cera Telaraña 100ml.","1"
"6a6e4dbe46feabf3642b475f","69db28322b56cc0c15980036","Andis Cuchilla Mini","1"
"6a6e4dbe46feabf3642b4761","69db28282b56cc0c1597ff5d","Alicate barrilito","1"
"6a6e4dbe46feabf3642b4761","69db28082b56cc0c1597fcc0","Alfapar 5.6","1"
"6a6e4dbe46feabf3642b4761","69db28002b56cc0c1597fc18","Alfapar 11.00","1"
"6a6e4dbe46feabf3642b4771","69db27e92b56cc0c1597fa44","Activador para Gel en Frio Touche","1"
"6a6e4dbe46feabf3642b4771","69db28172b56cc0c1597fdf4","Alfapar 8.01","1"
"6a6e4dbe46feabf3642b4771","69db28312b56cc0c1598002d","Andis Cool Care Plus","1"
"6a6e4dbe46feabf3642b4771","69db280d2b56cc0c1597fd22","Alfapar 6.4","1"
"6a6e4dbe46feabf3642b477a","69db27cc2b56cc0c1597f7dc","4X4 Aftershave Power Gold 400ml.","1"
"6a6e4dbe46feabf3642b477a","69db27f32b56cc0c1597fb17","Alaska Saca Comedones","1"
"6a6e4dbe46feabf3642b477d","69db27f42b56cc0c1597fb37","Alexander tijera","1"
"6a6e4dbe46feabf3642b4782","69db28042b56cc0c1597fc7a","Alfapar 4NB","1"
"6a6e4dbe46feabf3642b4782","69db27da2b56cc0c1597f903","4x4 Pasta Dorada 200g.","1"
"6a6e4dbe46feabf3642b4782","69db281f2b56cc0c1597fea6","Alfapar Brocha y cio para tinte","1"
"6a6e4dbe46feabf3642b4782","69db28032b56cc0c1597fc5e","Alfapar 4.32","1"
"6a6e4dbe46feabf3642b479b","69db27de2b56cc0c1597f950","4x4 shampoo cervesa azul","1"
"6a6e4dbe46feabf3642b479b","69db27e32b56cc0c1597f9bb","Aceite Fortalezador Argan/Mamey","1"
"6a6e4dbe46feabf3642b479b","69db28182b56cc0c1597fe02","Alfapar 8.13","1"
"6a6e4dbe46feabf3642b479b","69db27ea2b56cc0c1597fa56","Adhesivo J.Denis Para Rulos/Pestañas.","1"
"6a6e4dbe46feabf3642b47a6","69db27ce2b56cc0c1597f816","4x4 Cera Rosa 200ml.","1"
"6a6e4dbe46feabf3642b47a6","69db27e72b56cc0c1597fa1f","acrílico organic blanco (white)","1"
"6a6e4dbe46feabf3642b47a9","69db28042b56cc0c1597fc7a","Alfapar 4NB","1"
"6a6e4dbe46feabf3642b47a9","69db28082b56cc0c1597fcc0","Alfapar 5.6","1"
"6a6e4dbe46feabf3642b47a9","69db27dc2b56cc0c1597f926","4x4 Pomada Gris 100ml.","1"
"6a6e4dbe46feabf3642b47a9","69db28232b56cc0c1597fef3","Alfapar Oxido 30 vol. 1000ml.","1"
"6a6e4dbe46feabf3642b47ae","69db27cd2b56cc0c1597f801","4x4 cera gel kg.","1"
"6a6e4dbe46feabf3642b47bb","69db28152b56cc0c1597fdd1","Alfapar 7.66I","1"
"6a6e4dbe46feabf3642b47bb","69db27d22b56cc0c1597f855","4x4 Enfriador de Maquinas 400g.","1"
"6a6e4dbe46feabf3642b47c2","69db27ef2b56cc0c1597face","Aguja Peina Facil 5pz. V/Colores","1"
"6a6e4dbe46feabf3642b47c2","69db28292b56cc0c1597ff6f","Alicate Gc Medium","1"
"6a6e4dbe46feabf3642b47c2","69db281b2b56cc0c1597fe41","Alfapar 8NB","1"
"6a6e4dbe46feabf3642b47c2","69db27da2b56cc0c1597f903","4x4 Pasta Dorada 200g.","1"
"6a6e4dbe46feabf3642b47c7","69db282a2b56cc0c1597ff85","Alicate Lobo1330-00","1"
"6a6e4dbe46feabf3642b47dd","69db282f2b56cc0c1597fff8","Ampolletas Revive Cationica","1"
"6a6e4dbe46feabf3642b47dd","69db281e2b56cc0c1597fe83","Alfapar 9.31","1"
"6a6e4dbe46feabf3642b47dd","69db27f72b56cc0c1597fb70","Alfaparf 10.342","1"
"6a6e4dbe46feabf3642b47dd","69db28002b56cc0c1597fc18","Alfapar 11.00","1"
"6a6e4dbe46feabf3642b47f3","69db27f62b56cc0c1597fb5b","Alfapar benvoleo shampoo seco sin gas 150 g","1"
"6a6e4dbe46feabf3642b47f3","69db27f92b56cc0c1597fba1","Alfapar rigen shampoo 250 ml.","1"
"6a6e4dbe46feabf3642b480a","69db27f72b56cc0c1597fb69","Alfaparf 7.24","1"
"6a6e4dbe46feabf3642b4810","69db282f2b56cc0c1597fff1","Ampolletas Revive Bifasica","1"
"6a6e4dbe46feabf3642b481d","69db27e42b56cc0c1597f9e5","Acetona Pura Chica (frasco hidra)","1"
"6a6e4dbe46feabf3642b4831","69db27eb2b56cc0c1597fa72","adhesivo libre de latex","1"
"6a6e4dbe46feabf3642b4831","69db27d42b56cc0c1597f888","4x4 Gel Para Afeitar Menta 485ml.","1"
"6a6e4dbe46feabf3642b4831","69db28112b56cc0c1597fd76","Alfapar 7.13","1"
"6a6e4dbe46feabf3642b4831","69db281e2b56cc0c1597fe8a","Alfapar 9NB","1"
"6a6e4dbe46feabf3642b483d","69db281c2b56cc0c1597fe5d","Alfapar 9.1","1"
"6a6e4dbe46feabf3642b4862","69db280b2b56cc0c1597fcff","Alfapar 6.1","1"
"6a6e4dbe46feabf3642b4862","69db27f32b56cc0c1597fb10","Alaska Bisturi AK-02-0019","1"
"6a6e4dbe46feabf3642b4862","69db27fa2b56cc0c1597fba8","Alfapar Semidelino nutritivo shampoo 250 ml.","1"
"6a6e4dbe46feabf3642b4873","69db27f22b56cc0c1597fb09","Alaska brocha barbero","1"
"6a6e4dbe46feabf3642b4873","69db27da2b56cc0c1597f903","4x4 Pasta Dorada 200g.","1"
"6a6e4dbe46feabf3642b4873","69db28192b56cc0c1597fe1e","Alfapar 8.31","1"
"6a6e4dbe46feabf3642b487b","69db27ee2b56cc0c1597fab5","Afaparf salone supreme mask","1"
"6a6e4dbe46feabf3642b487b","69db281c2b56cc0c1597fe56","Alfapar 9.04","1"
"6a6e4dbe46feabf3642b487b","69db27ea2b56cc0c1597fa5d","Adhesivo J.Denis Oscuro con keratina","1"
"6a6e4dbe46feabf3642b488b","69db27fd2b56cc0c1597fbe7","Alfapar 1.11","1"
"6a6e4dbe46feabf3642b488b","69db27ea2b56cc0c1597fa5d","Adhesivo J.Denis Oscuro con keratina","1"
"6a6e4dbe46feabf3642b488b","69db28122b56cc0c1597fd8b","Alfapar 7.31","1"
"6a6e4dbe46feabf3642b488b","69db27ca2b56cc0c1597f7b9","4x4 Pomada azul 100g","1"
"6a6e4dbe46feabf3642b4899","69db28112b56cc0c1597fd6f","Alfapar 7.1","1"
"6a6e4dbe46feabf3642b4899","69db28032b56cc0c1597fc5e","Alfapar 4.32","1"
"6a6e4dbe46feabf3642b4899","69db28032b56cc0c1597fc65","Alfapar 4.52","1"
"6a6e4dbe46feabf3642b48aa","69db27e52b56cc0c1597f9fa","Acetona quinta esmalte 98(60 ml)","1"
"6a6e4dbe46feabf3642b48aa","69db28022b56cc0c1597fc49","Alfapar 2","1"
"6a6e4dbe46feabf3642b48aa","69db28012b56cc0c1597fc42","Alfapar 11.32","1"
"6a6e4dbe46feabf3642b48c9","69db281f2b56cc0c1597fea6","Alfapar Brocha y cio para tinte","1"
"6a6e4dbe46feabf3642b48c9","69db27fc2b56cc0c1597fbd9","Alfapar 03","1"
"6a6e4dbe46feabf3642b48cc","69db28032b56cc0c1597fc6c","Alfapar 4.65","1"
"6a6e4dbe46feabf3642b48cc","69db28162b56cc0c1597fddf","Alfapar 7NB","1"
"6a6e4dbe46feabf3642b48cc","69db28222b56cc0c1597fed7","Alfapar nutritivo Mask","1"
"6a6e4dbe46feabf3642b48cc","69db28282b56cc0c1597ff5d","Alicate barrilito","1"
"6a6e4dbe46feabf3642b48d9","69db27db2b56cc0c1597f911","4x4 Pomada Azul 200g","1"
"6a6e4dbe46feabf3642b48d9","69db28252b56cc0c1597ff24","Alfaparf shampoo cabello dañado 1 L.","1"
"6a6e4dbe46feabf3642b48dc","69db28112b56cc0c1597fd76","Alfapar 7.13","1"
"6a6e4dbe46feabf3642b48dc","69db281c2b56cc0c1597fe64","Alfapar 9.13","1"
"6a6e4dbe46feabf3642b48df","69db28072b56cc0c1597fcb2","Alfapar 5.5","1"
"6a6e4dbe46feabf3642b48e9","69db27f32b56cc0c1597fb10","Alaska Bisturi AK-02-0019","1"
"6a6e4dbe46feabf3642b48e9","69db27dd2b56cc0c1597f93b","4x4 shampoo matiz negro 300ml.","1"
"6a6e4dbe46feabf3642b48e9","69db27eb2b56cc0c1597fa72","adhesivo libre de latex","1"
"6a6e4dbe46feabf3642b48f5","69db28292b56cc0c1597ff7a","Alicate Katya 1162-07","1"
"6a6e4dbe46feabf3642b48f5","69db28162b56cc0c1597fde6","Alfapar 7NI","1"
"6a6e4dbe46feabf3642b48f8","69db27d82b56cc0c1597f8e0","4x4 Off-Road Crecimiento de Barba 60g.","1"
"6a6e4dbe46feabf3642b48f8","69db27d92b56cc0c1597f8e7","4x4 papel cuello blanco rollo","1"
"6a6e4dbe46feabf3642b48f8","69db28022b56cc0c1597fc49","Alfapar 2","1"
"6a6e4dbe46feabf3642b48fe","69db28122b56cc0c1597fd92","Alfapar 7.32","1"
"6a6e4dbe46feabf3642b48fe","69db280b2b56cc0c1597fcff","Alfapar 6.1","1"
"6a6e4dbe46feabf3642b48fe","69db27f22b56cc0c1597fb09","Alaska brocha barbero","1"
"6a6e4dbe46feabf3642b491d","69db27e62b56cc0c1597fa0a","acondicionador artesanal","1"
"6a6e4dbe46feabf3642b491d","69db280c2b56cc0c1597fd1b","Alfapar 6.35","1"
"6a6e4dbe46feabf3642b491d","69db27fb2b56cc0c1597fbc4","Alfapar 01","1"
"6a6e4dbe46feabf3642b491d","69db27d32b56cc0c1597f873","4x4 gel afeitar 955kg azul","1"
"6a6e4dbe46feabf3642b4939","69db281f2b56cc0c1597fe9f","Alfapar benvoleo olio nutritivo 100ml.","1"
"6a6e4dbe46feabf3642b493b","69db27dd2b56cc0c1597f949","4x4 shampoo cbd minoxidi 500ml.","1"
"6a6e4dbe46feabf3642b493b","69db280f2b56cc0c1597fd53","Alfapar 6NB","1"
"6a6e4dbe46feabf3642b4943","69db28072b56cc0c1597fcb2","Alfapar 5.5","1"
"6a6e4dbe46feabf3642b4943","69db281f2b56cc0c1597fea6","Alfapar Brocha y cio para tinte","1"
"6a6e4dbe46feabf3642b4943","69db27ce2b56cc0c1597f80f","4x4 Cera Rosa 100ml.","1"
"6a6e4dbe46feabf3642b4943","69db28212b56cc0c1597fed0","Alfapar mask. keratin therapy","1"
"6a6e4dbe46feabf3642b4948","69db27d92b56cc0c1597f8ee","4x4 papel cuello negro un rollo","1"
"6a6e4dbe46feabf3642b4948","69db27cd2b56cc0c1597f801","4x4 cera gel kg.","1"
"6a6e4dbe46feabf3642b4967","69db28062b56cc0c1597fc8f","Alfapar 5.1","1"
"6a6e4dbe46feabf3642b4967","69db27ed2b56cc0c1597faa0","adhesivo supreme j denis para pestañas mink","1"
"6a6e4dbe46feabf3642b496f","69db27f62b56cc0c1597fb62","alfapar Real Rigen mascar. dañado 500g.","1"
"6a6e4dbe46feabf3642b496f","69db27df2b56cc0c1597f970","Aashta clip metalico o sojetador","1"
"6a6e4dbe46feabf3642b496f","69db28152b56cc0c1597fdca","Alfapar 7.62","1"
"6a6e4dbe46feabf3642b496f","69db27f92b56cc0c1597fb9a","Alfapar mask 200ml.","1"
"6a6e4dbe46feabf3642b497e","69db27ff2b56cc0c1597fc0a","Alfapar 10.31","1"
"6a6e4dbe46feabf3642b497e","69db27f82b56cc0c1597fb85","Alfapar 8.34","1"
"6a6e4dbe46feabf3642b497e","69db28132b56cc0c1597fd99","Alfapar 7.34","1"
"6a6e4dbe46feabf3642b499a","69db27d62b56cc0c1597f8b9","4X4 Maquina Platinum Trimmer","1"
"6a6e4dbe46feabf3642b499a","69db28302b56cc0c15980006","Ampolletas Revive Pre-Perm","1"
"6a6e4dbe46feabf3642b499a","69db27f72b56cc0c1597fb69","Alfaparf 7.24","1"
"6a6e4dbe46feabf3642b499a","69db27e42b56cc0c1597f9dc","acetona pura arys grande","1"
"6a6e4dbe46feabf3642b49a4","69db28162b56cc0c1597fdd8","Alfapar 7000","1"
"6a6e4dbe46feabf3642b49a4","69db27e82b56cc0c1597fa34","Acrílicos De Colores Touche diamonds","1"
"6a6e4dbe46feabf3642b49a4","69db28272b56cc0c1597ff4b","Alicate Alaska Pedicure","1"
"6a6e4dbe46feabf3642b49a4","69db28132b56cc0c1597fd99","Alfapar 7.34","1"
"6a6e4dbe46feabf3642b49c4","69db27fc2b56cc0c1597fbd2","Alfapar 02","1"
"6a6e4dbe46feabf3642b49c4","69db27d72b56cc0c1597f8c0","4x4 Mascarilla Capilar Open Secret","1"
"6a6e4dbe46feabf3642b49c4","69db282f2b56cc0c1597fff8","Ampolletas Revive Cationica","1"
"6a6e4dbe46feabf3642b49c4","69db281e2b56cc0c1597fe8a","Alfapar 9NB","1"
"6a6e4dbe46feabf3642b49cc","69db28202b56cc0c1597febb","Alfapar Keratin Therapy lisse Oil 50ml.","1"
"6a6e4dbe46feabf3642b49cc","69db28322b56cc0c15980036","Andis Cuchilla Mini","1"
"6a6e4dbe46feabf3642b49de","69db28212b56cc0c1597fec9","Alfapar Maschera Plex 150g.","1"
"6a6e4dbe46feabf3642b49de","69db280a2b56cc0c1597fcf1","Alfapar 6","1"
"6a6e4dbe46feabf3642b49ed","69db27dd2b56cc0c1597f949","4x4 shampoo cbd minoxidi 500ml.","1"
"6a6e4dbe46feabf3642b49ed","69db27cc2b56cc0c1597f7dc","4X4 Aftershave Power Gold 400ml.","1"
"6a6e4dbe46feabf3642b49ed","69db27e02b56cc0c1597f987","aashta tijera ps154","1"
"6a6e4dbe46feabf3642b49ed","69db27f82b56cc0c1597fb7e","Alfaparf 8.221","1"
"6a6e4dbe46feabf3642b49f7","69db27e42b56cc0c1597f9d1","ACETONA ORGANIC 120 ML","1"
"6a6e4dbe46feabf3642b49f7","69db27ec2b56cc0c1597fa8b","Adhesivo Para Pestañas Duo Oscuro","1"
"6a6e4dbe46feabf3642b49f7","69db27e72b56cc0c1597fa1f","acrílico organic blanco (white)","1"
"6a6e4dbe46feabf3642b49ff","69db28162b56cc0c1597fddf","Alfapar 7NB","1"
"6a6e4dbe46feabf3642b49ff","69db27de2b56cc0c1597f957","4x4 spray","1"
"6a6e4dbe46feabf3642b49ff","69db28312b56cc0c1598001f","Andis","1"
"6a6e4dbe46feabf3642b4a10","69db27de2b56cc0c1597f950","4x4 shampoo cervesa azul","1"
"6a6e4dbe46feabf3642b4a10","69db28322b56cc0c15980036","Andis Cuchilla Mini","1"
"6a6e4dbe46feabf3642b4a10","69db27d62b56cc0c1597f8ab","4x4 Maquina platino 10000 RPM","1"
"6a6e4dbe46feabf3642b4a10","69db27e02b56cc0c1597f979","aashta kit 2 pz.","1"
"6a6e4dbe46feabf3642b4a1f","69db28292b56cc0c1597ff6f","Alicate Gc Medium","1"
"6a6e4dbe46feabf3642b4a1f","69db282f2b56cc0c1597fff8","Ampolletas Revive Cationica","1"
"6a6e4dbe46feabf3642b4a1f","69db27cc2b56cc0c1597f7ec","4x4 Balsamo Cubre Canas 100g.","1"
"6a6e4dbe46feabf3642b4a35","69db27f42b56cc0c1597fb29","Alexander style porta navaja","1"
"6a6e4dbe46feabf3642b4a37","69db27f92b56cc0c1597fba1","Alfapar rigen shampoo 250 ml.","1"
"6a6e4dbe46feabf3642b4a37","69db27e42b56cc0c1597f9dc","acetona pura arys grande","1"
"6a6e4dbe46feabf3642b4a37","69db27cc2b56cc0c1597f7e3","4x4 Aftershave Rojo 400ml.","1"
"6a6e4dbe46feabf3642b4a37","69db27da2b56cc0c1597f8fc","4x4 Pasta Dorada 100g.","1"
"6a6e4dbe46feabf3642b4a3f","69db27ca2b56cc0c1597f7b0","4x4 papel cuello blanco de 5 pz.","1"
"6a6e4dbe46feabf3642b4a3f","69db28262b56cc0c1597ff34","Alfaparf spray porificante 100ml.","1"
"6a6e4dbe46feabf3642b4a3f","69db27ee2b56cc0c1597faa7","Adhesivo Tubo oscuro J.D/10gramos","1"
"6a6e4dbe46feabf3642b4a3f","69db27ca2b56cc0c1597f7c0","4x4 Aceite Para Cortadoras 118ml.","1"
"6a6e4dbe46feabf3642b4a4b","69db27f32b56cc0c1597fb10","Alaska Bisturi AK-02-0019","1"
"6a6e4dbe46feabf3642b4a4b","69db27da2b56cc0c1597f90a","4x4 Polvo Volumizador Seco Negro","1"
"6a6e4dbe46feabf3642b4a4b","69db280b2b56cc0c1597fd06","Alfapar 6.23","1"
"6a6e4dbe46feabf3642b4a4b","69db27f92b56cc0c1597fb93","Alfapar keratin serum 125 ml","1"
"6a6e4dbe46feabf3642b4a64","69db28222b56cc0c1597fee5","Alfapar Oxido 10 vol. 1000ml.","1"
"6a6e4dbe46feabf3642b4a64","69db28092b56cc0c1597fcce","Alfapar 5.65","1"
"6a6e4dbe46feabf3642b4a64","69db280a2b56cc0c1597fcf1","Alfapar 6","1"
"6a6e4dbe46feabf3642b4a64","69db27ee2b56cc0c1597faa7","Adhesivo Tubo oscuro J.D/10gramos","1"
"6a6e4dbe46feabf3642b4a7b","69db282a2b56cc0c1597ff85","Alicate Lobo1330-00","1"
"6a6e4dbe46feabf3642b4a7b","69db27ea2b56cc0c1597fa56","Adhesivo J.Denis Para Rulos/Pestañas.","1"
"6a6e4dbe46feabf3642b4a87","69db27e12b56cc0c1597f98e","Aashta Tijera Cocodrilo","1"
"6a6e4dbe46feabf3642b4a87","69db280a2b56cc0c1597fcf1","Alfapar 6","1"
"6a6e4dbe46feabf3642b4a87","69db27f42b56cc0c1597fb30","Alexander Style Tijera 7.5","1"
"6a6e4dbe46feabf3642b4a87","69db28132b56cc0c1597fd99","Alfapar 7.34","1"
"6a6e4dbe46feabf3642b4a8c","69db28182b56cc0c1597fe09","Alfapar 8.21","1"
"6a6e4dbe46feabf3642b4a8c","69db27dd2b56cc0c1597f93b","4x4 shampoo matiz negro 300ml.","1"
"6a6e4dbe46feabf3642b4a91","69db27fc2b56cc0c1597fbd9","Alfapar 03","1"
"6a6e4dbe46feabf3642b4a91","69db27da2b56cc0c1597f8fc","4x4 Pasta Dorada 100g.","1"
"6a6e4dbe46feabf3642b4a91","69db27eb2b56cc0c1597fa79","adhesivo para pads color blanco tapa dorada j denis","1"
"6a6e4dbe46feabf3642b4aa2","69db281b2b56cc0c1597fe41","Alfapar 8NB","1"
"6a6e4dbe46feabf3642b4aa2","69db28242b56cc0c1597ff08","Alfapar Real Rigen k.","1"
"6a6e4dbe46feabf3642b4aa5","69db28242b56cc0c1597ff08","Alfapar Real Rigen k.","1"
"6a6e4dbe46feabf3642b4aa5","69db27d32b56cc0c1597f873","4x4 gel afeitar 955kg azul","1"
"6a6e4dbe46feabf3642b4aa5","69db28082b56cc0c1597fcc7","Alfapar 5.62","1"
"6a6e4dbe46feabf3642b4ac8","69db28202b56cc0c1597febb","Alfapar Keratin Therapy lisse Oil 50ml.","1"
"6a6e4dbe46feabf3642b4ac8","69db27de2b56cc0c1597f95e","4x4 Talco Invencible","1"
"6a6e4dbe46feabf3642b4acf","69db27e72b56cc0c1597fa18","acrílico cristal organic 50 gramos 1.76 oz","1"
"6a6e4dbe46feabf3642b4acf","69db27ed2b56cc0c1597faa0","adhesivo supreme j denis para pestañas mink","1"
"6a6e4dbe46feabf3642b4ad2","69db27df2b56cc0c1597f970","Aashta clip metalico o sojetador","1"
"6a6e4dbe46feabf3642b4ad2","69db27d22b56cc0c1597f865","4x4 gel afeitar 955kg. blanco","1"
"6a6e4dbe46feabf3642b4ad2","69db28282b56cc0c1597ff68","Alicate GC Large","1"
"6a6e4dbe46feabf3642b4ad2","69db27db2b56cc0c1597f911","4x4 Pomada Azul 200g","1"
"6a6e4dbe46feabf3642b4adf","69db28212b56cc0c1597fec9","Alfapar Maschera Plex 150g.","1"
"6a6e4dbe46feabf3642b4adf","69db27d22b56cc0c1597f865","4x4 gel afeitar 955kg. blanco","1"
"6a6e4dbe46feabf3642b4aef","69db27fa2b56cc0c1597fbaf","Alfapar shampoo Rigen Dañado 250g.","1"
"6a6e4dbe46feabf3642b4aef","69db27f52b56cc0c1597fb49","Alfa sobres de 30 pz","1"
"6a6e4dbe46feabf3642b4aef","69db27ee2b56cc0c1597fab5","Afaparf salone supreme mask","1"
"6a6e4dbe46feabf3642b4af3","69db27da2b56cc0c1597f8fc","4x4 Pasta Dorada 100g.","1"
"6a6e4dbe46feabf3642b4afa","69db280f2b56cc0c1597fd45","Alfapar 6.66I","1"
"6a6e4dbe46feabf3642b4afa","69db27d62b56cc0c1597f8b9","4X4 Maquina Platinum Trimmer","1"
"6a6e4dbe46feabf3642b4afa","69db282a2b56cc0c1597ff90","Alkahzar agua de rosas","1"
"6a6e4dbe46feabf3642b4b01","69db282d2b56cc0c1597ffcd","Ampolletas Alfaparf Midollo di Bamboo (Blanco)","1"
"6a6e4dbe46feabf3642b4b24","69db28062b56cc0c1597fc96","Alfapar 5.22","1"
"6a6e4dbe46feabf3642b4b24","69db281a2b56cc0c1597fe33","Alfapar 8.43","1"
"6a6e4dbe46feabf3642b4b35","69db27fe2b56cc0c1597fbfc","Alfapar 10.21","1"
"6a6e4dbe46feabf3642b4b35","69db27ee2b56cc0c1597faa7","Adhesivo Tubo oscuro J.D/10gramos","1"
"6a6e4dbe46feabf3642b4b41","69db27f92b56cc0c1597fb9a","Alfapar mask 200ml.","1"
"6a6e4dbe46feabf3642b4b54","69db281b2b56cc0c1597fe4f","Alfapar 9","1"
"6a6e4dbe46feabf3642b4b56","69db28062b56cc0c1597fc9d","Alfapar 5.3","1"
"6a6e4dbe46feabf3642b4b56","69db28222b56cc0c1597fed7","Alfapar nutritivo Mask","1"
"6a6e4dbe46feabf3642b4b68","69db282f2b56cc0c1597ffff","Ampolletas Revive Fortificante","1"
"6a6e4dbe46feabf3642b4b68","69db281d2b56cc0c1597fe72","Alfapar 9.21","1"
"6a6e4dbe46feabf3642b4b68","69db27dd2b56cc0c1597f942","4x4 shampoo cbd bergamota 500ml.","1"
"6a6e4dbe46feabf3642b4b70","69db280f2b56cc0c1597fd53","Alfapar 6NB","1"
"6a6e4dbe46feabf3642b4b70","69db27dc2b56cc0c1597f934","4x4 Pomada Roja 200g","1"
"6a6e4dbe46feabf3642b4b73","69db27eb2b56cc0c1597fa72","adhesivo libre de latex","1"
"6a6e4dbe46feabf3642b4b73","69db28082b56cc0c1597fcc0","Alfapar 5.6","1"
"6a6e4dbe46feabf3642b4b7a","69db27d82b56cc0c1597f8d2","4x4 navaja platinum","1"
"6a6e4dbe46feabf3642b4b98","69db27e92b56cc0c1597fa3b","Acrylic sterilizador agrílico","1"
"6a6e4dbe46feabf3642b4b98","69db28212b56cc0c1597fed0","Alfapar mask. keratin therapy","1"
"6a6e4dbe46feabf3642b4b98","69db27d32b56cc0c1597f873","4x4 gel afeitar 955kg azul","1"
"6a6e4dbe46feabf3642b4ba9","69db27d72b56cc0c1597f8c9","4x4 matizante violeta","1"
"6a6e4dbe46feabf3642b4ba9","69db28122b56cc0c1597fd84","Alfapar 7.3","1"
"6a6e4dbe46feabf3642b4ba9","69db27e32b56cc0c1597f9c6","Aceite Para Cuticula Touche Frambuesa","1"
"6a6e4dbe46feabf3642b4ba9","69db28082b56cc0c1597fcb9","Alfapar 5.53","1"
"6a6e4dbe46feabf3642b4bb6","69db27f32b56cc0c1597fb10","Alaska Bisturi AK-02-0019","1"
"6a6e4dbe46feabf3642b4bb6","69db280a2b56cc0c1597fcea","Alfapar 5NI","1"
"6a6e4dbe46feabf3642b4bb6","69db27e62b56cc0c1597fa0a","acondicionador artesanal","1"
"6a6e4dbe46feabf3642b4bc4","69db27e52b56cc0c1597f9ec","Acetona Pura Mediana arys","1"
"6a6e4dbe46feabf3642b4bc4","69db27fc2b56cc0c1597fbd2","Alfapar 02","1"
"6a6e4dbe46feabf3642b4bc4","69db28062b56cc0c1597fc8f","Alfapar 5.1","1"
"6a6e4dbe46feabf3642b4bc8","69db280b2b56cc0c1597fcf8","Alfapar 6.01","1"
"6a6e4dbe46feabf3642b4bc8","69db27e82b56cc0c1597fa34","Acrílicos De Colores Touche diamonds","1"
"6a6e4dbe46feabf3642b4bc8","69db27fd2b56cc0c1597fbe7","Alfapar 1.11","1"
"6a6e4dbe46feabf3642b4bcc","69db27db2b56cc0c1597f918","4x4 Pomada Extrafirme Verde 100g.","1"
"6a6e4dbe46feabf3642b4bcc","69db27f92b56cc0c1597fb9a","Alfapar mask 200ml.","1"
"6a6e4dbe46feabf3642b4bcf","69db27fd2b56cc0c1597fbee","Alfapar 10","1"
"6a6e4dbe46feabf3642b4bcf","69db27fd2b56cc0c1597fbe7","Alfapar 1.11","1"
"6a6e4dbe46feabf3642b4bd2","69db27f92b56cc0c1597fba1","Alfapar rigen shampoo 250 ml.","1"
"6a6e4dbe46feabf3642b4bd2","69db27fe2b56cc0c1597fbf5","Alfapar 10.1","1"
"6a6e4dbe46feabf3642b4bd2","69db27e12b56cc0c1597f99c","aashta tijeras ps817","1"
"6a6e4dbe46feabf3642b4bd6","69db28062b56cc0c1597fc8f","Alfapar 5.1","1"
"6a6e4dbe46feabf3642b4bd6","69db28302b56cc0c15980006","Ampolletas Revive Pre-Perm","1"
"6a6e4dbe46feabf3642b4bd6","69db282d2b56cc0c1597ffd4","Ampolletas Alfaparf Semi Di Lino Essential Oil (Azul)","1"
"6a6e4dbe46feabf3642b4bde","69db28042b56cc0c1597fc81","Alfapar 4NI","1"
"6a6e4dbe46feabf3642b4bde","69db27ec2b56cc0c1597fa8b","Adhesivo Para Pestañas Duo Oscuro","1"
"6a6e4dbe46feabf3642b4bde","69db27d02b56cc0c1597f832","4x4 Cuchilla Platino trimer DLC","1"
"6a6e4dbe46feabf3642b4bfb","69db282e2b56cc0c1597ffe6","Ampolletas Hidraforce - Gegenerex","1"
"6a6e4dbe46feabf3642b4bfb","69db282c2b56cc0c1597ffbf","Amor us","1"
"6a6e4dbe46feabf3642b4c03","69db281b2b56cc0c1597fe4f","Alfapar 9","1"
"6a6e4dbe46feabf3642b4c03","69db28022b56cc0c1597fc57","Alfapar 4","1"
"6a6e4dbe46feabf3642b4c03","69db27e32b56cc0c1597f9c6","Aceite Para Cuticula Touche Frambuesa","1"
"6a6e4dbe46feabf3642b4c07","69db27cb2b56cc0c1597f7ce","4x4 Aftershave King Blue 400ml","1"
"6a6e4dbe46feabf3642b4c07","69db27e12b56cc0c1597f98e","Aashta Tijera Cocodrilo","1"
"6a6e4dbe46feabf3642b4c07","69db28072b56cc0c1597fcab","Alfapar 5.35","1"
"6a6e4dbe46feabf3642b4c0b","69db27f72b56cc0c1597fb77","Alfaparf 11.02","1"
"6a6e4dbe46feabf3642b4c0b","69db27e72b56cc0c1597fa11","Acondicionador Diamante 250ml.","1"
"6a6e4dbe46feabf3642b4c0b","69db27dd2b56cc0c1597f93b","4x4 shampoo matiz negro 300ml.","1"
"6a6e4dbe46feabf3642b4c14","69db281a2b56cc0c1597fe2c","Alfapar 8.4","1"
"6a6e4dbe46feabf3642b4c14","69db27db2b56cc0c1597f918","4x4 Pomada Extrafirme Verde 100g.","1"
"6a6e4dbe46feabf3642b4c1c","69db28292b56cc0c1597ff6f","Alicate Gc Medium","1"
"6a6e4dbe46feabf3642b4c1e","69db28232b56cc0c1597feec","Alfapar Oxido 20vol. 1000ml.","1"
"6a6e4dbe46feabf3642b4c20","69db28022b56cc0c1597fc50","Alfapar 3","1"
"6a6e4dbe46feabf3642b4c20","69db28312b56cc0c15980026","Andis slimline pro li","1"
"6a6e4dbe46feabf3642b4c2e","69db28222b56cc0c1597fed7","Alfapar nutritivo Mask","1"
"6a6e4dbe46feabf3642b4c2e","69db281e2b56cc0c1597fe8a","Alfapar 9NB","1"
"6a6e4dbe46feabf3642b4c46","69db28262b56cc0c1597ff2b","Alfaparf Shampoo Plex 250g.","1"
"6a6e4dbe46feabf3642b4c46","69db27ef2b56cc0c1597face","Aguja Peina Facil 5pz. V/Colores","1"
"6a6e4dbe46feabf3642b4c46","69db27fc2b56cc0c1597fbcb","alfapar 013","1"
"6a6e4dbe46feabf3642b4c4a","69db28222b56cc0c1597fed7","Alfapar nutritivo Mask","1"
"6a6e4dbe46feabf3642b4c4c","69db27f72b56cc0c1597fb77","Alfaparf 11.02","1"
"6a6e4dbe46feabf3642b4c4c","69db27f42b56cc0c1597fb29","Alexander style porta navaja","1"
"6a6e4dbe46feabf3642b4c4c","69db27f42b56cc0c1597fb30","Alexander Style Tijera 7.5","1"
"6a6e4dbe46feabf3642b4c4c","69db27d32b56cc0c1597f87a","4X4 Gel Cubre Cana 315gr.","1"
"6a6e4dbe46feabf3642b4c66","69db281e2b56cc0c1597fe8a","Alfapar 9NB","1"
"6a6e4dbe46feabf3642b4c6a","69db28202b56cc0c1597feb4","Alfapar keratin therapy lisse acondicionador 250ml.","1"
"6a6e4dbe46feabf3642b4c6a","69db27e92b56cc0c1597fa44","Activador para Gel en Frio Touche","1"
"6a6e4dbe46feabf3642b4c6a","69db27fc2b56cc0c1597fbcb","alfapar 013","1"
"6a6e4dbe46feabf3642b4c6a","69db28062b56cc0c1597fc9d","Alfapar 5.3","1"
"6a6e4dbe46feabf3642b4c76","69db28282b56cc0c1597ff68","Alicate GC Large","1"
"6a6e4dbe46feabf3642b4c76","69db28042b56cc0c1597fc7a","Alfapar 4NB","1"
"6a6e4dbe46feabf3642b4c76","69db27da2b56cc0c1597f90a","4x4 Polvo Volumizador Seco Negro","1"
"6a6e4dbe46feabf3642b4c76","69db27cd2b56cc0c1597f7fa","4x4 Cera en Polvo Volumizador Amarillo","1"
"6a6e4dbe46feabf3642b4c82","69db27e62b56cc0c1597fa0a","acondicionador artesanal","1"
"6a6e4dbe46feabf3642b4c89","69db28262b56cc0c1597ff2b","Alfaparf Shampoo Plex 250g.","1"
"6a6e4dbe46feabf3642b4ca7","69db27fe2b56cc0c1597fbfc","Alfapar 10.21","1"
"6a6e4dbe46feabf3642b4ca7","69db281c2b56cc0c1597fe5d","Alfapar 9.1","1"
"6a6e4dbe46feabf3642b4ca7","69db281c2b56cc0c1597fe56","Alfapar 9.04","1"
"6a6e4dbe46feabf3642b4cb1","69db27d62b56cc0c1597f8b9","4X4 Maquina Platinum Trimmer","1"
"6a6e4dbe46feabf3642b4cb1","69db28012b56cc0c1597fc2d","Alfapar 11.13","1"
"6a6e4dbe46feabf3642b4cb1","69db282b2b56cc0c1597ffa2","Aluminio Profesional Mopi","1"
"6a6e4dbe46feabf3642b4cb1","69db281b2b56cc0c1597fe41","Alfapar 8NB","1"
"6a6e4dbe46feabf3642b4cb6","69db27ec2b56cc0c1597fa80","adhesivo para pads color blanco  trasparente j denis","1"
"6a6e4dbe46feabf3642b4cb8","69db27ed2b56cc0c1597faa0","adhesivo supreme j denis para pestañas mink","1"
"6a6e4dbe46feabf3642b4cb8","69db280a2b56cc0c1597fce3","Alfapar 5NB","1"
"6a6e4dbe46feabf3642b4cbb","69db27f22b56cc0c1597fb09","Alaska brocha barbero","1"
"6a6e4dbe46feabf3642b4cbb","69db27d72b56cc0c1597f8c0","4x4 Mascarilla Capilar Open Secret","1"
"6a6e4dbe46feabf3642b4cbb","69db28142b56cc0c1597fdb5","Alfapar 7.45","1"
"6a6e4dbe46feabf3642b4cbb","69db27d82b56cc0c1597f8e0","4x4 Off-Road Crecimiento de Barba 60g.","1"
"6a6e4dbe46feabf3642b4cd9","69db280d2b56cc0c1597fd29","Alfapar 6.45","1"
"6a6e4dbe46feabf3642b4cd9","69db28022b56cc0c1597fc49","Alfapar 2","1"
"6a6e4dbe46feabf3642b4cd9","69db28112b56cc0c1597fd6f","Alfapar 7.1","1"
"6a6e4dbe46feabf3642b4cd9","69db27f82b56cc0c1597fb85","Alfapar 8.34","1"
"6a6e4dbe46feabf3642b4ce0","69db280d2b56cc0c1597fd29","Alfapar 6.45","1"
"6a6e4dbe46feabf3642b4ce0","69db28002b56cc0c1597fc26","Alfapar 11.11","1"
"6a6e4dbe46feabf3642b4ce0","69db282a2b56cc0c1597ff90","Alkahzar agua de rosas","1"
"6a6e4dbe46feabf3642b4ce0","69db27de2b56cc0c1597f950","4x4 shampoo cervesa azul","1"
"6a6e4dbe46feabf3642b4cea","69db27c82b56cc0c1597f790","4x4 Guantes nitrilo negros","1"
"6a6e4dbe46feabf3642b4cea","69db28192b56cc0c1597fe25","Alfapar 8.32","1"
"6a6e4dbe46feabf3642b4cea","69db280c2b56cc0c1597fd0d","Alfapar 6.3","1"
"6a6e4dbe46feabf3642b4cea","69db27c92b56cc0c1597f799","4x4 maquina inalambrico plastico G oferta de 4 pz.","1"
"6a6e4dbe46feabf3642b4d04","69db28232b56cc0c1597fefa","Alfapar Oxido 40 vol. 1000ml.","1"
"6a6e4dbe46feabf3642b4d04","69db27dc2b56cc0c1597f926","4x4 Pomada Gris 100ml.","1"
"6a6e4dbe46feabf3642b4d04","69db27d42b56cc0c1597f881","4x4 Gel Para Afeitar Citrico 485ml.","1"
"6a6e4dbe46feabf3642b4d0d","69db28192b56cc0c1597fe1e","Alfapar 8.31","1"
"6a6e4dbe46feabf3642b4d14","69db27d82b56cc0c1597f8e0","4x4 Off-Road Crecimiento de Barba 60g.","1"
"6a6e4dbe46feabf3642b4d14","69db27e52b56cc0c1597f9ec","Acetona Pura Mediana arys","1"
"6a6e4dbe46feabf3642b4d14","69db281c2b56cc0c1597fe5d","Alfapar 9.1","1"
"6a6e4dbe46feabf3642b4d14","69db281e2b56cc0c1597fe8a","Alfapar 9NB","1"
"6a6e4dbe46feabf3642b4d1d","69db28102b56cc0c1597fd68","Alfapar 7.01","1"
"6a6e4dbe46feabf3642b4d1f","69db282f2b56cc0c1597ffff","Ampolletas Revive Fortificante","1"
"6a6e4dbe46feabf3642b4d21","69db27da2b56cc0c1597f903","4x4 Pasta Dorada 200g.","1"
"6a6e4dbe46feabf3642b4d21","69db28152b56cc0c1597fdc3","Alfapar 7.6","1"
"6a6e4dbe46feabf3642b4d21","69db28002b56cc0c1597fc18","Alfapar 11.00","1"
"6a6e4dbe46feabf3642b4d25","69db281f2b56cc0c1597fe9f","Alfapar benvoleo olio nutritivo 100ml.","1"
"6a6e4dbe46feabf3642b4d2d","69db281b2b56cc0c1597fe4f","Alfapar 9","1"
"6a6e4dbe46feabf3642b4d3c","69db27fd2b56cc0c1597fbee","Alfapar 10","1"
"6a6e4dbe46feabf3642b4d3c","69db27f02b56cc0c1597fae0","Alain silver tratamiento","1"
"6a6e4dbe46feabf3642b4d3c","69db28242b56cc0c1597ff01","Alfapar protector termico 200ml.","1"
"6a6e4dbe46feabf3642b4d40","69db280e2b56cc0c1597fd3e","Alfapar 6.6","1"
"6a6e4dbe46feabf3642b4d40","69db28112b56cc0c1597fd6f","Alfapar 7.1","1"
"6a6e4dbe46feabf3642b4d40","69db27e02b56cc0c1597f987","aashta tijera ps154","1"
"6a6e4dbe46feabf3642b4d40","69db28042b56cc0c1597fc73","Alfapar 4.66I","1"
"6a6e4dbe46feabf3642b4d65","69db28272b56cc0c1597ff52","Alicate Alaska Spa","1"
"6a6e4dbe46feabf3642b4d65","69db28092b56cc0c1597fcdc","Alfapar 5.7","1"
"6a6e4dbe46feabf3642b4d65","69db27d62b56cc0c1597f8b9","4X4 Maquina Platinum Trimmer","1"
"6a6e4dbe46feabf3642b4d65","69db27dc2b56cc0c1597f934","4x4 Pomada Roja 200g","1"
"6a6e4dbe46feabf3642b4d72","69db282c2b56cc0c1597ffb6","Amor pinza pestañas","1"
"6a6e4dbe46feabf3642b4d72","69db27e52b56cc0c1597f9f3","Acetona Pura Touche 980ml","1"
"6a6e4dbe46feabf3642b4d72","69db28312b56cc0c1598002d","Andis Cool Care Plus","1"
"6a6e4dbe46feabf3642b4d72","69db28082b56cc0c1597fcb9","Alfapar 5.53","1"
"6a6e4dbe46feabf3642b4d7f","69db27f82b56cc0c1597fb7e","Alfaparf 8.221","1"
"6a6e4dbe46feabf3642b4d7f","69db28192b56cc0c1597fe1e","Alfapar 8.31","1"
"6a6e4dbe46feabf3642b4d85","69db27dd2b56cc0c1597f93b","4x4 shampoo matiz negro 300ml.","1"
"6a6e4dbe46feabf3642b4d85","69db27e92b56cc0c1597fa3b","Acrylic sterilizador agrílico","1"
"6a6e4dbe46feabf3642b4d88","69db27f52b56cc0c1597fb42","Alfa keratin Therapia","1"
"6a6e4dbe46feabf3642b4d88","69db27fc2b56cc0c1597fbd2","Alfapar 02","1"
"6a6e4dbe46feabf3642b4d88","69db27ef2b56cc0c1597fac5","Agoja para rayos","1"
"6a6e4dbe46feabf3642b4d88","69db28252b56cc0c1597ff1d","Alfapar Semidelino shampoo 250ml.","1"
"6a6e4dbe46feabf3642b4daf","69db28092b56cc0c1597fcd5","Alfapar 5.66I","1"
"6a6e4dbe46feabf3642b4daf","69db28252b56cc0c1597ff24","Alfaparf shampoo cabello dañado 1 L.","1"
"6a6e4dbe46feabf3642b4dbc","69db28222b56cc0c1597fed7","Alfapar nutritivo Mask","1"
"6a6e4dbe46feabf3642b4dbc","69db27d32b56cc0c1597f87a","4X4 Gel Cubre Cana 315gr.","1"
"6a6e4dbe46feabf3642b4dbc","69db27fc2b56cc0c1597fbcb","alfapar 013","1"
"6a6e4dbe46feabf3642b4dbc","69db27ed2b56cc0c1597faa0","adhesivo supreme j denis para pestañas mink","1"
"6a6e4dbe46feabf3642b4dc1","69db27df2b56cc0c1597f970","Aashta clip metalico o sojetador","1"
"6a6e4dbe46feabf3642b4dc1","69db27f82b56cc0c1597fb85","Alfapar 8.34","1"
"6a6e4dbe46feabf3642b4dc1","69db281e2b56cc0c1597fe91","Alfapar 9NI","1"
"6a6e4dbe46feabf3642b4dc5","69db27d22b56cc0c1597f85e","4X4 Exfoliante facial","1"
"6a6e4dbe46feabf3642b4dc5","69db280e2b56cc0c1597fd30","Alfapar 6.5","1"
"6a6e4dbe46feabf3642b4dd2","69db27d52b56cc0c1597f896","4x4 guantes vinil nitrilo","1"
"6a6e4dbe46feabf3642b4dd2","69db28292b56cc0c1597ff6f","Alicate Gc Medium","1"
"6a6e4dbe46feabf3642b4dd2","69db27fc2b56cc0c1597fbcb","alfapar 013","1"
"6a6e4dbe46feabf3642b4dd6","69db27df2b56cc0c1597f970","Aashta clip metalico o sojetador","1"
"6a6e4dbe46feabf3642b4dd6","69db27ce2b56cc0c1597f816","4x4 Cera Rosa 200ml.","1"
"6a6e4dbe46feabf3642b4dd6","69db27dc2b56cc0c1597f934","4x4 Pomada Roja 200g","1"
"6a6e4dbe46feabf3642b4dd6","69db280d2b56cc0c1597fd22","Alfapar 6.4","1"
"6a6e4dbe46feabf3642b4de8","69db27cd2b56cc0c1597f7f3","4x4 Balsamo Negro Liquido","1"
"6a6e4dbe46feabf3642b4de8","69db27e32b56cc0c1597f9c6","Aceite Para Cuticula Touche Frambuesa","1"
"6a6e4dbe46feabf3642b4e09","69db27ee2b56cc0c1597faa7","Adhesivo Tubo oscuro J.D/10gramos","1"
"6a6e4dbe46feabf3642b4e09","69db28072b56cc0c1597fcb2","Alfapar 5.5","1"
"6a6e4dbe46feabf3642b4e11","69db28152b56cc0c1597fdca","Alfapar 7.62","1"
"6a6e4dbe46feabf3642b4e11","69db28262b56cc0c1597ff2b","Alfaparf Shampoo Plex 250g.","1"
"6a6e4dbe46feabf3642b4e11","69db27d32b56cc0c1597f87a","4X4 Gel Cubre Cana 315gr.","1"
"6a6e4dbe46feabf3642b4e11","69db27f42b56cc0c1597fb37","Alexander tijera","1"
"6a6e4dbe46feabf3642b4e2a","69db281e2b56cc0c1597fe8a","Alfapar 9NB","1"
"6a6e4dbe46feabf3642b4e2a","69db27ff2b56cc0c1597fc0a","Alfapar 10.31","1"
"6a6e4dbe46feabf3642b4e2a","69db28102b56cc0c1597fd68","Alfapar 7.01","1"
"6a6e4dbe46feabf3642b4e2e","69db28142b56cc0c1597fdbc","Alfapar 7.53","1"
"6a6e4dbe46feabf3642b4e2e","69db281d2b56cc0c1597fe72","Alfapar 9.21","1"
"6a6e4dbe46feabf3642b4e31","69db28002b56cc0c1597fc26","Alfapar 11.11","1"
"6a6e4dbe46feabf3642b4e33","69db282f2b56cc0c1597fff1","Ampolletas Revive Bifasica","1"
"6a6e4dbe46feabf3642b4e33","69db281f2b56cc0c1597fea6","Alfapar Brocha y cio para tinte","1"
"6a6e4dbe46feabf3642b4e33","69db27d52b56cc0c1597f896","4x4 guantes vinil nitrilo","1"
"6a6e4dbe46feabf3642b4e33","69db28242b56cc0c1597ff01","Alfapar protector termico 200ml.","1"
"6a6e4dbe46feabf3642b4e38","69db27d42b56cc0c1597f88f","4x4 Goma 280ml.","1"
"6a6e4dbe46feabf3642b4e38","69db27db2b56cc0c1597f91f","4x4 Pomada Extrafirme Verde 200g.","1"
"6a6e4dbe46feabf3642b4e40","69db27d52b56cc0c1597f896","4x4 guantes vinil nitrilo","1"
"6a6e4dbe46feabf3642b4e40","69db27f82b56cc0c1597fb8c","Alfapar 9.423","1"
"6a6e4dbe46feabf3642b4e40","69db27f92b56cc0c1597fb93","Alfapar keratin serum 125 ml","1"
"6a6e4dbe46feabf3642b4e44","69db28302b56cc0c15980006","Ampolletas Revive Pre-Perm","1"
"6a6e4dbe46feabf3642b4e44","69db27d12b56cc0c1597f84e","4x4 Desinfectante Antibacterial 250ml.","1"
"6a6e4dbe46feabf3642b4e44","69db27d82b56cc0c1597f8d2","4x4 navaja platinum","1"
"6a6e4dbe46feabf3642b4e58","69db281b2b56cc0c1597fe41","Alfapar 8NB","1"
"6a6e4dbe46feabf3642b4e5f","69db27db2b56cc0c1597f91f","4x4 Pomada Extrafirme Verde 200g.","1"
"6a6e4dbe46feabf3642b4e5f","69db27d82b56cc0c1597f8d9","4x4 oferta cera pasta y pomada 3pz.","1"
"6a6e4dbe46feabf3642b4e5f","69db27cd2b56cc0c1597f7fa","4x4 Cera en Polvo Volumizador Amarillo","1"
"6a6e4dbe46feabf3642b4e68","69db27d52b56cc0c1597f896","4x4 guantes vinil nitrilo","1"
"6a6e4dbe46feabf3642b4e6d","69db27c82b56cc0c1597f787","4X4 Gel para afeitar menta 1kg","1"
"6a6e4dbe46feabf3642b4e6d","69db27d12b56cc0c1597f840","4X4 Cuchilla Normal","1"
"6a6e4dbe46feabf3642b4e86","69db27ea2b56cc0c1597fa56","Adhesivo J.Denis Para Rulos/Pestañas.","1"
"6a6e4dbe46feabf3642b4e86","69db27db2b56cc0c1597f918","4x4 Pomada Extrafirme Verde 100g.","1"
"6a6e4dbe46feabf3642b4e98","69db28162b56cc0c1597fddf","Alfapar 7NB","1"
"6a6e4dbe46feabf3642b4e98","69db27e92b56cc0c1597fa4b","Adesivo para extenciones Pestañas","1"
"6a6e4dbe46feabf3642b4e9b","69db27e52b56cc0c1597f9ec","Acetona Pura Mediana arys","1"
"6a6e4dbe46feabf3642b4e9b","69db28302b56cc0c15980006","Ampolletas Revive Pre-Perm","1"
"6a6e4dbe46feabf3642b4e9b","69db27ea2b56cc0c1597fa5d","Adhesivo J.Denis Oscuro con keratina","1"
"6a6e4dbe46feabf3642b4ea3","69db281a2b56cc0c1597fe2c","Alfapar 8.4","1"
"6a6e4dbe46feabf3642b4ea3","69db28072b56cc0c1597fcab","Alfapar 5.35","1"
"6a6e4dbe46feabf3642b4ea3","69db282d2b56cc0c1597ffd4","Ampolletas Alfaparf Semi Di Lino Essential Oil (Azul)","1"
"6a6e4dbe46feabf3642b4eaa","69db27d22b56cc0c1597f85e","4X4 Exfoliante facial","1"
"6a6e4dbe46feabf3642b4eaa","69db28292b56cc0c1597ff6f","Alicate Gc Medium","1"
"6a6e4dbe46feabf3642b4eaa","69db27d52b56cc0c1597f89d","4x4 maquina de corte trimmer inalambrico metalica","1"
"6a6e4dbe46feabf3642b4ee9","69db28202b56cc0c1597febb","Alfapar Keratin Therapy lisse Oil 50ml.","1"
"6a6e4dbe46feabf3642b4ee9","69db27d22b56cc0c1597f855","4x4 Enfriador de Maquinas 400g.","1"
"6a6e4dbe46feabf3642b4efc","69db27f02b56cc0c1597fae0","Alain silver tratamiento","1"
"6a6e4dbe46feabf3642b4efc","69db27e72b56cc0c1597fa1f","acrílico organic blanco (white)","1"
"6a6e4dbe46feabf3642b4efc","69db27e62b56cc0c1597fa01","Acetona Touche 225ml.","1"
"6a6e4dbe46feabf3642b4efc","69db27ff2b56cc0c1597fc03","Alfapar 10.3","1"
"6a6e4dbe46feabf3642b4f0c","69db282e2b56cc0c1597ffe6","Ampolletas Hidraforce - Gegenerex","1"
"6a6e4dbe46feabf3642b4f0c","69db28202b56cc0c1597febb","Alfapar Keratin Therapy lisse Oil 50ml.","1"
"6a6e4dbe46feabf3642b4f0c","69db27e82b56cc0c1597fa26","Acrílico Zodiaco","1"
"6a6e4dbe46feabf3642b4f0c","69db28242b56cc0c1597ff0f","Alfapar salone shampoo 500ml.","1"
"6a6e4dbe46feabf3642b4f18","69db28302b56cc0c15980014","Amura depilacion definitiva","1"
"6a6e4dbe46feabf3642b4f18","69db281c2b56cc0c1597fe5d","Alfapar 9.1","1"
"6a6e4dbe46feabf3642b4f18","69db27ef2b56cc0c1597fac5","Agoja para rayos","1"
"6a6e4dbe46feabf3642b4f18","69db281f2b56cc0c1597fe9f","Alfapar benvoleo olio nutritivo 100ml.","1"
"6a6e4dbe46feabf3642b4f21","69db282a2b56cc0c1597ff85","Alicate Lobo1330-00","1"
"6a6e4dbe46feabf3642b4f21","69db27f52b56cc0c1597fb42","Alfa keratin Therapia","1"
"6a6e4dbe46feabf3642b4f21","69db27e82b56cc0c1597fa2d","Acrílico Eteri Organic","1"
"6a6e4dbe46feabf3642b4f2b","69db27cd2b56cc0c1597f7fa","4x4 Cera en Polvo Volumizador Amarillo","1"
"6a6e4dbe46feabf3642b4f2b","69db27ea2b56cc0c1597fa64","Adhesivo J.Denis Transparente con keratina","1"
"6a6e4dbe46feabf3642b4f35","69db28322b56cc0c15980036","Andis Cuchilla Mini","1"
"6a6e4dbe46feabf3642b4f48","69db28012b56cc0c1597fc34","Alfapar 11.20","1"
"6a6e4dbe46feabf3642b4f48","69db27f32b56cc0c1597fb10","Alaska Bisturi AK-02-0019","1"
"6a6e4dbe46feabf3642b4f58","69db28162b56cc0c1597fdd8","Alfapar 7000","1"
"6a6e4dbe46feabf3642b4f58","69db27d82b56cc0c1597f8d2","4x4 navaja platinum","1"
"6a6e4dbe46feabf3642b4f58","69db282c2b56cc0c1597ffbf","Amor us","1"
"6a6e4dbe46feabf3642b4f76","69db27d02b56cc0c1597f839","4x4 Cuchilla DLC","1"
"6a6e4dbe46feabf3642b4f76","69db27c72b56cc0c1597f780","4x4 aceite para barba","1"
"6a6e4dbe46feabf3642b4f76","69db27fc2b56cc0c1597fbd9","Alfapar 03","1"
"6a6e4dbe46feabf3642b4f7f","69db27d82b56cc0c1597f8d9","4x4 oferta cera pasta y pomada 3pz.","1"
"6a6e4dbe46feabf3642b4f94","69db281a2b56cc0c1597fe33","Alfapar 8.43","1"
"6a6e4dbe46feabf3642b4f94","69db282e2b56cc0c1597ffdb","Ampolletas Alfaparf Semi Di Lino Shine Lotion (Lila)","1"
"6a6e4dbe46feabf3642b4fa4","69db28192b56cc0c1597fe17","Alfapar 8.3","1"
"6a6e4dbe46feabf3642b4fa4","69db28102b56cc0c1597fd68","Alfapar 7.01","1"
"6a6e4dbe46feabf3642b4fab","69db27d12b56cc0c1597f847","4x4 Cuchilla Trimer","1"
"6a6e4dbe46feabf3642b4fab","69db27c92b56cc0c1597f799","4x4 maquina inalambrico plastico G oferta de 4 pz.","1"
"6a6e4dbe46feabf3642b4fab","69db27cd2b56cc0c1597f7f3","4x4 Balsamo Negro Liquido","1"
"6a6e4dbe46feabf3642b4fb7","69db280c2b56cc0c1597fd14","Alfapar 6.32","1"
"6a6e4dbe46feabf3642b4fb7","69db27ed2b56cc0c1597fa99","Adhesivo Para Rulos frasquito chico blanco","1"
"6a6e4dbe46feabf3642b4fb7","69db28082b56cc0c1597fcc7","Alfapar 5.62","1"
"6a6e4dbe46feabf3642b4feb","69db281a2b56cc0c1597fe3a","Alfapar 8.66I","1"
"6a6e4dbe46feabf3642b4feb","69db28132b56cc0c1597fda7","Alfapar 7.4","1"
"6a6e4dbe46feabf3642b5001","69db27ff2b56cc0c1597fc03","Alfapar 10.3","1"
"6a6e4dbe46feabf3642b5009","69db27f42b56cc0c1597fb29","Alexander style porta navaja","1"
"6a6e4dbe46feabf3642b5009","69db27e92b56cc0c1597fa3b","Acrylic sterilizador agrílico","1"
"6a6e4dbe46feabf3642b5009","69db28122b56cc0c1597fd84","Alfapar 7.3","1"
"6a6e4dbe46feabf3642b5019","69db28082b56cc0c1597fcc0","Alfapar 5.6","1"
"6a6e4dbe46feabf3642b5019","69db28032b56cc0c1597fc5e","Alfapar 4.32","1"
"6a6e4dbe46feabf3642b501c","69db28262b56cc0c1597ff3d","Algodón Alby","1"
"6a6e4dbe46feabf3642b501c","69db28132b56cc0c1597fda7","Alfapar 7.4","1"
"6a6e4dbe46feabf3642b501c","69db27f42b56cc0c1597fb29","Alexander style porta navaja","1"
"6a6e4dbe46feabf3642b501c","69db27ea2b56cc0c1597fa64","Adhesivo J.Denis Transparente con keratina","1"
"6a6e4dbe46feabf3642b5034","69db27fe2b56cc0c1597fbfc","Alfapar 10.21","1"
"6a6e4dbe46feabf3642b503d","69db28272b56cc0c1597ff4b","Alicate Alaska Pedicure","1"
"6a6e4dbe46feabf3642b503d","69db28152b56cc0c1597fdd1","Alfapar 7.66I","1"
"6a6e4dbe46feabf3642b5040","69db281e2b56cc0c1597fe83","Alfapar 9.31","1"
"6a6e4dbe46feabf3642b5040","69db28022b56cc0c1597fc50","Alfapar 3","1"
"6a6e4dbe46feabf3642b5040","69db281a2b56cc0c1597fe33","Alfapar 8.43","1"
"6a6e4dbe46feabf3642b5049","69db27f82b56cc0c1597fb8c","Alfapar 9.423","1"
"6a6e4dbe46feabf3642b5049","69db280f2b56cc0c1597fd4c","Alfapar 6.7","1"
"6a6e4dbe46feabf3642b5050","69db28192b56cc0c1597fe1e","Alfapar 8.31","1"
"6a6e4dbe46feabf3642b5052","69db27f52b56cc0c1597fb49","Alfa sobres de 30 pz","1"
"6a6e4dbe46feabf3642b5052","69db280d2b56cc0c1597fd22","Alfapar 6.4","1"
"6a6e4dbe46feabf3642b5052","69db27da2b56cc0c1597f903","4x4 Pasta Dorada 200g.","1"
"6a6e4dbe46feabf3642b5052","69db27db2b56cc0c1597f91f","4x4 Pomada Extrafirme Verde 200g.","1"
"6a6e4dbe46feabf3642b5057","69db28192b56cc0c1597fe25","Alfapar 8.32","1"
"6a6e4dbe46feabf3642b5057","69db27fe2b56cc0c1597fbfc","Alfapar 10.21","1"
"6a6e4dbe46feabf3642b5061","69db27dd2b56cc0c1597f93b","4x4 shampoo matiz negro 300ml.","1"
"6a6e4dbe46feabf3642b5061","69db27d92b56cc0c1597f8ee","4x4 papel cuello negro un rollo","1"
"6a6e4dbe46feabf3642b506b","69db27e02b56cc0c1597f980","aashta ps -807","1"
"6a6e4dbe46feabf3642b506b","69db27dd2b56cc0c1597f942","4x4 shampoo cbd bergamota 500ml.","1"
"6a6e4dbe46feabf3642b506b","69db28062b56cc0c1597fc9d","Alfapar 5.3","1"
"6a6e4dbe46feabf3642b5075","69db28122b56cc0c1597fd92","Alfapar 7.32","1"
"6a6e4dbe46feabf3642b5075","69db27e92b56cc0c1597fa3b","Acrylic sterilizador agrílico","1"
"6a6e4dbe46feabf3642b5075","69db27e72b56cc0c1597fa1f","acrílico organic blanco (white)","1"
"6a6e4dbe46feabf3642b5075","69db27cb2b56cc0c1597f7d5","4X4 Aftershave Power Green 400ml.","1"
"6a6e4dbe46feabf3642b507a","69db280d2b56cc0c1597fd22","Alfapar 6.4","1"
"6a6e4dbe46feabf3642b507a","69db28312b56cc0c1598002d","Andis Cool Care Plus","1"
"6a6e4dbe46feabf3642b507a","69db27d42b56cc0c1597f881","4x4 Gel Para Afeitar Citrico 485ml.","1"
"6a6e4dbe46feabf3642b507a","69db27e92b56cc0c1597fa4b","Adesivo para extenciones Pestañas","1"
"6a6e4dbe46feabf3642b5085","69db281b2b56cc0c1597fe48","Alfapar 8NI","1"
"6a6e4dbe46feabf3642b5085","69db281c2b56cc0c1597fe56","Alfapar 9.04","1"
"6a6e4dbe46feabf3642b5085","69db27e92b56cc0c1597fa3b","Acrylic sterilizador agrílico","1"
"6a6e4dbe46feabf3642b5085","69db27d12b56cc0c1597f847","4x4 Cuchilla Trimer","1"
"6a6e4dbe46feabf3642b509d","69db28132b56cc0c1597fda0","Alfapar 7.35","1"
"6a6e4dbe46feabf3642b509d","69db281a2b56cc0c1597fe33","Alfapar 8.43","1"
"6a6e4dbe46feabf3642b50a0","69db27ee2b56cc0c1597faa7","Adhesivo Tubo oscuro J.D/10gramos","1"
"6a6e4dbe46feabf3642b50ac","69db27e92b56cc0c1597fa4b","Adesivo para extenciones Pestañas","1"
"6a6e4dbe46feabf3642b50ac","69db28192b56cc0c1597fe17","Alfapar 8.3","1"
"6a6e4dbe46feabf3642b50ac","69db282b2b56cc0c1597ff97","Almoadillas de algodon","1"
"6a6e4dbe46feabf3642b50ac","69db28302b56cc0c15980014","Amura depilacion definitiva","1"
"6a6e4dbe46feabf3642b50ba","69db27e82b56cc0c1597fa34","Acrílicos De Colores Touche diamonds","1"
"6a6e4dbe46feabf3642b50ba","69db28242b56cc0c1597ff01","Alfapar protector termico 200ml.","1"
"6a6e4dbe46feabf3642b50ba","69db27f22b56cc0c1597fafe","Alain silver 30ml.","1"
"6a6e4dbe46feabf3642b50ba","69db27d42b56cc0c1597f888","4x4 Gel Para Afeitar Menta 485ml.","1"
"6a6e4dbe46feabf3642b50bf","69db282f2b56cc0c1597fff8","Ampolletas Revive Cationica","1"
"6a6e4dbe46feabf3642b50bf","69db28282b56cc0c1597ff5d","Alicate barrilito","1"
"6a6e4dbe46feabf3642b50c4","69db27cd2b56cc0c1597f801","4x4 cera gel kg.","1"
"6a6e4dbe46feabf3642b50c4","69db28112b56cc0c1597fd7d","Alfapar 7.21","1"
"6a6e4dbe46feabf3642b50c4","69db28312b56cc0c1598001f","Andis","1"
"6a6e4dbe46feabf3642b50c4","69db27ea2b56cc0c1597fa56","Adhesivo J.Denis Para Rulos/Pestañas.","1"
"6a6e4dbe46feabf3642b50cc","69db28182b56cc0c1597fe02","Alfapar 8.13","1"
"6a6e4dbe46feabf3642b50e1","69db28302b56cc0c15980014","Amura depilacion definitiva","1"
"6a6e4dbe46feabf3642b50e1","69db281f2b56cc0c1597fe98","Alfapar ampoll. anti caida","1"
"6a6e4dbe46feabf3642b50e1","69db28062b56cc0c1597fc8f","Alfapar 5.1","1"
"6a6e4dbe46feabf3642b50e8","69db27d02b56cc0c1597f839","4x4 Cuchilla DLC","1"
"6a6e4dbe46feabf3642b50e8","69db28292b56cc0c1597ff6f","Alicate Gc Medium","1"
"6a6e4dbe46feabf3642b50e8","69db27f92b56cc0c1597fb93","Alfapar keratin serum 125 ml","1"
"6a6e4dbe46feabf3642b50f6","69db28082b56cc0c1597fcc0","Alfapar 5.6","1"
"6a6e4dbe46feabf3642b50f6","69db28212b56cc0c1597fec2","Alfapar Keratin Therapy Shampoo 250ml.","1"
"6a6e4dbe46feabf3642b50f6","69db27f72b56cc0c1597fb69","Alfaparf 7.24","1"
"6a6e4dbe46feabf3642b50f6","69db27ca2b56cc0c1597f7c0","4x4 Aceite Para Cortadoras 118ml.","1"
"6a6e4dbe46feabf3642b5109","69db28132b56cc0c1597fda7","Alfapar 7.4","1"
"6a6e4dbe46feabf3642b5109","69db27de2b56cc0c1597f95e","4x4 Talco Invencible","1"
"6a6e4dbe46feabf3642b5109","69db27e72b56cc0c1597fa11","Acondicionador Diamante 250ml.","1"
"6a6e4dbe46feabf3642b5109","69db27f02b56cc0c1597fad5","Aguja Peina Facil Grande 5pz.","1"
"6a6e4dbe46feabf3642b5124","69db27fd2b56cc0c1597fbee","Alfapar 10","1"
"6a6e4dbe46feabf3642b5124","69db27fa2b56cc0c1597fbb6","Alfapar shampoo seco sin gas 150ml.","1"
"6a6e4dbe46feabf3642b5127","69db281d2b56cc0c1597fe72","Alfapar 9.21","1"
"6a6e4dbe46feabf3642b5127","69db27f82b56cc0c1597fb7e","Alfaparf 8.221","1"
"6a6e4dbe46feabf3642b5127","69db27fc2b56cc0c1597fbd9","Alfapar 03","1"
"6a6e4dbe46feabf3642b5127","69db27f12b56cc0c1597faf0","Alain Silver Hot Tratamiento Restauraurador","1"
"6a6e4dbe46feabf3642b512c","69db27d62b56cc0c1597f8b2","4X4 Maquina Platinum Clipper","1"
"6a6e4dbe46feabf3642b512c","69db282b2b56cc0c1597ff97","Almoadillas de algodon","1"
"6a6e4dbe46feabf3642b512c","69db28032b56cc0c1597fc6c","Alfapar 4.65","1"
"6a6e4dbe46feabf3642b512c","69db28082b56cc0c1597fcc7","Alfapar 5.62","1"
"6a6e4dbe46feabf3642b5131","69db27d82b56cc0c1597f8d2","4x4 navaja platinum","1"
"6a6e4dbe46feabf3642b5131","69db28162b56cc0c1597fddf","Alfapar 7NB","1"
"6a6e4dbe46feabf3642b5134","69db27df2b56cc0c1597f965","4x4 Talco Ultra Fino","1"
"6a6e4dbe46feabf3642b5134","69db27e12b56cc0c1597f98e","Aashta Tijera Cocodrilo","1"
"6a6e4dbe46feabf3642b5134","69db27e22b56cc0c1597f9a7","Ablandador De Canas Waving","1"
"6a6e4dbe46feabf3642b5134","69db27ef2b56cc0c1597fabe","Afaparf oxido 10 vol. 1000ml.","1"
"6a6e4dbe46feabf3642b5143","69db28212b56cc0c1597fed0","Alfapar mask. keratin therapy","1"
"6a6e4dbe46feabf3642b5143","69db28272b56cc0c1597ff44","Alicate Alaska Manicure","1"
"6a6e4dbe46feabf3642b5143","69db27d22b56cc0c1597f865","4x4 gel afeitar 955kg. blanco","1"
"6a6e4dbe46feabf3642b5143","69db281f2b56cc0c1597fea6","Alfapar Brocha y cio para tinte","1"
"6a6e4dbe46feabf3642b5148","69db27d32b56cc0c1597f87a","4X4 Gel Cubre Cana 315gr.","1"
"6a6e4dbe46feabf3642b5148","69db28212b56cc0c1597fed0","Alfapar mask. keratin therapy","1"
"6a6e4dbe46feabf3642b514f","69db282f2b56cc0c1597ffff","Ampolletas Revive Fortificante","1"
"6a6e4dbe46feabf3642b514f","69db27d62b56cc0c1597f8b2","4X4 Maquina Platinum Clipper","1"
"6a6e4dbe46feabf3642b5157","69db27dd2b56cc0c1597f942","4x4 shampoo cbd bergamota 500ml.","1"
"6a6e4dbe46feabf3642b5157","69db280e2b56cc0c1597fd30","Alfapar 6.5","1"
"6a6e4dbe46feabf3642b5157","69db28192b56cc0c1597fe25","Alfapar 8.32","1"
"6a6e4dbe46feabf3642b515b","69db27d52b56cc0c1597f8a4","4X4 Maquina inalambrica clipper heavy duty metalica G.","1"
"6a6e4dbe46feabf3642b515b","69db28112b56cc0c1597fd7d","Alfapar 7.21","1"
"6a6e4dbe46feabf3642b5166","69db27f72b56cc0c1597fb70","Alfaparf 10.342","1"
"6a6e4dbe46feabf3642b516d","69db27f92b56cc0c1597fba1","Alfapar rigen shampoo 250 ml.","1"
"6a6e4dbe46feabf3642b516d","69db28112b56cc0c1597fd76","Alfapar 7.13","1"
"6a6e4dbe46feabf3642b517f","69db28172b56cc0c1597fdfb","Alfapar 8.1","1"
"6a6e4dbe46feabf3642b517f","69db27d92b56cc0c1597f8ee","4x4 papel cuello negro un rollo","1"
"6a6e4dbe46feabf3642b517f","69db27e72b56cc0c1597fa11","Acondicionador Diamante 250ml.","1"
"6a6e4dbe46feabf3642b518f","69db28112b56cc0c1597fd76","Alfapar 7.13","1"
"6a6e4dbe46feabf3642b518f","69db281d2b56cc0c1597fe6b","Alfapar 9.2","1"
"6a6e4dbe46feabf3642b518f","69db28102b56cc0c1597fd68","Alfapar 7.01","1"
"6a6e4dbe46feabf3642b519a","69db280c2b56cc0c1597fd14","Alfapar 6.32","1"
"6a6e4dbe46feabf3642b519a","69db27ce2b56cc0c1597f808","4x4 Cera Gel 280g.","1"
"6a6e4dbe46feabf3642b51b1","69db28032b56cc0c1597fc65","Alfapar 4.52","1"
"6a6e4dbe46feabf3642b51b6","69db27fd2b56cc0c1597fbe0","Alfapar 1","1"
"6a6e4dbe46feabf3642b51b6","69db27db2b56cc0c1597f911","4x4 Pomada Azul 200g","1"
"6a6e4dbe46feabf3642b51b6","69db28062b56cc0c1597fc9d","Alfapar 5.3","1"
"6a6e4dbe46feabf3642b51b6","69db27f02b56cc0c1597fae0","Alain silver tratamiento","1"
"6a6e4dbe46feabf3642b51c3","69db27e32b56cc0c1597f9bb","Aceite Fortalezador Argan/Mamey","1"
"6a6e4dbe46feabf3642b51c3","69db27e52b56cc0c1597f9fa","Acetona quinta esmalte 98(60 ml)","1"
"6a6e4dbe46feabf3642b51c3","69db282e2b56cc0c1597ffdb","Ampolletas Alfaparf Semi Di Lino Shine Lotion (Lila)","1"
"6a6e4dbe46feabf3642b51c3","69db27e62b56cc0c1597fa01","Acetona Touche 225ml.","1"
"6a6e4dbe46feabf3642b51d2","69db28262b56cc0c1597ff3d","Algodón Alby","1"
"6a6e4dbe46feabf3642b51d2","69db27da2b56cc0c1597f8fc","4x4 Pasta Dorada 100g.","1"
"6a6e4dbe46feabf3642b51d5","69db27e82b56cc0c1597fa26","Acrílico Zodiaco","1"
"6a6e4dbe46feabf3642b51d5","69db28192b56cc0c1597fe25","Alfapar 8.32","1"
"6a6e4dbe46feabf3642b51d5","69db28012b56cc0c1597fc34","Alfapar 11.20","1"
"6a6e4dbe46feabf3642b51d5","69db27e32b56cc0c1597f9bb","Aceite Fortalezador Argan/Mamey","1"
"6a6e4dbe46feabf3642b51e5","69db27e32b56cc0c1597f9c6","Aceite Para Cuticula Touche Frambuesa","1"
"6a6e4dbe46feabf3642b51ee","69db280e2b56cc0c1597fd37","Alfapar 6.53","1"
"6a6e4dbe46feabf3642b51ee","69db27d92b56cc0c1597f8f5","4x4 papel cuello negro 5 pz","1"
"6a6e4dbe46feabf3642b51f6","69db27d42b56cc0c1597f881","4x4 Gel Para Afeitar Citrico 485ml.","1"
"6a6e4dbe46feabf3642b51f6","69db27e82b56cc0c1597fa26","Acrílico Zodiaco","1"
"6a6e4dbe46feabf3642b51f6","69db28112b56cc0c1597fd7d","Alfapar 7.21","1"
"6a6e4dbe46feabf3642b521a","69db27ec2b56cc0c1597fa8b","Adhesivo Para Pestañas Duo Oscuro","1"
"6a6e4dbe46feabf3642b521a","69db28172b56cc0c1597fdfb","Alfapar 8.1","1"
"6a6e4dbe46feabf3642b521a","69db27e12b56cc0c1597f98e","Aashta Tijera Cocodrilo","1"
"6a6e4dbe46feabf3642b521a","69db28262b56cc0c1597ff2b","Alfaparf Shampoo Plex 250g.","1"
"6a6e4dbe46feabf3642b522e","69db27ee2b56cc0c1597faae","Adhesivo Tubo Transparente J.D/10gramos","1"
"6a6e4dbe46feabf3642b5232","69db28262b56cc0c1597ff34","Alfaparf spray porificante 100ml.","1"
"6a6e4dbe46feabf3642b5232","69db27f32b56cc0c1597fb17","Alaska Saca Comedones","1"
"6a6e4dbe46feabf3642b5241","69db28202b56cc0c1597febb","Alfapar Keratin Therapy lisse Oil 50ml.","1"
"6a6e4dbe46feabf3642b5241","69db282e2b56cc0c1597ffdb","Ampolletas Alfaparf Semi Di Lino Shine Lotion (Lila)","1"
"6a6e4dbe46feabf3642b5246","69db27d02b56cc0c1597f839","4x4 Cuchilla DLC","1"
"6a6e4dbe46feabf3642b5246","69db27dc2b56cc0c1597f92d","4x4 Pomada Gris 200ml.","1"
"6a6e4dbe46feabf3642b5246","69db27eb2b56cc0c1597fa6b","adhesivo latex para rulos o pads liftin j denis","1"
"6a6e4dbe46feabf3642b5246","69db27d92b56cc0c1597f8e7","4x4 papel cuello blanco rollo","1"
"6a6e4dbe46feabf3642b5261","69db281d2b56cc0c1597fe79","Alfapar 9.3","1"
"6a6e4dbe46feabf3642b5261","69db281f2b56cc0c1597fe98","Alfapar ampoll. anti caida","1"
"6a6e4dbe46feabf3642b5261","69db28132b56cc0c1597fda7","Alfapar 7.4","1"
"6a6e4dbe46feabf3642b526a","69db28012b56cc0c1597fc42","Alfapar 11.32","1"
"6a6e4dbe46feabf3642b526a","69db28132b56cc0c1597fda0","Alfapar 7.35","1"
"6a6e4dbe46feabf3642b526a","69db27eb2b56cc0c1597fa6b","adhesivo latex para rulos o pads liftin j denis","1"
"6a6e4dbe46feabf3642b5283","69db27c92b56cc0c1597f7a0","4x4 minoxidil","1"
"6a6e4dbe46feabf3642b5283","69db27e12b56cc0c1597f99c","aashta tijeras ps817","1"
"6a6e4dbe46feabf3642b5283","69db280a2b56cc0c1597fcea","Alfapar 5NI","1"
"6a6e4dbe46feabf3642b5283","69db27eb2b56cc0c1597fa6b","adhesivo latex para rulos o pads liftin j denis","1"
"6a6e4dbe46feabf3642b528a","69db27f42b56cc0c1597fb29","Alexander style porta navaja","1"
"6a6e4dbe46feabf3642b5295","69db27ec2b56cc0c1597fa8b","Adhesivo Para Pestañas Duo Oscuro","1"
"6a6e4dbe46feabf3642b5295","69db280c2b56cc0c1597fd0d","Alfapar 6.3","1"
"6a6e4dbe46feabf3642b5295","69db28242b56cc0c1597ff01","Alfapar protector termico 200ml.","1"
"6a6e4dbe46feabf3642b5295","69db27cc2b56cc0c1597f7e3","4x4 Aftershave Rojo 400ml.","1"
"6a6e4dbe46feabf3642b529c","69db27d42b56cc0c1597f888","4x4 Gel Para Afeitar Menta 485ml.","1"
"6a6e4dbe46feabf3642b529c","69db28212b56cc0c1597fec9","Alfapar Maschera Plex 150g.","1"
"6a6e4dbe46feabf3642b529f","69db281e2b56cc0c1597fe8a","Alfapar 9NB","1"
"6a6e4dbe46feabf3642b52b8","69db27da2b56cc0c1597f8fc","4x4 Pasta Dorada 100g.","1"
"6a6e4dbe46feabf3642b52b8","69db282f2b56cc0c1597ffff","Ampolletas Revive Fortificante","1"
"6a6e4dbe46feabf3642b52b8","69db281e2b56cc0c1597fe8a","Alfapar 9NB","1"
"6a6e4dbe46feabf3642b52c5","69db282c2b56cc0c1597ffb6","Amor pinza pestañas","1"
"6a6e4dbe46feabf3642b52c7","69db27f02b56cc0c1597fae0","Alain silver tratamiento","1"
"6a6e4dbe46feabf3642b52ce","69db27de2b56cc0c1597f950","4x4 shampoo cervesa azul","1"
"6a6e4dbe46feabf3642b52ce","69db27f92b56cc0c1597fba1","Alfapar rigen shampoo 250 ml.","1"
"6a6e4dbe46feabf3642b52ce","69db27d62b56cc0c1597f8ab","4x4 Maquina platino 10000 RPM","1"
"6a6e4dbe46feabf3642b52e5","69db28072b56cc0c1597fca4","Alfapar 5.32","1"
"6a6e4dbe46feabf3642b52e7","69db27e62b56cc0c1597fa01","Acetona Touche 225ml.","1"
"6a6e4dbe46feabf3642b52e7","69db27fe2b56cc0c1597fbfc","Alfapar 10.21","1"
"6a6e4dbe46feabf3642b52e7","69db281b2b56cc0c1597fe48","Alfapar 8NI","1"
"6a6e4dbe46feabf3642b5307","69db280c2b56cc0c1597fd1b","Alfapar 6.35","1"
"6a6e4dbe46feabf3642b5309","69db27f32b56cc0c1597fb17","Alaska Saca Comedones","1"
"6a6e4dbe46feabf3642b5309","69db28272b56cc0c1597ff44","Alicate Alaska Manicure","1"
"6a6e4dbe46feabf3642b5309","69db281f2b56cc0c1597fea6","Alfapar Brocha y cio para tinte","1"
"6a6e4dbe46feabf3642b5309","69db282e2b56cc0c1597ffdb","Ampolletas Alfaparf Semi Di Lino Shine Lotion (Lila)","1"
"6a6e4dbe46feabf3642b530e","69db28132b56cc0c1597fda7","Alfapar 7.4","1"
"6a6e4dbe46feabf3642b530e","69db28042b56cc0c1597fc81","Alfapar 4NI","1"
"6a6e4dbe46feabf3642b530e","69db28122b56cc0c1597fd84","Alfapar 7.3","1"
"6a6e4dbe46feabf3642b5319","69db28152b56cc0c1597fdc3","Alfapar 7.6","1"
"6a6e4dbe46feabf3642b5324","69db27d82b56cc0c1597f8d9","4x4 oferta cera pasta y pomada 3pz.","1"
"6a6e4dbe46feabf3642b5324","69db27cc2b56cc0c1597f7e3","4x4 Aftershave Rojo 400ml.","1"
"6a6e4dbe46feabf3642b5324","69db28192b56cc0c1597fe1e","Alfapar 8.31","1"
"6a6e4dbe46feabf3642b5324","69db27d02b56cc0c1597f832","4x4 Cuchilla Platino trimer DLC","1"
"6a6e4dbe46feabf3642b533b","69db281d2b56cc0c1597fe72","Alfapar 9.21","1"
"6a6e4dbe46feabf3642b533b","69db27d82b56cc0c1597f8d9","4x4 oferta cera pasta y pomada 3pz.","1"
"6a6e4dbe46feabf3642b533b","69db27de2b56cc0c1597f950","4x4 shampoo cervesa azul","1"
"6a6e4dbe46feabf3642b533b","69db28232b56cc0c1597fefa","Alfapar Oxido 40 vol. 1000ml.","1"
"6a6e4dbe46feabf3642b534e","69db27db2b56cc0c1597f91f","4x4 Pomada Extrafirme Verde 200g.","1"
"6a6e4dbe46feabf3642b534e","69db281a2b56cc0c1597fe33","Alfapar 8.43","1"
"6a6e4dbe46feabf3642b5353","69db28302b56cc0c1598000d","Ampolletas Revive Teñido","1"
"6a6e4dbe46feabf3642b5353","69db27df2b56cc0c1597f965","4x4 Talco Ultra Fino","1"
"6a6e4dbe46feabf3642b5353","69db27f92b56cc0c1597fb9a","Alfapar mask 200ml.","1"
"6a6e4dbe46feabf3642b5353","69db28102b56cc0c1597fd68","Alfapar 7.01","1"
"6a6e4dbe46feabf3642b535f","69db27ed2b56cc0c1597faa0","adhesivo supreme j denis para pestañas mink","1"
"6a6e4dbe46feabf3642b535f","69db28242b56cc0c1597ff0f","Alfapar salone shampoo 500ml.","1"
"6a6e4dbe46feabf3642b535f","69db27c82b56cc0c1597f787","4X4 Gel para afeitar menta 1kg","1"
"6a6e4dbe46feabf3642b535f","69db27d32b56cc0c1597f873","4x4 gel afeitar 955kg azul","1"
"6a6e4dbe46feabf3642b5364","69db27cc2b56cc0c1597f7dc","4X4 Aftershave Power Gold 400ml.","1"
"6a6e4dbe46feabf3642b5364","69db27ee2b56cc0c1597fab5","Afaparf salone supreme mask","1"
"6a6e4dbe46feabf3642b5364","69db282b2b56cc0c1597ff97","Almoadillas de algodon","1"
"6a6e4dbe46feabf3642b537a","69db27d72b56cc0c1597f8c0","4x4 Mascarilla Capilar Open Secret","1"
"6a6e4dbe46feabf3642b537a","69db27f32b56cc0c1597fb17","Alaska Saca Comedones","1"
"6a6e4dbe46feabf3642b537a","69db27fc2b56cc0c1597fbd2","Alfapar 02","1"
"6a6e4dbe46feabf3642b5386","69db27dc2b56cc0c1597f92d","4x4 Pomada Gris 200ml.","1"
"6a6e4dbe46feabf3642b5386","69db27f22b56cc0c1597fafe","Alain silver 30ml.","1"
"6a6e4dbe46feabf3642b5393","69db28292b56cc0c1597ff6f","Alicate Gc Medium","1"
"6a6e4dbe46feabf3642b5393","69db28132b56cc0c1597fda0","Alfapar 7.35","1"
"6a6e4dbe46feabf3642b5393","69db27d82b56cc0c1597f8d9","4x4 oferta cera pasta y pomada 3pz.","1"
"6a6e4dbe46feabf3642b539e","69db28052b56cc0c1597fc88","Alfapar 5","1"
"6a6e4dbe46feabf3642b539e","69db280c2b56cc0c1597fd1b","Alfapar 6.35","1"
"6a6e4dbe46feabf3642b53a6","69db282a2b56cc0c1597ff90","Alkahzar agua de rosas","1"
"6a6e4dbe46feabf3642b53a8","69db280a2b56cc0c1597fcea","Alfapar 5NI","1"
"6a6e4dbe46feabf3642b53a8","69db282c2b56cc0c1597ffbf","Amor us","1"
"6a6e4dbe46feabf3642b53a8","69db28002b56cc0c1597fc18","Alfapar 11.00","1"
"6a6e4dbe46feabf3642b53a8","69db281a2b56cc0c1597fe2c","Alfapar 8.4","1"
"6a6e4dbe46feabf3642b53ad","69db28042b56cc0c1597fc73","Alfapar 4.66I","1"
"6a6e4dbe46feabf3642b53af","69db27f82b56cc0c1597fb8c","Alfapar 9.423","1"
"6a6e4dbe46feabf3642b53b6","69db27f82b56cc0c1597fb85","Alfapar 8.34","1"
"6a6e4dbe46feabf3642b53b6","69db27c72b56cc0c1597f780","4x4 aceite para barba","1"
"6a6e4dbe46feabf3642b53b6","69db28252b56cc0c1597ff24","Alfaparf shampoo cabello dañado 1 L.","1"
"6a6e4dbe46feabf3642b53b6","69db27f82b56cc0c1597fb8c","Alfapar 9.423","1"
"6a6e4dbe46feabf3642b53c2","69db27fb2b56cc0c1597fbc4","Alfapar 01","1"
"6a6e4dbe46feabf3642b53da","69db28092b56cc0c1597fcdc","Alfapar 5.7","1"
"6a6e4dbe46feabf3642b53da","69db27ca2b56cc0c1597f7b0","4x4 papel cuello blanco de 5 pz.","1"
"6a6e4dbe46feabf3642b53da","69db27ef2b56cc0c1597fabe","Afaparf oxido 10 vol. 1000ml.","1"
"6a6e4dbe46feabf3642b53e2","69db281f2b56cc0c1597fe98","Alfapar ampoll. anti caida","1"
"6a6e4dbe46feabf3642b53e2","69db27fd2b56cc0c1597fbe7","Alfapar 1.11","1"
"6a6e4dbe46feabf3642b53e2","69db28122b56cc0c1597fd8b","Alfapar 7.31","1"
"6a6e4dbe46feabf3642b53e2","69db27e72b56cc0c1597fa11","Acondicionador Diamante 250ml.","1"
"6a6e4dbe46feabf3642b53f2","69db27f72b56cc0c1597fb69","Alfaparf 7.24","1"
"6a6e4dbe46feabf3642b53f2","69db27cc2b56cc0c1597f7dc","4X4 Aftershave Power Gold 400ml.","1"
"6a6e4dbe46feabf3642b53f5","69db28182b56cc0c1597fe09","Alfapar 8.21","1"
"6a6e4dbe46feabf3642b53f5","69db27e22b56cc0c1597f9a7","Ablandador De Canas Waving","1"
"6a6e4dbe46feabf3642b53f5","69db27e12b56cc0c1597f995","Aashta tijeras negro no. 7","1"
"6a6e4dbe46feabf3642b540a","69db282a2b56cc0c1597ff90","Alkahzar agua de rosas","1"
"6a6e4dbe46feabf3642b5410","69db28152b56cc0c1597fdc3","Alfapar 7.6","1"
"6a6e4dbe46feabf3642b5410","69db27ee2b56cc0c1597fab5","Afaparf salone supreme mask","1"
"6a6e4dbe46feabf3642b541d","69db27f22b56cc0c1597fafe","Alain silver 30ml.","1"
"6a6e4dbe46feabf3642b541d","69db28032b56cc0c1597fc65","Alfapar 4.52","1"
"6a6e4dbe46feabf3642b541d","69db280c2b56cc0c1597fd1b","Alfapar 6.35","1"
"6a6e4dbe46feabf3642b541d","69db28042b56cc0c1597fc81","Alfapar 4NI","1"
"6a6e4dbe46feabf3642b5422","69db280d2b56cc0c1597fd22","Alfapar 6.4","1"
"6a6e4dbe46feabf3642b5422","69db27dd2b56cc0c1597f942","4x4 shampoo cbd bergamota 500ml.","1"
"6a6e4dbe46feabf3642b5422","69db280e2b56cc0c1597fd37","Alfapar 6.53","1"
"6a6e4dbe46feabf3642b5426","69db27cd2b56cc0c1597f7f3","4x4 Balsamo Negro Liquido","1"
"6a6e4dbe46feabf3642b5426","69db281b2b56cc0c1597fe4f","Alfapar 9","1"
"6a6e4dbe46feabf3642b5426","69db27ce2b56cc0c1597f816","4x4 Cera Rosa 200ml.","1"
"6a6e4dbe46feabf3642b5430","69db281b2b56cc0c1597fe48","Alfapar 8NI","1"
"6a6e4dbe46feabf3642b5430","69db27f62b56cc0c1597fb5b","Alfapar benvoleo shampoo seco sin gas 150 g","1"
"6a6e4dbe46feabf3642b5430","69db27dc2b56cc0c1597f92d","4x4 Pomada Gris 200ml.","1"
"6a6e4dbe46feabf3642b5439","69db28172b56cc0c1597fdfb","Alfapar 8.1","1"
"6a6e4dbe46feabf3642b543f","69db27cd2b56cc0c1597f801","4x4 cera gel kg.","1"
"6a6e4dbe46feabf3642b543f","69db27e62b56cc0c1597fa0a","acondicionador artesanal","1"
"6a6e4dbe46feabf3642b5448","69db27ec2b56cc0c1597fa8b","Adhesivo Para Pestañas Duo Oscuro","1"
"6a6e4dbe46feabf3642b5448","69db27f32b56cc0c1597fb1e","Alaska Tijera Manicure","1"
"6a6e4dbe46feabf3642b5448","69db27ea2b56cc0c1597fa5d","Adhesivo J.Denis Oscuro con keratina","1"
"6a6e4dbe46feabf3642b5448","69db27e82b56cc0c1597fa26","Acrílico Zodiaco","1"
"6a6e4dbe46feabf3642b544d","69db28132b56cc0c1597fda0","Alfapar 7.35","1"
"6a6e4dbe46feabf3642b544d","69db281e2b56cc0c1597fe91","Alfapar 9NI","1"
"6a6e4dbe46feabf3642b5453","69db27d32b56cc0c1597f86c","4x4 Gel 500g.","1"
"6a6e4dbe46feabf3642b5453","69db27f42b56cc0c1597fb29","Alexander style porta navaja","1"
"6a6e4dbe46feabf3642b5453","69db28022b56cc0c1597fc49","Alfapar 2","1"
"6a6e4dbe46feabf3642b5457","69db27f82b56cc0c1597fb85","Alfapar 8.34","1"
"6a6e4dbe46feabf3642b5457","69db28082b56cc0c1597fcc0","Alfapar 5.6","1"
"6a6e4dbe46feabf3642b5469","69db280f2b56cc0c1597fd4c","Alfapar 6.7","1"
"6a6e4dbe46feabf3642b5469","69db27ee2b56cc0c1597faae","Adhesivo Tubo Transparente J.D/10gramos","1"
"6a6e4dbe46feabf3642b5469","69db27eb2b56cc0c1597fa6b","adhesivo latex para rulos o pads liftin j denis","1"
"6a6e4dbe46feabf3642b5483","69db28112b56cc0c1597fd7d","Alfapar 7.21","1"
"6a6e4dbe46feabf3642b5483","69db28252b56cc0c1597ff16","Alfapar Semi di lino 50ml.","1"
"6a6e4dbe46feabf3642b5486","69db27d12b56cc0c1597f84e","4x4 Desinfectante Antibacterial 250ml.","1"
"6a6e4dbe46feabf3642b5486","69db27f92b56cc0c1597fba1","Alfapar rigen shampoo 250 ml.","1"
"6a6e4dbe46feabf3642b5486","69db28112b56cc0c1597fd7d","Alfapar 7.21","1"
"6a6e4dbe46feabf3642b5486","69db27d02b56cc0c1597f82b","4X4 Combo pow 5 pz.","1"
"6a6e4dbe46feabf3642b5497","69db28042b56cc0c1597fc81","Alfapar 4NI","1"
"6a6e4dbe46feabf3642b5497","69db28312b56cc0c1598002d","Andis Cool Care Plus","1"
"6a6e4dbe46feabf3642b5497","69db27d22b56cc0c1597f85e","4X4 Exfoliante facial","1"
"6a6e4dbe46feabf3642b5497","69db27d92b56cc0c1597f8e7","4x4 papel cuello blanco rollo","1"
"6a6e4dbe46feabf3642b549c","69db27e32b56cc0c1597f9c6","Aceite Para Cuticula Touche Frambuesa","1"
"6a6e4dbe46feabf3642b549c","69db27d02b56cc0c1597f832","4x4 Cuchilla Platino trimer DLC","1"
"6a6e4dbe46feabf3642b549c","69db27ea2b56cc0c1597fa64","Adhesivo J.Denis Transparente con keratina","1"
"6a6e4dbe46feabf3642b549c","69db27ca2b56cc0c1597f7b9","4x4 Pomada azul 100g","1"
"6a6e4dbe46feabf3642b54ae","69db28252b56cc0c1597ff16","Alfapar Semi di lino 50ml.","1"
"6a6e4dbe46feabf3642b54ae","69db282e2b56cc0c1597ffe6","Ampolletas Hidraforce - Gegenerex","1"
"6a6e4dbe46feabf3642b54ae","69db282c2b56cc0c1597ffb6","Amor pinza pestañas","1"
"6a6e4dbe46feabf3642b54b2","69db27c92b56cc0c1597f799","4x4 maquina inalambrico plastico G oferta de 4 pz.","1"
"6a6e4dbe46feabf3642b54b2","69db28272b56cc0c1597ff4b","Alicate Alaska Pedicure","1"
"6a6e4dbe46feabf3642b54b2","69db27da2b56cc0c1597f90a","4x4 Polvo Volumizador Seco Negro","1"
"6a6e4dbe46feabf3642b54b2","69db27da2b56cc0c1597f8fc","4x4 Pasta Dorada 100g.","1"
"6a6e4dbe46feabf3642b54b7","69db28172b56cc0c1597fdf4","Alfapar 8.01","1"
"6a6e4dbe46feabf3642b54ff","69db27ca2b56cc0c1597f7b9","4x4 Pomada azul 100g","1"
"6a6e4dbe46feabf3642b551b","69db27d42b56cc0c1597f88f","4x4 Goma 280ml.","1"
"6a6e4dbe46feabf3642b551b","69db28322b56cc0c15980036","Andis Cuchilla Mini","1"
"6a6e4dbe46feabf3642b551e","69db27dd2b56cc0c1597f949","4x4 shampoo cbd minoxidi 500ml.","1"
"6a6e4dbe46feabf3642b551e","69db27fc2b56cc0c1597fbd2","Alfapar 02","1"
"6a6e4dbe46feabf3642b551e","69db27e02b56cc0c1597f987","aashta tijera ps154","1"
"6a6e4dbe46feabf3642b554b","69db28292b56cc0c1597ff6f","Alicate Gc Medium","1"
"6a6e4dbe46feabf3642b554d","69db28272b56cc0c1597ff44","Alicate Alaska Manicure","1"
"6a6e4dbe46feabf3642b5559","69db280b2b56cc0c1597fcff","Alfapar 6.1","1"
"6a6e4dbe46feabf3642b5559","69db28082b56cc0c1597fcc0","Alfapar 5.6","1"
"6a6e4dbe46feabf3642b5559","69db28092b56cc0c1597fcce","Alfapar 5.65","1"
"6a6e4dbe46feabf3642b555d","69db282f2b56cc0c1597fff1","Ampolletas Revive Bifasica","1"
"6a6e4dbe46feabf3642b555d","69db27fa2b56cc0c1597fbaf","Alfapar shampoo Rigen Dañado 250g.","1"
"6a6e4dbe46feabf3642b555d","69db27eb2b56cc0c1597fa6b","adhesivo latex para rulos o pads liftin j denis","1"
"6a6e4dbe46feabf3642b555d","69db281c2b56cc0c1597fe5d","Alfapar 9.1","1"
"6a6e4dbe46feabf3642b5565","69db27ed2b56cc0c1597fa99","Adhesivo Para Rulos frasquito chico blanco","1"
"6a6e4dbe46feabf3642b556f","69db27d82b56cc0c1597f8d2","4x4 navaja platinum","1"
"6a6e4dbe46feabf3642b556f","69db27e02b56cc0c1597f987","aashta tijera ps154","1"
"6a6e4dbe46feabf3642b5580","69db27f82b56cc0c1597fb7e","Alfaparf 8.221","1"
"6a6e4dbe46feabf3642b5580","69db27f62b56cc0c1597fb62","alfapar Real Rigen mascar. dañado 500g.","1"
"6a6e4dbe46feabf3642b558b","69db27e12b56cc0c1597f995","Aashta tijeras negro no. 7","1"
"6a6e4dbe46feabf3642b558b","69db27fc2b56cc0c1597fbcb","alfapar 013","1"
"6a6e4dbe46feabf3642b558b","69db27e72b56cc0c1597fa18","acrílico cristal organic 50 gramos 1.76 oz","1"
"6a6e4dbe46feabf3642b5594","69db28162b56cc0c1597fddf","Alfapar 7NB","1"
"6a6e4dbe46feabf3642b5594","69db28142b56cc0c1597fdb5","Alfapar 7.45","1"
"6a6e4dbe46feabf3642b5594","69db27eb2b56cc0c1597fa79","adhesivo para pads color blanco tapa dorada j denis","1"
"6a6e4dbe46feabf3642b5598","69db28322b56cc0c15980036","Andis Cuchilla Mini","1"
"6a6e4dbe46feabf3642b5598","69db280e2b56cc0c1597fd37","Alfapar 6.53","1"
"6a6e4dbe46feabf3642b5598","69db28022b56cc0c1597fc50","Alfapar 3","1"
"6a6e4dbe46feabf3642b559e","69db27d32b56cc0c1597f87a","4X4 Gel Cubre Cana 315gr.","1"
"6a6e4dbe46feabf3642b559e","69db27dc2b56cc0c1597f926","4x4 Pomada Gris 100ml.","1"
"6a6e4dbe46feabf3642b559e","69db27ca2b56cc0c1597f7b0","4x4 papel cuello blanco de 5 pz.","1"
"6a6e4dbe46feabf3642b55b2","69db27fc2b56cc0c1597fbd9","Alfapar 03","1"
"6a6e4dbe46feabf3642b55b2","69db281f2b56cc0c1597fe98","Alfapar ampoll. anti caida","1"
"6a6e4dbe46feabf3642b55b2","69db28012b56cc0c1597fc42","Alfapar 11.32","1"
"6a6e4dbe46feabf3642b55b2","69db27c92b56cc0c1597f7a0","4x4 minoxidil","1"
"6a6e4dbe46feabf3642b55e0","69db282f2b56cc0c1597fff1","Ampolletas Revive Bifasica","1"
"6a6e4dbe46feabf3642b55e0","69db28262b56cc0c1597ff2b","Alfaparf Shampoo Plex 250g.","1"
"6a6e4dbe46feabf3642b55ef","69db27e92b56cc0c1597fa4b","Adesivo para extenciones Pestañas","1"
"6a6e4dbe46feabf3642b55ef","69db27d02b56cc0c1597f839","4x4 Cuchilla DLC","1"
"6a6e4dbe46feabf3642b55ef","69db27d32b56cc0c1597f87a","4X4 Gel Cubre Cana 315gr.","1"
"6a6e4dbe46feabf3642b55f8","69db282e2b56cc0c1597ffdb","Ampolletas Alfaparf Semi Di Lino Shine Lotion (Lila)","1"
"6a6e4dbe46feabf3642b55f8","69db27da2b56cc0c1597f903","4x4 Pasta Dorada 200g.","1"
"6a6e4dbe46feabf3642b55f8","69db27f82b56cc0c1597fb7e","Alfaparf 8.221","1"
"6a6e4dbe46feabf3642b55fc","69db27c72b56cc0c1597f780","4x4 aceite para barba","1"
"6a6e4dbe46feabf3642b55fc","69db27fe2b56cc0c1597fbfc","Alfapar 10.21","1"
"6a6e4dbe46feabf3642b55fc","69db280c2b56cc0c1597fd1b","Alfapar 6.35","1"
"6a6e4dbe46feabf3642b55fc","69db28032b56cc0c1597fc6c","Alfapar 4.65","1"
"6a6e4dbe46feabf3642b560b","69db28062b56cc0c1597fc9d","Alfapar 5.3","1"
"6a6e4dbe46feabf3642b5615","69db27d62b56cc0c1597f8ab","4x4 Maquina platino 10000 RPM","1"
"6a6e4dbe46feabf3642b5620","69db28092b56cc0c1597fcd5","Alfapar 5.66I","1"
"6a6e4dbe46feabf3642b5620","69db281e2b56cc0c1597fe91","Alfapar 9NI","1"
"6a6e4dbe46feabf3642b5620","69db27eb2b56cc0c1597fa79","adhesivo para pads color blanco tapa dorada j denis","1"
"6a6e4dbe46feabf3642b5645","69db27fc2b56cc0c1597fbd9","Alfapar 03","1"
"6a6e4dbe46feabf3642b5645","69db280e2b56cc0c1597fd3e","Alfapar 6.6","1"
"6a6e4dbe46feabf3642b5648","69db27eb2b56cc0c1597fa72","adhesivo libre de latex","1"
"6a6e4dbe46feabf3642b5666","69db28312b56cc0c1598002d","Andis Cool Care Plus","1"
"6a6e4dbe46feabf3642b5666","69db27d82b56cc0c1597f8d9","4x4 oferta cera pasta y pomada 3pz.","1"
"6a6e4dbe46feabf3642b56a1","69db28012b56cc0c1597fc2d","Alfapar 11.13","1"
"6a6e4dbe46feabf3642b56a1","69db282a2b56cc0c1597ff85","Alicate Lobo1330-00","1"
"6a6e4dbe46feabf3642b56a1","69db28182b56cc0c1597fe02","Alfapar 8.13","1"
"6a6e4dbe46feabf3642b56a7","69db28202b56cc0c1597febb","Alfapar Keratin Therapy lisse Oil 50ml.","1"
"6a6e4dbe46feabf3642b56a7","69db28122b56cc0c1597fd8b","Alfapar 7.31","1"
"6a6e4dbe46feabf3642b56a7","69db27f32b56cc0c1597fb10","Alaska Bisturi AK-02-0019","1"
"6a6e4dbe46feabf3642b56a7","69db28022b56cc0c1597fc57","Alfapar 4","1"
"6a6e4dbe46feabf3642b56c3","69db281d2b56cc0c1597fe79","Alfapar 9.3","1"
"6a6e4dbe46feabf3642b56c3","69db27f12b56cc0c1597faf7","Alain silver shampoo","1"
"6a6e4dbe46feabf3642b56c3","69db27f82b56cc0c1597fb8c","Alfapar 9.423","1"
"6a6e4dbe46feabf3642b56cc","69db28232b56cc0c1597fefa","Alfapar Oxido 40 vol. 1000ml.","1"
"6a6e4dbe46feabf3642b56cc","69db27f42b56cc0c1597fb29","Alexander style porta navaja","1"
"6a6e4dbe46feabf3642b56cc","69db28112b56cc0c1597fd6f","Alfapar 7.1","1"
"6a6e4dbe46feabf3642b56cc","69db27f92b56cc0c1597fb9a","Alfapar mask 200ml.","1"
"6a6e4dbe46feabf3642b56db","69db282f2b56cc0c1597fff1","Ampolletas Revive Bifasica","1"
"6a6e4dbe46feabf3642b56db","69db28032b56cc0c1597fc65","Alfapar 4.52","1"
"6a6e4dbe46feabf3642b56db","69db27f42b56cc0c1597fb29","Alexander style porta navaja","1"
"6a6e4dbe46feabf3642b56e8","69db28232b56cc0c1597fefa","Alfapar Oxido 40 vol. 1000ml.","1"
"6a6e4dbe46feabf3642b56e8","69db28312b56cc0c1598002d","Andis Cool Care Plus","1"
"6a6e4dbe46feabf3642b56e8","69db28232b56cc0c1597fef3","Alfapar Oxido 30 vol. 1000ml.","1"
"6a6e4dbe46feabf3642b56ec","69db28262b56cc0c1597ff2b","Alfaparf Shampoo Plex 250g.","1"
"6a6e4dbe46feabf3642b56f3","69db28212b56cc0c1597fed0","Alfapar mask. keratin therapy","1"
"6a6e4dbe46feabf3642b56f3","69db27ef2b56cc0c1597fac5","Agoja para rayos","1"
"6a6e4dbe46feabf3642b56f6","69db27e02b56cc0c1597f987","aashta tijera ps154","1"
"6a6e4dbe46feabf3642b56f6","69db28212b56cc0c1597fec9","Alfapar Maschera Plex 150g.","1"
"6a6e4dbe46feabf3642b56f6","69db27fa2b56cc0c1597fba8","Alfapar Semidelino nutritivo shampoo 250 ml.","1"
"6a6e4dbe46feabf3642b56fa","69db27ff2b56cc0c1597fc11","Alfapar 10NB","1"
"6a6e4dbe46feabf3642b56fa","69db280b2b56cc0c1597fd06","Alfapar 6.23","1"
"6a6e4dbe46feabf3642b56fa","69db27ec2b56cc0c1597fa80","adhesivo para pads color blanco  trasparente j denis","1"
"6a6e4dbe46feabf3642b56fe","69db27d12b56cc0c1597f847","4x4 Cuchilla Trimer","1"
"6a6e4dbe46feabf3642b5700","69db27d42b56cc0c1597f88f","4x4 Goma 280ml.","1"
"6a6e4dbe46feabf3642b5700","69db28162b56cc0c1597fddf","Alfapar 7NB","1"
"6a6e4dbe46feabf3642b5700","69db281d2b56cc0c1597fe72","Alfapar 9.21","1"
"6a6e4dbe46feabf3642b5704","69db27df2b56cc0c1597f965","4x4 Talco Ultra Fino","1"
"6a6e4dbe46feabf3642b5704","69db27cd2b56cc0c1597f801","4x4 cera gel kg.","1"
"6a6e4dbe46feabf3642b5707","69db28272b56cc0c1597ff4b","Alicate Alaska Pedicure","1"
"6a6e4dbe46feabf3642b5707","69db28012b56cc0c1597fc2d","Alfapar 11.13","1"
"6a6e4dbe46feabf3642b5707","69db28312b56cc0c1598001f","Andis","1"
"6a6e4dbe46feabf3642b5707","69db27d22b56cc0c1597f85e","4X4 Exfoliante facial","1"
"6a6e4dbe46feabf3642b5719","69db280f2b56cc0c1597fd4c","Alfapar 6.7","1"
"6a6e4dbe46feabf3642b5719","69db27df2b56cc0c1597f970","Aashta clip metalico o sojetador","1"
"6a6e4dbe46feabf3642b5719","69db27d12b56cc0c1597f840","4X4 Cuchilla Normal","1"
"6a6e4dbe46feabf3642b5719","69db282e2b56cc0c1597ffe6","Ampolletas Hidraforce - Gegenerex","1"
"6a6e4dbe46feabf3642b5722","69db281e2b56cc0c1597fe83","Alfapar 9.31","1"
"6a6e4dbe46feabf3642b5722","69db27cc2b56cc0c1597f7dc","4X4 Aftershave Power Gold 400ml.","1"
"6a6e4dbe46feabf3642b5725","69db27e22b56cc0c1597f9b2","Aceite De Hueso De Mamey Para Pestañas.","1"
"6a6e4dbe46feabf3642b5725","69db28102b56cc0c1597fd5a","Alfapar 6NI","1"
"6a6e4dbe46feabf3642b5725","69db27d42b56cc0c1597f88f","4x4 Goma 280ml.","1"
"6a6e4dbe46feabf3642b5729","69db27f92b56cc0c1597fb9a","Alfapar mask 200ml.","1"
"6a6e4dbe46feabf3642b5729","69db27d42b56cc0c1597f881","4x4 Gel Para Afeitar Citrico 485ml.","1"
"6a6e4dbe46feabf3642b5729","69db281e2b56cc0c1597fe83","Alfapar 9.31","1"
"6a6e4dbe46feabf3642b5729","69db28032b56cc0c1597fc5e","Alfapar 4.32","1"
"6a6e4dbe46feabf3642b572e","69db27e72b56cc0c1597fa18","acrílico cristal organic 50 gramos 1.76 oz","1"
"6a6e4dbe46feabf3642b572e","69db280f2b56cc0c1597fd53","Alfapar 6NB","1"
"6a6e4dbe46feabf3642b572e","69db27fc2b56cc0c1597fbcb","alfapar 013","1"
"6a6e4dbe46feabf3642b573e","69db27e12b56cc0c1597f995","Aashta tijeras negro no. 7","1"
"6a6e4dbe46feabf3642b573e","69db28222b56cc0c1597fede","Alfapar Olio Plex 100ml","1"
"6a6e4dbe46feabf3642b573e","69db280b2b56cc0c1597fcf8","Alfapar 6.01","1"
"6a6e4dbe46feabf3642b5745","69db28102b56cc0c1597fd5a","Alfapar 6NI","1"
"6a6e4dbe46feabf3642b5752","69db281f2b56cc0c1597fe9f","Alfapar benvoleo olio nutritivo 100ml.","1"
"6a6e4dbe46feabf3642b5752","69db28062b56cc0c1597fc9d","Alfapar 5.3","1"
"6a6e4dbe46feabf3642b5752","69db27f72b56cc0c1597fb77","Alfaparf 11.02","1"
"6a6e4dbe46feabf3642b5752","69db280b2b56cc0c1597fcf8","Alfapar 6.01","1"
"6a6e4dbe46feabf3642b5759","69db27ec2b56cc0c1597fa80","adhesivo para pads color blanco  trasparente j denis","1"
"6a6e4dbe46feabf3642b5759","69db27d02b56cc0c1597f82b","4X4 Combo pow 5 pz.","1"
"6a6e4dbe46feabf3642b5769","69db28212b56cc0c1597fed0","Alfapar mask. keratin therapy","1"
"6a6e4dbe46feabf3642b5782","69db27cd2b56cc0c1597f7f3","4x4 Balsamo Negro Liquido","1"
"6a6e4dbe46feabf3642b5782","69db281f2b56cc0c1597fea6","Alfapar Brocha y cio para tinte","1"
"6a6e4dbe46feabf3642b5788","69db282f2b56cc0c1597fff8","Ampolletas Revive Cationica","1"
"6a6e4dbe46feabf3642b578f","69db281d2b56cc0c1597fe79","Alfapar 9.3","1"
"6a6e4dbe46feabf3642b578f","69db28302b56cc0c1598000d","Ampolletas Revive Teñido","1"
"6a6e4dbe46feabf3642b578f","69db27cb2b56cc0c1597f7c7","4x4 Aftershave Amarillo 400ml.","1"
"6a6e4dbe46feabf3642b5797","69db27ed2b56cc0c1597fa99","Adhesivo Para Rulos frasquito chico blanco","1"
"6a6e4dbe46feabf3642b5797","69db28122b56cc0c1597fd92","Alfapar 7.32","1"
"6a6e4dbe46feabf3642b5797","69db281c2b56cc0c1597fe5d","Alfapar 9.1","1"
"6a6e4dbe46feabf3642b579b","69db27c92b56cc0c1597f7a0","4x4 minoxidil","1"
"6a6e4dbe46feabf3642b57b3","69db28012b56cc0c1597fc2d","Alfapar 11.13","1"
"6a6e4dbe46feabf3642b57b3","69db28092b56cc0c1597fcdc","Alfapar 5.7","1"
"6a6e4dbe46feabf3642b57b3","69db27d02b56cc0c1597f82b","4X4 Combo pow 5 pz.","1"
"6a6e4dbe46feabf3642b57ca","69db27f52b56cc0c1597fb42","Alfa keratin Therapia","1"
"6a6e4dbe46feabf3642b57ca","69db280b2b56cc0c1597fd06","Alfapar 6.23","1"
"6a6e4dbe46feabf3642b57ca","69db28042b56cc0c1597fc81","Alfapar 4NI","1"
"6a6e4dbe46feabf3642b57dd","69db27cb2b56cc0c1597f7ce","4x4 Aftershave King Blue 400ml","1"
"6a6e4dbe46feabf3642b57eb","69db27ef2b56cc0c1597face","Aguja Peina Facil 5pz. V/Colores","1"
"6a6e4dbe46feabf3642b57eb","69db27e52b56cc0c1597f9ec","Acetona Pura Mediana arys","1"
"6a6e4dbe46feabf3642b57eb","69db27de2b56cc0c1597f95e","4x4 Talco Invencible","1"
"6a6e4dbe46feabf3642b57ef","69db27cb2b56cc0c1597f7d5","4X4 Aftershave Power Green 400ml.","1"
"6a6e4dbe46feabf3642b57fc","69db27ee2b56cc0c1597fab5","Afaparf salone supreme mask","1"
"6a6e4dbe46feabf3642b57fc","69db28042b56cc0c1597fc81","Alfapar 4NI","1"
"6a6e4dbe46feabf3642b57fc","69db28032b56cc0c1597fc6c","Alfapar 4.65","1"
"6a6e4dbe46feabf3642b5804","69db280b2b56cc0c1597fcf8","Alfapar 6.01","1"
"6a6e4dbe46feabf3642b5804","69db28032b56cc0c1597fc65","Alfapar 4.52","1"
"6a6e4dbe46feabf3642b5804","69db27f82b56cc0c1597fb85","Alfapar 8.34","1"
"6a6e4dbe46feabf3642b5808","69db28272b56cc0c1597ff4b","Alicate Alaska Pedicure","1"
"6a6e4dbe46feabf3642b580a","69db27cc2b56cc0c1597f7ec","4x4 Balsamo Cubre Canas 100g.","1"
"6a6e4dbe46feabf3642b580a","69db27f32b56cc0c1597fb1e","Alaska Tijera Manicure","1"
"6a6e4dbe46feabf3642b580d","69db27e32b56cc0c1597f9c6","Aceite Para Cuticula Touche Frambuesa","1"
"6a6e4dbe46feabf3642b580d","69db27e92b56cc0c1597fa44","Activador para Gel en Frio Touche","1"
"6a6e4dbe46feabf3642b580d","69db28212b56cc0c1597fec2","Alfapar Keratin Therapy Shampoo 250ml.","1"
"6a6e4dbe46feabf3642b580d","69db27f52b56cc0c1597fb49","Alfa sobres de 30 pz","1"
"6a6e4dbe46feabf3642b5812","69db28292b56cc0c1597ff7a","Alicate Katya 1162-07","1"
"6a6e4dbe46feabf3642b5812","69db28142b56cc0c1597fdbc","Alfapar 7.53","1"
"6a6e4dbe46feabf3642b5812","69db27f12b56cc0c1597faf0","Alain Silver Hot Tratamiento Restauraurador","1"
"6a6e4dbe46feabf3642b5812","69db281d2b56cc0c1597fe6b","Alfapar 9.2","1"
"6a6e4dbe46feabf3642b584e","69db280a2b56cc0c1597fce3","Alfapar 5NB","1"
"6a6e4dbe46feabf3642b584e","69db28312b56cc0c1598002d","Andis Cool Care Plus","1"
"6a6e4dbe46feabf3642b5851","69db27d92b56cc0c1597f8ee","4x4 papel cuello negro un rollo","1"
"6a6e4dbe46feabf3642b5851","69db28292b56cc0c1597ff6f","Alicate Gc Medium","1"
"6a6e4dbe46feabf3642b5862","69db27cc2b56cc0c1597f7ec","4x4 Balsamo Cubre Canas 100g.","1"
"6a6e4dbe46feabf3642b5862","69db281e2b56cc0c1597fe83","Alfapar 9.31","1"
"6a6e4dbe46feabf3642b5862","69db27f42b56cc0c1597fb30","Alexander Style Tijera 7.5","1"
"6a6e4dbe46feabf3642b5862","69db28002b56cc0c1597fc26","Alfapar 11.11","1"
"6a6e4dbe46feabf3642b5897","69db28262b56cc0c1597ff3d","Algodón Alby","1"
"6a6e4dbe46feabf3642b5897","69db27e42b56cc0c1597f9d1","ACETONA ORGANIC 120 ML","1"
"6a6e4dbe46feabf3642b5897","69db27d72b56cc0c1597f8c0","4x4 Mascarilla Capilar Open Secret","1"
"6a6e4dbe46feabf3642b5897","69db27e62b56cc0c1597fa0a","acondicionador artesanal","1"
"6a6e4dbe46feabf3642b589e","69db282f2b56cc0c1597fff8","Ampolletas Revive Cationica","1"
"6a6e4dbe46feabf3642b589e","69db27ce2b56cc0c1597f816","4x4 Cera Rosa 200ml.","1"
"6a6e4dbe46feabf3642b589e","69db27fb2b56cc0c1597fbbd","Alfapar 000SSS","1"
"6a6e4dbe46feabf3642b589e","69db27df2b56cc0c1597f965","4x4 Talco Ultra Fino","1"
"6a6e4dbe46feabf3642b58a3","69db27fa2b56cc0c1597fbb6","Alfapar shampoo seco sin gas 150ml.","1"
"6a6e4dbe46feabf3642b58a3","69db28012b56cc0c1597fc3b","Alfapar 11.21","1"
"6a6e4dbe46feabf3642b58a3","69db27f62b56cc0c1597fb5b","Alfapar benvoleo shampoo seco sin gas 150 g","1"
"6a6e4dbe46feabf3642b58a3","69db28012b56cc0c1597fc42","Alfapar 11.32","1"
"6a6e4dbe46feabf3642b58a8","69db280b2b56cc0c1597fcf8","Alfapar 6.01","1"
"6a6e4dbe46feabf3642b58af","69db27dd2b56cc0c1597f949","4x4 shampoo cbd minoxidi 500ml.","1"
"6a6e4dbe46feabf3642b58af","69db27e22b56cc0c1597f9a7","Ablandador De Canas Waving","1"
"6a6e4dbe46feabf3642b58af","69db27fd2b56cc0c1597fbe7","Alfapar 1.11","1"
"6a6e4dbe46feabf3642b58af","69db27dc2b56cc0c1597f926","4x4 Pomada Gris 100ml.","1"
"6a6e4dbe46feabf3642b58b4","69db28312b56cc0c1598002d","Andis Cool Care Plus","1"
"6a6e4dbe46feabf3642b58b4","69db281d2b56cc0c1597fe79","Alfapar 9.3","1"
"6a6e4dbe46feabf3642b58ba","69db27cc2b56cc0c1597f7ec","4x4 Balsamo Cubre Canas 100g.","1"
"6a6e4dbe46feabf3642b58ba","69db281b2b56cc0c1597fe41","Alfapar 8NB","1"
"6a6e4dbe46feabf3642b58ba","69db27f42b56cc0c1597fb37","Alexander tijera","1"
"6a6e4dbe46feabf3642b58ba","69db281c2b56cc0c1597fe64","Alfapar 9.13","1"
"6a6e4dbe46feabf3642b58bf","69db28292b56cc0c1597ff6f","Alicate Gc Medium","1"
"6a6e4dbe46feabf3642b58bf","69db27e22b56cc0c1597f9a7","Ablandador De Canas Waving","1"
"6a6e4dbe46feabf3642b58bf","69db28152b56cc0c1597fdca","Alfapar 7.62","1"
"6a6e4dbe46feabf3642b58ce","69db28002b56cc0c1597fc26","Alfapar 11.11","1"
"6a6e4dbe46feabf3642b58ce","69db27ea2b56cc0c1597fa64","Adhesivo J.Denis Transparente con keratina","1"
"6a6e4dbe46feabf3642b58ce","69db27ea2b56cc0c1597fa56","Adhesivo J.Denis Para Rulos/Pestañas.","1"
"6a6e4dbe46feabf3642b58d7","69db27f02b56cc0c1597fad5","Aguja Peina Facil Grande 5pz.","1"
"6a6e4dbe46feabf3642b58d7","69db282c2b56cc0c1597ffb6","Amor pinza pestañas","1"
"6a6e4dbe46feabf3642b58e5","69db27d52b56cc0c1597f8a4","4X4 Maquina inalambrica clipper heavy duty metalica G.","1"
"6a6e4dbe46feabf3642b58e5","69db28072b56cc0c1597fca4","Alfapar 5.32","1"
"6a6e4dbe46feabf3642b58f5","69db280e2b56cc0c1597fd3e","Alfapar 6.6","1"
"6a6e4dbe46feabf3642b58fc","69db27d82b56cc0c1597f8d9","4x4 oferta cera pasta y pomada 3pz.","1"
"6a6e4dbe46feabf3642b58fe","69db28302b56cc0c15980006","Ampolletas Revive Pre-Perm","1"
"6a6e4dbe46feabf3642b58fe","69db27dc2b56cc0c1597f92d","4x4 Pomada Gris 200ml.","1"
"6a6e4dbe46feabf3642b5922","69db27ea2b56cc0c1597fa5d","Adhesivo J.Denis Oscuro con keratina","1"
"6a6e4dbe46feabf3642b5926","69db28102b56cc0c1597fd5a","Alfapar 6NI","1"
"6a6e4dbe46feabf3642b5926","69db281c2b56cc0c1597fe64","Alfapar 9.13","1"
"6a6e4dbe46feabf3642b5926","69db27e52b56cc0c1597f9ec","Acetona Pura Mediana arys","1"
"6a6e4dbe46feabf3642b592f","69db28102b56cc0c1597fd68","Alfapar 7.01","1"
"6a6e4dbe46feabf3642b592f","69db27ce2b56cc0c1597f808","4x4 Cera Gel 280g.","1"
"6a6e4dbe46feabf3642b592f","69db28092b56cc0c1597fcd5","Alfapar 5.66I","1"
"6a6e4dbe46feabf3642b5940","69db282b2b56cc0c1597ffa2","Aluminio Profesional Mopi","1"
"6a6e4dbe46feabf3642b5940","69db27e52b56cc0c1597f9fa","Acetona quinta esmalte 98(60 ml)","1"
"6a6e4dbe46feabf3642b594a","69db28112b56cc0c1597fd7d","Alfapar 7.21","1"
"6a6e4dbe46feabf3642b594a","69db28152b56cc0c1597fdd1","Alfapar 7.66I","1"
"6a6e4dbe46feabf3642b594a","69db282d2b56cc0c1597ffd4","Ampolletas Alfaparf Semi Di Lino Essential Oil (Azul)","1"
"6a6e4dbe46feabf3642b5960","69db27f62b56cc0c1597fb62","alfapar Real Rigen mascar. dañado 500g.","1"
"6a6e4dbe46feabf3642b5960","69db27fa2b56cc0c1597fbb6","Alfapar shampoo seco sin gas 150ml.","1"
"6a6e4dbe46feabf3642b5960","69db28022b56cc0c1597fc49","Alfapar 2","1"
"6a6e4dbe46feabf3642b5960","69db27eb2b56cc0c1597fa72","adhesivo libre de latex","1"
"6a6e4dbe46feabf3642b5969","69db28182b56cc0c1597fe10","Alfapar 8.23","1"
"6a6e4dbe46feabf3642b5969","69db27d22b56cc0c1597f865","4x4 gel afeitar 955kg. blanco","1"
"6a6e4dbe46feabf3642b5969","69db280f2b56cc0c1597fd45","Alfapar 6.66I","1"
"6a6e4dbe46feabf3642b5973","69db28102b56cc0c1597fd61","Alfapar 7","1"
"6a6e4dbe46feabf3642b5975","69db27ca2b56cc0c1597f7b9","4x4 Pomada azul 100g","1"
"6a6e4dbe46feabf3642b5977","69db27f12b56cc0c1597faf7","Alain silver shampoo","1"
"6a6e4dbe46feabf3642b597b","69db282b2b56cc0c1597ffad","Amor us sponge","1"
"6a6e4dbe46feabf3642b597b","69db28022b56cc0c1597fc49","Alfapar 2","1"
"6a6e4dbe46feabf3642b5986","69db27cc2b56cc0c1597f7dc","4X4 Aftershave Power Gold 400ml.","1"
"6a6e4dbe46feabf3642b5986","69db281f2b56cc0c1597fe9f","Alfapar benvoleo olio nutritivo 100ml.","1"
"6a6e4dbe46feabf3642b598b","69db27f62b56cc0c1597fb62","alfapar Real Rigen mascar. dañado 500g.","1"
"6a6e4dbe46feabf3642b598b","69db282a2b56cc0c1597ff85","Alicate Lobo1330-00","1"
"6a6e4dbe46feabf3642b59a0","69db27fc2b56cc0c1597fbd9","Alfapar 03","1"
"6a6e4dbe46feabf3642b59a0","69db281b2b56cc0c1597fe48","Alfapar 8NI","1"
"6a6e4dbe46feabf3642b59a0","69db27e42b56cc0c1597f9e5","Acetona Pura Chica (frasco hidra)","1"
"6a6e4dbe46feabf3642b59bc","69db27d82b56cc0c1597f8d9","4x4 oferta cera pasta y pomada 3pz.","1"
"6a6e4dbe46feabf3642b59c1","69db27e12b56cc0c1597f995","Aashta tijeras negro no. 7","1"
"6a6e4dbe46feabf3642b59c1","69db28212b56cc0c1597fec9","Alfapar Maschera Plex 150g.","1"
"6a6e4dbe46feabf3642b59c1","69db27e82b56cc0c1597fa34","Acrílicos De Colores Touche diamonds","1"
"6a6e4dbe46feabf3642b59c1","69db27ee2b56cc0c1597fab5","Afaparf salone supreme mask","1"
"6a6e4dbe46feabf3642b59e7","69db28192b56cc0c1597fe25","Alfapar 8.32","1"
"6a6e4dbe46feabf3642b59fc","69db27f82b56cc0c1597fb85","Alfapar 8.34","1"
"6a6e4dbe46feabf3642b59fc","69db280e2b56cc0c1597fd3e","Alfapar 6.6","1"
"6a6e4dbe46feabf3642b59fc","69db27e82b56cc0c1597fa2d","Acrílico Eteri Organic","1"
"6a6e4dbe46feabf3642b59fc","69db27fc2b56cc0c1597fbd9","Alfapar 03","1"
"6a6e4dbe46feabf3642b5a01","69db27f82b56cc0c1597fb85","Alfapar 8.34","1"
"6a6e4dbe46feabf3642b5a01","69db27ec2b56cc0c1597fa80","adhesivo para pads color blanco  trasparente j denis","1"
"6a6e4dbe46feabf3642b5a04","69db28222b56cc0c1597fed7","Alfapar nutritivo Mask","1"
"6a6e4dbe46feabf3642b5a04","69db28042b56cc0c1597fc7a","Alfapar 4NB","1"
"6a6e4dbe46feabf3642b5a04","69db28262b56cc0c1597ff34","Alfaparf spray porificante 100ml.","1"
"6a6e4dbe46feabf3642b5a04","69db27eb2b56cc0c1597fa72","adhesivo libre de latex","1"
"6a6e4dbe46feabf3642b5a0c","69db27e52b56cc0c1597f9f3","Acetona Pura Touche 980ml","1"
"6a6e4dbe46feabf3642b5a0c","69db27dc2b56cc0c1597f92d","4x4 Pomada Gris 200ml.","1"
"6a6e4dbe46feabf3642b5a0c","69db280d2b56cc0c1597fd29","Alfapar 6.45","1"
"6a6e4dbe46feabf3642b5a1e","69db27eb2b56cc0c1597fa79","adhesivo para pads color blanco tapa dorada j denis","1"
"6a6e4dbe46feabf3642b5a1e","69db281e2b56cc0c1597fe83","Alfapar 9.31","1"
"6a6e4dbe46feabf3642b5a1e","69db280c2b56cc0c1597fd14","Alfapar 6.32","1"
"6a6e4dbe46feabf3642b5a3a","69db27c92b56cc0c1597f799","4x4 maquina inalambrico plastico G oferta de 4 pz.","1"
"6a6e4dbe46feabf3642b5a3a","69db27f02b56cc0c1597fad5","Aguja Peina Facil Grande 5pz.","1"
"6a6e4dbe46feabf3642b5a3a","69db28102b56cc0c1597fd61","Alfapar 7","1"
"6a6e4dbe46feabf3642b5a3a","69db27ea2b56cc0c1597fa56","Adhesivo J.Denis Para Rulos/Pestañas.","1"
"6a6e4dbe46feabf3642b5a4c","69db27ee2b56cc0c1597faae","Adhesivo Tubo Transparente J.D/10gramos","1"
"6a6e4dbe46feabf3642b5a4c","69db28122b56cc0c1597fd84","Alfapar 7.3","1"
"6a6e4dbe46feabf3642b5a4c","69db282b2b56cc0c1597ffad","Amor us sponge","1"
"6a6e4dbe46feabf3642b5a53","69db27fd2b56cc0c1597fbe0","Alfapar 1","1"
"6a6e4dbe46feabf3642b5a53","69db282d2b56cc0c1597ffcd","Ampolletas Alfaparf Midollo di Bamboo (Blanco)","1"
"6a6e4dbe46feabf3642b5a53","69db28212b56cc0c1597fec9","Alfapar Maschera Plex 150g.","1"
"6a6e4dbe46feabf3642b5a57","69db280b2b56cc0c1597fcff","Alfapar 6.1","1"
"6a6e4dbe46feabf3642b5a57","69db280a2b56cc0c1597fcea","Alfapar 5NI","1"
"6a6e4dbe46feabf3642b5a5e","69db28092b56cc0c1597fcce","Alfapar 5.65","1"
"6a6e4dbe46feabf3642b5a5e","69db27dc2b56cc0c1597f926","4x4 Pomada Gris 100ml.","1"
"6a6e4dbe46feabf3642b5a5e","69db280b2b56cc0c1597fd06","Alfapar 6.23","1"
"6a6e4dbe46feabf3642b5a5e","69db28282b56cc0c1597ff68","Alicate GC Large","1"
"6a6e4dbe46feabf3642b5a69","69db27dd2b56cc0c1597f93b","4x4 shampoo matiz negro 300ml.","1"
"6a6e4dbe46feabf3642b5a70","69db280f2b56cc0c1597fd53","Alfapar 6NB","1"
"6a6e4dbe46feabf3642b5a70","69db27f22b56cc0c1597fafe","Alain silver 30ml.","1"
"6a6e4dbe46feabf3642b5a70","69db27c92b56cc0c1597f7a0","4x4 minoxidil","1"
"6a6e4dbe46feabf3642b5a70","69db27ff2b56cc0c1597fc11","Alfapar 10NB","1"
"6a6e4dbe46feabf3642b5a75","69db27ec2b56cc0c1597fa8b","Adhesivo Para Pestañas Duo Oscuro","1"
"6a6e4dbe46feabf3642b5a7c","69db27f92b56cc0c1597fb9a","Alfapar mask 200ml.","1"
"6a6e4dbe46feabf3642b5a7c","69db27f42b56cc0c1597fb29","Alexander style porta navaja","1"
"6a6e4dbe46feabf3642b5a7c","69db27d92b56cc0c1597f8f5","4x4 papel cuello negro 5 pz","1"
"6a6e4dbe46feabf3642b5a7c","69db282e2b56cc0c1597ffe6","Ampolletas Hidraforce - Gegenerex","1"
"6a6e4dbe46feabf3642b5a81","69db27d52b56cc0c1597f896","4x4 guantes vinil nitrilo","1"
"6a6e4dbe46feabf3642b5a81","69db28272b56cc0c1597ff4b","Alicate Alaska Pedicure","1"
"6a6e4dbe46feabf3642b5a81","69db281c2b56cc0c1597fe5d","Alfapar 9.1","1"
"6a6e4dbe46feabf3642b5a81","69db282f2b56cc0c1597ffff","Ampolletas Revive Fortificante","1"
"6a6e4dbe46feabf3642b5a86","69db27ee2b56cc0c1597faa7","Adhesivo Tubo oscuro J.D/10gramos","1"
"6a6e4dbe46feabf3642b5a86","69db280b2b56cc0c1597fcff","Alfapar 6.1","1"
"6a6e4dbe46feabf3642b5a98","69db28252b56cc0c1597ff1d","Alfapar Semidelino shampoo 250ml.","1"
"6a6e4dbe46feabf3642b5a98","69db28092b56cc0c1597fcd5","Alfapar 5.66I","1"
"6a6e4dbe46feabf3642b5a98","69db27e52b56cc0c1597f9ec","Acetona Pura Mediana arys","1"
"6a6e4dbe46feabf3642b5a98","69db27f82b56cc0c1597fb8c","Alfapar 9.423","1"
"6a6e4dbe46feabf3642b5aa1","69db28322b56cc0c15980036","Andis Cuchilla Mini","1"
"6a6e4dbe46feabf3642b5aa1","69db27cb2b56cc0c1597f7d5","4X4 Aftershave Power Green 400ml.","1"
"6a6e4dbe46feabf3642b5aa1","69db28132b56cc0c1597fd99","Alfapar 7.34","1"
"6a6e4dbe46feabf3642b5aa1","69db28252b56cc0c1597ff16","Alfapar Semi di lino 50ml.","1"
"6a6e4dbe46feabf3642b5aaa","69db27c72b56cc0c1597f780","4x4 aceite para barba","1"
"6a6e4dbe46feabf3642b5acc","69db28032b56cc0c1597fc6c","Alfapar 4.65","1"
"6a6e4dbe46feabf3642b5acc","69db28012b56cc0c1597fc34","Alfapar 11.20","1"
"6a6e4dbe46feabf3642b5acc","69db27e42b56cc0c1597f9e5","Acetona Pura Chica (frasco hidra)","1"
"6a6e4dbe46feabf3642b5acc","69db282d2b56cc0c1597ffc6","Ampolletas Alfaparf Aceite Lenitivo","1"
"6a6e4dbe46feabf3642b5adc","69db28092b56cc0c1597fcdc","Alfapar 5.7","1"
"6a6e4dbe46feabf3642b5adc","69db28272b56cc0c1597ff52","Alicate Alaska Spa","1"
"6a6e4dbe46feabf3642b5adc","69db27cd2b56cc0c1597f7fa","4x4 Cera en Polvo Volumizador Amarillo","1"
"6a6e4dbe46feabf3642b5adc","69db27dd2b56cc0c1597f949","4x4 shampoo cbd minoxidi 500ml.","1"
"6a6e4dbe46feabf3642b5ae1","69db27f72b56cc0c1597fb77","Alfaparf 11.02","1"
"6a6e4dbe46feabf3642b5ae1","69db28112b56cc0c1597fd76","Alfapar 7.13","1"
"6a6e4dbe46feabf3642b5ae1","69db27ea2b56cc0c1597fa56","Adhesivo J.Denis Para Rulos/Pestañas.","1"
"6a6e4dbe46feabf3642b5af1","69db28302b56cc0c15980006","Ampolletas Revive Pre-Perm","1"
"6a6e4dbe46feabf3642b5afe","69db27d12b56cc0c1597f840","4X4 Cuchilla Normal","1"
"6a6e4dbe46feabf3642b5afe","69db27dc2b56cc0c1597f926","4x4 Pomada Gris 100ml.","1"
"6a6e4dbe46feabf3642b5afe","69db27eb2b56cc0c1597fa72","adhesivo libre de latex","1"
"6a6e4dbe46feabf3642b5b02","69db282b2b56cc0c1597ffa2","Aluminio Profesional Mopi","1"
"6a6e4dbe46feabf3642b5b16","69db281c2b56cc0c1597fe56","Alfapar 9.04","1"
"6a6e4dbe46feabf3642b5b16","69db27f42b56cc0c1597fb29","Alexander style porta navaja","1"
"6a6e4dbe46feabf3642b5b16","69db282a2b56cc0c1597ff90","Alkahzar agua de rosas","1"
"6a6e4dbe46feabf3642b5b16","69db28232b56cc0c1597feec","Alfapar Oxido 20vol. 1000ml.","1"
"6a6e4dbe46feabf3642b5b23","69db27e12b56cc0c1597f99c","aashta tijeras ps817","1"
"6a6e4dbe46feabf3642b5b23","69db28112b56cc0c1597fd6f","Alfapar 7.1","1"
"6a6e4dbe46feabf3642b5b28","69db28192b56cc0c1597fe25","Alfapar 8.32","1"
"6a6e4dbe46feabf3642b5b28","69db28302b56cc0c1598000d","Ampolletas Revive Teñido","1"
"6a6e4dbe46feabf3642b5b28","69db281f2b56cc0c1597fe9f","Alfapar benvoleo olio nutritivo 100ml.","1"
"6a6e4dbe46feabf3642b5b2c","69db28252b56cc0c1597ff24","Alfaparf shampoo cabello dañado 1 L.","1"
"6a6e4dbe46feabf3642b5b37","69db27f32b56cc0c1597fb17","Alaska Saca Comedones","1"
"6a6e4dbe46feabf3642b5b37","69db28272b56cc0c1597ff4b","Alicate Alaska Pedicure","1"
"6a6e4dbe46feabf3642b5b37","69db27ed2b56cc0c1597faa0","adhesivo supreme j denis para pestañas mink","1"
"6a6e4dbe46feabf3642b5b37","69db28012b56cc0c1597fc2d","Alfapar 11.13","1"
"6a6e4dbe46feabf3642b5b3c","69db28142b56cc0c1597fdbc","Alfapar 7.53","1"
"6a6e4dbe46feabf3642b5b3c","69db27ef2b56cc0c1597face","Aguja Peina Facil 5pz. V/Colores","1"
"6a6e4dbe46feabf3642b5b3c","69db280e2b56cc0c1597fd30","Alfapar 6.5","1"
"6a6e4dbe46feabf3642b5b53","69db27f92b56cc0c1597fb93","Alfapar keratin serum 125 ml","1"
"6a6e4dbe46feabf3642b5b53","69db27d12b56cc0c1597f84e","4x4 Desinfectante Antibacterial 250ml.","1"
"6a6e4dbe46feabf3642b5b66","69db28152b56cc0c1597fdca","Alfapar 7.62","1"
"6a6e4dbe46feabf3642b5b66","69db27eb2b56cc0c1597fa79","adhesivo para pads color blanco tapa dorada j denis","1"
"6a6e4dbe46feabf3642b5b66","69db28062b56cc0c1597fc9d","Alfapar 5.3","1"
"6a6e4dbe46feabf3642b5b66","69db28102b56cc0c1597fd61","Alfapar 7","1"
"6a6e4dbe46feabf3642b5b78","69db27f32b56cc0c1597fb17","Alaska Saca Comedones","1"
"6a6e4dbe46feabf3642b5b78","69db27ee2b56cc0c1597faae","Adhesivo Tubo Transparente J.D/10gramos","1"
"6a6e4dbe46feabf3642b5b78","69db27f72b56cc0c1597fb77","Alfaparf 11.02","1"
"6a6e4dbe46feabf3642b5b83","69db281b2b56cc0c1597fe4f","Alfapar 9","1"
"6a6e4dbe46feabf3642b5b83","69db27ff2b56cc0c1597fc11","Alfapar 10NB","1"
"6a6e4dbe46feabf3642b5b86","69db28052b56cc0c1597fc88","Alfapar 5","1"
"6a6e4dbe46feabf3642b5b86","69db27f42b56cc0c1597fb37","Alexander tijera","1"
"6a6e4dbe46feabf3642b5b86","69db282d2b56cc0c1597ffcd","Ampolletas Alfaparf Midollo di Bamboo (Blanco)","1"
"6a6e4dbe46feabf3642b5b86","69db27f92b56cc0c1597fb93","Alfapar keratin serum 125 ml","1"
"6a6e4dbe46feabf3642b5bb4","69db27fc2b56cc0c1597fbcb","alfapar 013","1"
"6a6e4dbe46feabf3642b5bbb","69db27d42b56cc0c1597f88f","4x4 Goma 280ml.","1"
"6a6e4dbe46feabf3642b5bbb","69db27e02b56cc0c1597f980","aashta ps -807","1"
"6a6e4dbe46feabf3642b5bbb","69db27f62b56cc0c1597fb62","alfapar Real Rigen mascar. dañado 500g.","1"
"6a6e4dbe46feabf3642b5bd7","69db28182b56cc0c1597fe02","Alfapar 8.13","1"
"6a6e4dbe46feabf3642b5bd7","69db28172b56cc0c1597fdfb","Alfapar 8.1","1"
"6a6e4dbe46feabf3642b5bd7","69db27c92b56cc0c1597f7a0","4x4 minoxidil","1"
"6a6e4dbe46feabf3642b5bd7","69db28072b56cc0c1597fca4","Alfapar 5.32","1"
"6a6e4dbe46feabf3642b5bdc","69db27ce2b56cc0c1597f816","4x4 Cera Rosa 200ml.","1"
"6a6e4dbe46feabf3642b5bde","69db282f2b56cc0c1597fff1","Ampolletas Revive Bifasica","1"
"6a6e4dbe46feabf3642b5bde","69db27ef2b56cc0c1597fabe","Afaparf oxido 10 vol. 1000ml.","1"
"6a6e4dbe46feabf3642b5be3","69db282d2b56cc0c1597ffd4","Ampolletas Alfaparf Semi Di Lino Essential Oil (Azul)","1"
"6a6e4dbe46feabf3642b5be3","69db27ce2b56cc0c1597f80f","4x4 Cera Rosa 100ml.","1"
"6a6e4dbe46feabf3642b5be3","69db28242b56cc0c1597ff01","Alfapar protector termico 200ml.","1"
"6a6e4dbe46feabf3642b5be3","69db27d52b56cc0c1597f89d","4x4 maquina de corte trimmer inalambrico metalica","1"
"6a6e4dbe46feabf3642b5bef","69db28222b56cc0c1597fed7","Alfapar nutritivo Mask","1"
"6a6e4dbe46feabf3642b5c00","69db280c2b56cc0c1597fd14","Alfapar 6.32","1"
"6a6e4dbe46feabf3642b5c00","69db280b2b56cc0c1597fcf8","Alfapar 6.01","1"
"6a6e4dbe46feabf3642b5c00","69db27dd2b56cc0c1597f93b","4x4 shampoo matiz negro 300ml.","1"
"6a6e4dbe46feabf3642b5c08","69db28002b56cc0c1597fc1f","Alfapar 11.10","1"
"6a6e4dbe46feabf3642b5c08","69db27ff2b56cc0c1597fc0a","Alfapar 10.31","1"
"6a6e4dbe46feabf3642b5c08","69db281b2b56cc0c1597fe41","Alfapar 8NB","1"
"6a6e4dbe46feabf3642b5c11","69db27eb2b56cc0c1597fa6b","adhesivo latex para rulos o pads liftin j denis","1"
"6a6e4dbe46feabf3642b5c11","69db27fa2b56cc0c1597fbaf","Alfapar shampoo Rigen Dañado 250g.","1"
"6a6e4dbe46feabf3642b5c11","69db27f42b56cc0c1597fb29","Alexander style porta navaja","1"
"6a6e4dbe46feabf3642b5c11","69db28202b56cc0c1597feb4","Alfapar keratin therapy lisse acondicionador 250ml.","1"
"6a6e4dbe46feabf3642b5c1b","69db28112b56cc0c1597fd7d","Alfapar 7.21","1"
"6a6e4dbe46feabf3642b5c1b","69db281f2b56cc0c1597fea6","Alfapar Brocha y cio para tinte","1"
"6a6e4dbe46feabf3642b5c26","69db28162b56cc0c1597fde6","Alfapar 7NI","1"
"6a6e4dbe46feabf3642b5c26","69db281a2b56cc0c1597fe33","Alfapar 8.43","1"
"6a6e4dbe46feabf3642b5c26","69db28012b56cc0c1597fc34","Alfapar 11.20","1"
"6a6e4dbe46feabf3642b5c3a","69db27f82b56cc0c1597fb7e","Alfaparf 8.221","1"
"6a6e4dbe46feabf3642b5c4f","69db28222b56cc0c1597fede","Alfapar Olio Plex 100ml","1"
"6a6e4dbe46feabf3642b5c66","69db28192b56cc0c1597fe25","Alfapar 8.32","1"
"6a6e4dbe46feabf3642b5c6c","69db27f62b56cc0c1597fb5b","Alfapar benvoleo shampoo seco sin gas 150 g","1"
"6a6e4dbe46feabf3642b5c6c","69db27d82b56cc0c1597f8d9","4x4 oferta cera pasta y pomada 3pz.","1"
"6a6e4dbe46feabf3642b5c6c","69db27cb2b56cc0c1597f7ce","4x4 Aftershave King Blue 400ml","1"
"6a6e4dbe46feabf3642b5c70","69db27ea2b56cc0c1597fa64","Adhesivo J.Denis Transparente con keratina","1"
"6a6e4dbe46feabf3642b5c70","69db282e2b56cc0c1597ffe6","Ampolletas Hidraforce - Gegenerex","1"
"6a6e4dbe46feabf3642b5c70","69db282a2b56cc0c1597ff90","Alkahzar agua de rosas","1"
"6a6e4dbe46feabf3642b5c70","69db27e42b56cc0c1597f9e5","Acetona Pura Chica (frasco hidra)","1"
"6a6e4dbe46feabf3642b5c7b","69db27cb2b56cc0c1597f7ce","4x4 Aftershave King Blue 400ml","1"
"6a6e4dbe46feabf3642b5c80","69db28042b56cc0c1597fc81","Alfapar 4NI","1"
"6a6e4dbe46feabf3642b5c80","69db28182b56cc0c1597fe09","Alfapar 8.21","1"
"6a6e4dbe46feabf3642b5c80","69db281d2b56cc0c1597fe79","Alfapar 9.3","1"
"6a6e4dbe46feabf3642b5c80","69db27d62b56cc0c1597f8b2","4X4 Maquina Platinum Clipper","1"
"6a6e4dbe46feabf3642b5c87","69db28132b56cc0c1597fd99","Alfapar 7.34","1"
"6a6e4dbe46feabf3642b5c87","69db27d72b56cc0c1597f8c9","4x4 matizante violeta","1"
"6a6e4dbe46feabf3642b5c8e","69db28142b56cc0c1597fdae","Alfapar 7.43","1"
"6a6e4dbe46feabf3642b5c9a","69db28232b56cc0c1597fefa","Alfapar Oxido 40 vol. 1000ml.","1"
"6a6e4dbe46feabf3642b5c9a","69db28172b56cc0c1597fdfb","Alfapar 8.1","1"
"6a6e4dbe46feabf3642b5c9a","69db281f2b56cc0c1597fe9f","Alfapar benvoleo olio nutritivo 100ml.","1"
"6a6e4dbe46feabf3642b5c9a","69db28192b56cc0c1597fe17","Alfapar 8.3","1"
"6a6e4dbe46feabf3642b5ca8","69db28012b56cc0c1597fc2d","Alfapar 11.13","1"
"6a6e4dbe46feabf3642b5ca8","69db28232b56cc0c1597fefa","Alfapar Oxido 40 vol. 1000ml.","1"
"6a6e4dbe46feabf3642b5ca8","69db28282b56cc0c1597ff68","Alicate GC Large","1"
"6a6e4dbe46feabf3642b5cb3","69db27dc2b56cc0c1597f934","4x4 Pomada Roja 200g","1"
"6a6e4dbe46feabf3642b5cb5","69db27f32b56cc0c1597fb17","Alaska Saca Comedones","1"
"6a6e4dbe46feabf3642b5cb5","69db28102b56cc0c1597fd5a","Alfapar 6NI","1"
"6a6e4dbe46feabf3642b5cb8","69db27ca2b56cc0c1597f7b0","4x4 papel cuello blanco de 5 pz.","1"
"6a6e4dbe46feabf3642b5cb8","69db27ea2b56cc0c1597fa64","Adhesivo J.Denis Transparente con keratina","1"
"6a6e4dbe46feabf3642b5cb8","69db28142b56cc0c1597fdb5","Alfapar 7.45","1"
"6a6e4dbe46feabf3642b5cbc","69db28182b56cc0c1597fe09","Alfapar 8.21","1"
"6a6e4dbe46feabf3642b5cbc","69db280f2b56cc0c1597fd4c","Alfapar 6.7","1"
"6a6e4dbe46feabf3642b5cbc","69db28002b56cc0c1597fc26","Alfapar 11.11","1"
"6a6e4dbe46feabf3642b5cbc","69db280f2b56cc0c1597fd53","Alfapar 6NB","1"
"6a6e4dbe46feabf3642b5cc6","69db280d2b56cc0c1597fd22","Alfapar 6.4","1"
"6a6e4dbe46feabf3642b5cc6","69db27ed2b56cc0c1597fa99","Adhesivo Para Rulos frasquito chico blanco","1"
"6a6e4dbe46feabf3642b5ccf","69db28192b56cc0c1597fe1e","Alfapar 8.31","1"
"6a6e4dbe46feabf3642b5ccf","69db27fe2b56cc0c1597fbfc","Alfapar 10.21","1"
"6a6e4dbe46feabf3642b5cd2","69db281b2b56cc0c1597fe41","Alfapar 8NB","1"
"6a6e4dbe46feabf3642b5cd2","69db28072b56cc0c1597fcb2","Alfapar 5.5","1"
"6a6e4dbe46feabf3642b5ced","69db27de2b56cc0c1597f950","4x4 shampoo cervesa azul","1"
"6a6e4dbe46feabf3642b5ced","69db27da2b56cc0c1597f903","4x4 Pasta Dorada 200g.","1"
"6a6e4dbe46feabf3642b5ced","69db280f2b56cc0c1597fd45","Alfapar 6.66I","1"
"6a6e4dbe46feabf3642b5cf1","69db27e52b56cc0c1597f9fa","Acetona quinta esmalte 98(60 ml)","1"
"6a6e4dbe46feabf3642b5cf1","69db280b2b56cc0c1597fcff","Alfapar 6.1","1"
"6a6e4dbe46feabf3642b5cf1","69db28172b56cc0c1597fdf4","Alfapar 8.01","1"
"6a6e4dbe46feabf3642b5cf1","69db27fc2b56cc0c1597fbd9","Alfapar 03","1"
"6a6e4dbe46feabf3642b5cf6","69db28182b56cc0c1597fe02","Alfapar 8.13","1"
"6a6e4dbe46feabf3642b5cf6","69db27f62b56cc0c1597fb52","Alfapaf 6.56","1"
"6a6e4dbe46feabf3642b5cfe","69db27ea2b56cc0c1597fa5d","Adhesivo J.Denis Oscuro con keratina","1"
"6a6e4dbe46feabf3642b5cfe","69db27de2b56cc0c1597f957","4x4 spray","1"
"6a6e4dbe46feabf3642b5d09","69db280c2b56cc0c1597fd1b","Alfapar 6.35","1"
"6a6e4dbe46feabf3642b5d17","69db280a2b56cc0c1597fcf1","Alfapar 6","1"
"6a6e4dbe46feabf3642b5d1f","69db282c2b56cc0c1597ffb6","Amor pinza pestañas","1"
"6a6e4dbe46feabf3642b5d1f","69db28172b56cc0c1597fdfb","Alfapar 8.1","1"
"6a6e4dbe46feabf3642b5d1f","69db28092b56cc0c1597fcce","Alfapar 5.65","1"
"6a6e4dbe46feabf3642b5d26","69db27de2b56cc0c1597f950","4x4 shampoo cervesa azul","1"
"6a6e4dbe46feabf3642b5d26","69db27ee2b56cc0c1597fab5","Afaparf salone supreme mask","1"
"6a6e4dbe46feabf3642b5d26","69db27d12b56cc0c1597f847","4x4 Cuchilla Trimer","1"
"6a6e4dbe46feabf3642b5d48","69db27d52b56cc0c1597f896","4x4 guantes vinil nitrilo","1"
"6a6e4dbe46feabf3642b5d48","69db27e02b56cc0c1597f980","aashta ps -807","1"
"6a6e4dbe46feabf3642b5d48","69db280c2b56cc0c1597fd14","Alfapar 6.32","1"
"6a6e4dbe46feabf3642b5d48","69db28002b56cc0c1597fc26","Alfapar 11.11","1"
"6a6e4dbe46feabf3642b5d4f","69db28252b56cc0c1597ff16","Alfapar Semi di lino 50ml.","1"
"6a6e4dbe46feabf3642b5d4f","69db28302b56cc0c15980006","Ampolletas Revive Pre-Perm","1"
"6a6e4dbe46feabf3642b5d52","69db280b2b56cc0c1597fcf8","Alfapar 6.01","1"
"6a6e4dbe46feabf3642b5d61","69db282d2b56cc0c1597ffd4","Ampolletas Alfaparf Semi Di Lino Essential Oil (Azul)","1"
"6a6e4dbe46feabf3642b5d61","69db27d92b56cc0c1597f8ee","4x4 papel cuello negro un rollo","1"
"6a6e4dbe46feabf3642b5d61","69db27c92b56cc0c1597f799","4x4 maquina inalambrico plastico G oferta de 4 pz.","1"
"6a6e4dbe46feabf3642b5d69","69db28192b56cc0c1597fe1e","Alfapar 8.31","1"
"6a6e4dbe46feabf3642b5d69","69db27e32b56cc0c1597f9bb","Aceite Fortalezador Argan/Mamey","1"
"6a6e4dbe46feabf3642b5d7b","69db28292b56cc0c1597ff7a","Alicate Katya 1162-07","1"
"6a6e4dbe46feabf3642b5d7b","69db27f32b56cc0c1597fb10","Alaska Bisturi AK-02-0019","1"
"6a6e4dbe46feabf3642b5d7b","69db27e02b56cc0c1597f979","aashta kit 2 pz.","1"
"6a6e4dbe46feabf3642b5d7b","69db28092b56cc0c1597fcce","Alfapar 5.65","1"
"6a6e4dbe46feabf3642b5d84","69db27e12b56cc0c1597f995","Aashta tijeras negro no. 7","1"
"6a6e4dbe46feabf3642b5d84","69db27e92b56cc0c1597fa44","Activador para Gel en Frio Touche","1"
"6a6e4dbe46feabf3642b5d84","69db28122b56cc0c1597fd8b","Alfapar 7.31","1"
"6a6e4dbe46feabf3642b5d84","69db280c2b56cc0c1597fd1b","Alfapar 6.35","1"
"6a6e4dbe46feabf3642b5d92","69db28232b56cc0c1597feec","Alfapar Oxido 20vol. 1000ml.","1"
"6a6e4dbe46feabf3642b5d92","69db28212b56cc0c1597fec2","Alfapar Keratin Therapy Shampoo 250ml.","1"
"6a6e4dbe46feabf3642b5d92","69db28062b56cc0c1597fc96","Alfapar 5.22","1"
"6a6e4dbe46feabf3642b5d96","69db28252b56cc0c1597ff16","Alfapar Semi di lino 50ml.","1"
"6a6e4dbe46feabf3642b5dae","69db27f92b56cc0c1597fb9a","Alfapar mask 200ml.","1"
"6a6e4dbe46feabf3642b5dae","69db28122b56cc0c1597fd92","Alfapar 7.32","1"
"6a6e4dbe46feabf3642b5db1","69db27e52b56cc0c1597f9fa","Acetona quinta esmalte 98(60 ml)","1"
"6a6e4dbe46feabf3642b5dbc","69db28312b56cc0c15980026","Andis slimline pro li","1"
"6a6e4dbe46feabf3642b5dbc","69db27ef2b56cc0c1597fac5","Agoja para rayos","1"
"6a6e4dbe46feabf3642b5dbf","69db28062b56cc0c1597fc96","Alfapar 5.22","1"
"6a6e4dbe46feabf3642b5dbf","69db27de2b56cc0c1597f957","4x4 spray","1"
"6a6e4dbe46feabf3642b5dbf","69db27e52b56cc0c1597f9f3","Acetona Pura Touche 980ml","1"
"6a6e4dbe46feabf3642b5dbf","69db27fa2b56cc0c1597fba8","Alfapar Semidelino nutritivo shampoo 250 ml.","1"
"6a6e4dbe46feabf3642b5dcf","69db282a2b56cc0c1597ff85","Alicate Lobo1330-00","1"
"6a6e4dbe46feabf3642b5dcf","69db27e02b56cc0c1597f980","aashta ps -807","1"
"6a6e4dbe46feabf3642b5dd6","69db28002b56cc0c1597fc18","Alfapar 11.00","1"
"6a6e4dbe46feabf3642b5dd6","69db28232b56cc0c1597feec","Alfapar Oxido 20vol. 1000ml.","1"
"6a6e4dbe46feabf3642b5ddd","69db27ce2b56cc0c1597f816","4x4 Cera Rosa 200ml.","1"
"6a6e4dbe46feabf3642b5ddd","69db28322b56cc0c15980036","Andis Cuchilla Mini","1"
"6a6e4dbe46feabf3642b5de0","69db28032b56cc0c1597fc5e","Alfapar 4.32","1"
"6a6e4dbe46feabf3642b5de0","69db27fc2b56cc0c1597fbd2","Alfapar 02","1"
"6a6e4dbe46feabf3642b5de8","69db27d82b56cc0c1597f8d2","4x4 navaja platinum","1"
"6a6e4dbe46feabf3642b5de8","69db27cf2b56cc0c1597f81d","4x4 Cera Telaraña 100ml.","1"
"6a6e4dbe46feabf3642b5de8","69db28092b56cc0c1597fcdc","Alfapar 5.7","1"
"6a6e4dbe46feabf3642b5df1","69db28222b56cc0c1597fed7","Alfapar nutritivo Mask","1"
"6a6e4dbe46feabf3642b5df1","69db28212b56cc0c1597fec9","Alfapar Maschera Plex 150g.","1"
"6a6e4dbe46feabf3642b5df1","69db281c2b56cc0c1597fe64","Alfapar 9.13","1"
"6a6e4dbe46feabf3642b5e03","69db27d82b56cc0c1597f8e0","4x4 Off-Road Crecimiento de Barba 60g.","1"
"6a6e4dbe46feabf3642b5e03","69db28182b56cc0c1597fe09","Alfapar 8.21","1"
"6a6e4dbe46feabf3642b5e03","69db27f92b56cc0c1597fb9a","Alfapar mask 200ml.","1"
"6a6e4dbe46feabf3642b5e03","69db27ea2b56cc0c1597fa5d","Adhesivo J.Denis Oscuro con keratina","1"
"6a6e4dbe46feabf3642b5e08","69db281d2b56cc0c1597fe72","Alfapar 9.21","1"
"6a6e4dbe46feabf3642b5e08","69db28172b56cc0c1597fdf4","Alfapar 8.01","1"
"6a6e4dbe46feabf3642b5e08","69db28162b56cc0c1597fdd8","Alfapar 7000","1"
"6a6e4dbe46feabf3642b5e08","69db280c2b56cc0c1597fd1b","Alfapar 6.35","1"
"6a6e4dbe46feabf3642b5e0d","69db28002b56cc0c1597fc26","Alfapar 11.11","1"
"6a6e4dbe46feabf3642b5e19","69db27ea2b56cc0c1597fa56","Adhesivo J.Denis Para Rulos/Pestañas.","1"
"6a6e4dbe46feabf3642b5e19","69db27f02b56cc0c1597fae0","Alain silver tratamiento","1"
"6a6e4dbe46feabf3642b5e19","69db28252b56cc0c1597ff1d","Alfapar Semidelino shampoo 250ml.","1"
"6a6e4dbe46feabf3642b5e23","69db27e42b56cc0c1597f9dc","acetona pura arys grande","1"
"6a6e4dbe46feabf3642b5e2a","69db280a2b56cc0c1597fce3","Alfapar 5NB","1"
"6a6e4dbe46feabf3642b5e2a","69db280a2b56cc0c1597fcf1","Alfapar 6","1"
"6a6e4dbe46feabf3642b5e2a","69db282c2b56cc0c1597ffb6","Amor pinza pestañas","1"
"6a6e4dbe46feabf3642b5e42","69db282b2b56cc0c1597ffa2","Aluminio Profesional Mopi","1"
"6a6e4dbe46feabf3642b5e4e","69db27e72b56cc0c1597fa18","acrílico cristal organic 50 gramos 1.76 oz","1"
"6a6e4dbe46feabf3642b5e4e","69db27cc2b56cc0c1597f7dc","4X4 Aftershave Power Gold 400ml.","1"
"6a6e4dbe46feabf3642b5e4e","69db28142b56cc0c1597fdb5","Alfapar 7.45","1"
"6a6e4dbe46feabf3642b5e4e","69db28172b56cc0c1597fded","Alfapar 8","1"
"6a6e4dbe46feabf3642b5e59","69db28022b56cc0c1597fc50","Alfapar 3","1"
"6a6e4dbe46feabf3642b5e59","69db28112b56cc0c1597fd76","Alfapar 7.13","1"
"6a6e4dbe46feabf3642b5e59","69db27cf2b56cc0c1597f824","4X4 Combo Maquina platinum Clipper/Trimmer","1"
"6a6e4dbe46feabf3642b5e59","69db28162b56cc0c1597fde6","Alfapar 7NI","1"
"6a6e4dbe46feabf3642b5e63","69db28112b56cc0c1597fd6f","Alfapar 7.1","1"
"6a6e4dbe46feabf3642b5e63","69db27eb2b56cc0c1597fa6b","adhesivo latex para rulos o pads liftin j denis","1"
"6a6e4dbe46feabf3642b5e63","69db280e2b56cc0c1597fd30","Alfapar 6.5","1"
"6a6e4dbe46feabf3642b5e6f","69db280e2b56cc0c1597fd37","Alfapar 6.53","1"
"6a6e4dbe46feabf3642b5e71","69db27e42b56cc0c1597f9dc","acetona pura arys grande","1"
"6a6e4dbe46feabf3642b5e71","69db28042b56cc0c1597fc73","Alfapar 4.66I","1"
"6a6e4dbe46feabf3642b5e71","69db28262b56cc0c1597ff2b","Alfaparf Shampoo Plex 250g.","1"
"6a6e4dbe46feabf3642b5e71","69db28242b56cc0c1597ff08","Alfapar Real Rigen k.","1"
"6a6e4dbe46feabf3642b5e79","69db27d22b56cc0c1597f865","4x4 gel afeitar 955kg. blanco","1"
"6a6e4dbe46feabf3642b5e79","69db27f12b56cc0c1597faf0","Alain Silver Hot Tratamiento Restauraurador","1"
"6a6e4dbe46feabf3642b5e79","69db27e62b56cc0c1597fa01","Acetona Touche 225ml.","1"
"6a6e4dbe46feabf3642b5e79","69db27d82b56cc0c1597f8d9","4x4 oferta cera pasta y pomada 3pz.","1"
"6a6e4dbe46feabf3642b5e80","69db27ed2b56cc0c1597fa99","Adhesivo Para Rulos frasquito chico blanco","1"
"6a6e4dbe46feabf3642b5e82","69db28112b56cc0c1597fd6f","Alfapar 7.1","1"
"6a6e4dbe46feabf3642b5e82","69db28092b56cc0c1597fcdc","Alfapar 5.7","1"
"6a6e4dbe46feabf3642b5e82","69db27d52b56cc0c1597f8a4","4X4 Maquina inalambrica clipper heavy duty metalica G.","1"
"6a6e4dbe46feabf3642b5e8a","69db27d62b56cc0c1597f8ab","4x4 Maquina platino 10000 RPM","1"
"6a6e4dbe46feabf3642b5e96","69db28092b56cc0c1597fcd5","Alfapar 5.66I","1"
"6a6e4dbe46feabf3642b5e96","69db28212b56cc0c1597fec9","Alfapar Maschera Plex 150g.","1"
"6a6e4dbe46feabf3642b5e99","69db27d82b56cc0c1597f8e0","4x4 Off-Road Crecimiento de Barba 60g.","1"
"6a6e4dbe46feabf3642b5eb1","69db281b2b56cc0c1597fe48","Alfapar 8NI","1"
"6a6e4dbe46feabf3642b5eb1","69db280f2b56cc0c1597fd4c","Alfapar 6.7","1"
"6a6e4dbe46feabf3642b5eb1","69db28042b56cc0c1597fc7a","Alfapar 4NB","1"
"6a6e4dbe46feabf3642b5eb1","69db281b2b56cc0c1597fe41","Alfapar 8NB","1"
"6a6e4dbe46feabf3642b5ece","69db28272b56cc0c1597ff52","Alicate Alaska Spa","1"
"6a6e4dbe46feabf3642b5ee7","69db28292b56cc0c1597ff6f","Alicate Gc Medium","1"
"6a6e4dbe46feabf3642b5ef3","69db281c2b56cc0c1597fe64","Alfapar 9.13","1"
"6a6e4dbe46feabf3642b5ef3","69db28172b56cc0c1597fded","Alfapar 8","1"
"6a6e4dbe46feabf3642b5ef3","69db282f2b56cc0c1597ffff","Ampolletas Revive Fortificante","1"
"6a6e4dbe46feabf3642b5ef7","69db27f12b56cc0c1597faf0","Alain Silver Hot Tratamiento Restauraurador","1"
"6a6e4dbe46feabf3642b5ef7","69db27f92b56cc0c1597fba1","Alfapar rigen shampoo 250 ml.","1"
"6a6e4dbe46feabf3642b5ef7","69db28232b56cc0c1597fef3","Alfapar Oxido 30 vol. 1000ml.","1"
"6a6e4dbe46feabf3642b5ef7","69db27db2b56cc0c1597f911","4x4 Pomada Azul 200g","1"
"6a6e4dbe46feabf3642b5efe","69db27ca2b56cc0c1597f7c0","4x4 Aceite Para Cortadoras 118ml.","1"
"6a6e4dbe46feabf3642b5efe","69db27e42b56cc0c1597f9dc","acetona pura arys grande","1"
"6a6e4dbe46feabf3642b5efe","69db28262b56cc0c1597ff34","Alfaparf spray porificante 100ml.","1"
"6a6e4dbe46feabf3642b5efe","69db27fc2b56cc0c1597fbd9","Alfapar 03","1"
"6a6e4dbe46feabf3642b5f0c","69db281c2b56cc0c1597fe5d","Alfapar 9.1","1"
"6a6e4dbe46feabf3642b5f23","69db28062b56cc0c1597fc9d","Alfapar 5.3","1"
"6a6e4dbe46feabf3642b5f23","69db27d02b56cc0c1597f839","4x4 Cuchilla DLC","1"
"6a6e4dbe46feabf3642b5f29","69db27e02b56cc0c1597f980","aashta ps -807","1"
"6a6e4dbe46feabf3642b5f29","69db27d32b56cc0c1597f87a","4X4 Gel Cubre Cana 315gr.","1"
"6a6e4dbe46feabf3642b5f2c","69db27eb2b56cc0c1597fa79","adhesivo para pads color blanco tapa dorada j denis","1"
"6a6e4dbe46feabf3642b5f2c","69db28312b56cc0c1598001f","Andis","1"
"6a6e4dbe46feabf3642b5f2c","69db28102b56cc0c1597fd61","Alfapar 7","1"
"6a6e4dbe46feabf3642b5f2c","69db27d02b56cc0c1597f82b","4X4 Combo pow 5 pz.","1"
"6a6e4dbe46feabf3642b5f43","69db27ce2b56cc0c1597f808","4x4 Cera Gel 280g.","1"
"6a6e4dbe46feabf3642b5f43","69db280c2b56cc0c1597fd1b","Alfapar 6.35","1"
"6a6e4dbe46feabf3642b5f43","69db27fd2b56cc0c1597fbe0","Alfapar 1","1"
"6a6e4dbe46feabf3642b5f47","69db27db2b56cc0c1597f918","4x4 Pomada Extrafirme Verde 100g.","1"
"6a6e4dbe46feabf3642b5f47","69db27f62b56cc0c1597fb62","alfapar Real Rigen mascar. dañado 500g.","1"
"6a6e4dbe46feabf3642b5f4e","69db281f2b56cc0c1597fea6","Alfapar Brocha y cio para tinte","1"
"6a6e4dbe46feabf3642b5f4e","69db281a2b56cc0c1597fe3a","Alfapar 8.66I","1"
"6a6e4dbe46feabf3642b5f53","69db28282b56cc0c1597ff5d","Alicate barrilito","1"
"6a6e4dbe46feabf3642b5f53","69db27ea2b56cc0c1597fa56","Adhesivo J.Denis Para Rulos/Pestañas.","1"
"6a6e4dbe46feabf3642b5f53","69db27f52b56cc0c1597fb49","Alfa sobres de 30 pz","1"
"6a6e4dbe46feabf3642b5f5b","69db280b2b56cc0c1597fd06","Alfapar 6.23","1"
"6a6e4dbe46feabf3642b5f5b","69db27ea2b56cc0c1597fa56","Adhesivo J.Denis Para Rulos/Pestañas.","1"
"6a6e4dbe46feabf3642b5f5b","69db27dc2b56cc0c1597f934","4x4 Pomada Roja 200g","1"
"6a6e4dbe46feabf3642b5f7c","69db27cc2b56cc0c1597f7dc","4X4 Aftershave Power Gold 400ml.","1"
"6a6e4dbe46feabf3642b5f8a","69db28192b56cc0c1597fe1e","Alfapar 8.31","1"
"6a6e4dbe46feabf3642b5f91","69db27f62b56cc0c1597fb5b","Alfapar benvoleo shampoo seco sin gas 150 g","1"
"6a6e4dbe46feabf3642b5f91","69db27f12b56cc0c1597faf7","Alain silver shampoo","1"
"6a6e4dbe46feabf3642b5f96","69db28172b56cc0c1597fded","Alfapar 8","1"
"6a6e4dbe46feabf3642b5f98","69db28022b56cc0c1597fc57","Alfapar 4","1"
"6a6e4dbe46feabf3642b5f9e","69db27cc2b56cc0c1597f7dc","4X4 Aftershave Power Gold 400ml.","1"
"6a6e4dbe46feabf3642b5fa4","69db282e2b56cc0c1597ffe6","Ampolletas Hidraforce - Gegenerex","1"
"6a6e4dbe46feabf3642b5fa4","69db27e62b56cc0c1597fa0a","acondicionador artesanal","1"
"6a6e4dbe46feabf3642b5faf","69db28212b56cc0c1597fed0","Alfapar mask. keratin therapy","1"
"6a6e4dbe46feabf3642b5faf","69db28042b56cc0c1597fc81","Alfapar 4NI","1"
"6a6e4dbe46feabf3642b5faf","69db27d22b56cc0c1597f855","4x4 Enfriador de Maquinas 400g.","1"
"6a6e4dbe46feabf3642b5fb5","69db27d22b56cc0c1597f865","4x4 gel afeitar 955kg. blanco","1"
"6a6e4dbe46feabf3642b5fb5","69db281f2b56cc0c1597fe9f","Alfapar benvoleo olio nutritivo 100ml.","1"
"6a6e4dbe46feabf3642b5fc4","69db28032b56cc0c1597fc65","Alfapar 4.52","1"
"6a6e4dbe46feabf3642b5fc4","69db28182b56cc0c1597fe09","Alfapar 8.21","1"
"6a6e4dbe46feabf3642b5fc4","69db28222b56cc0c1597fede","Alfapar Olio Plex 100ml","1"
"6a6e4dbe46feabf3642b5fc8","69db27f32b56cc0c1597fb1e","Alaska Tijera Manicure","1"
"6a6e4dbe46feabf3642b5fc8","69db27e92b56cc0c1597fa4b","Adesivo para extenciones Pestañas","1"
"6a6e4dbe46feabf3642b5fc8","69db28082b56cc0c1597fcc0","Alfapar 5.6","1"
"6a6e4dbe46feabf3642b5fda","69db28082b56cc0c1597fcc7","Alfapar 5.62","1"
"6a6e4dbe46feabf3642b5fda","69db28212b56cc0c1597fec2","Alfapar Keratin Therapy Shampoo 250ml.","1"
"6a6e4dbe46feabf3642b5fda","69db28132b56cc0c1597fda0","Alfapar 7.35","1"
"6a6e4dbe46feabf3642b5fda","69db28102b56cc0c1597fd68","Alfapar 7.01","1"
"6a6e4dbe46feabf3642b5fdf","69db28092b56cc0c1597fcd5","Alfapar 5.66I","1"
"6a6e4dbe46feabf3642b5fdf","69db27de2b56cc0c1597f95e","4x4 Talco Invencible","1"
"6a6e4dbe46feabf3642b5fdf","69db27df2b56cc0c1597f970","Aashta clip metalico o sojetador","1"
"6a6e4dbe46feabf3642b5fdf","69db28142b56cc0c1597fdbc","Alfapar 7.53","1"
"6a6e4dbe46feabf3642b5ff7","69db27d32b56cc0c1597f87a","4X4 Gel Cubre Cana 315gr.","1"
"6a6e4dbe46feabf3642b5ff7","69db28082b56cc0c1597fcb9","Alfapar 5.53","1"
"6a6e4dbe46feabf3642b5ff7","69db28172b56cc0c1597fdf4","Alfapar 8.01","1"
"6a6e4dbe46feabf3642b6007","69db28292b56cc0c1597ff6f","Alicate Gc Medium","1"
"6a6e4dbe46feabf3642b600c","69db27fe2b56cc0c1597fbfc","Alfapar 10.21","1"
"6a6e4dbe46feabf3642b600c","69db280c2b56cc0c1597fd14","Alfapar 6.32","1"
"6a6e4dbe46feabf3642b600c","69db28162b56cc0c1597fddf","Alfapar 7NB","1"
"6a6e4dbe46feabf3642b6020","69db28212b56cc0c1597fec9","Alfapar Maschera Plex 150g.","1"
"6a6e4dbe46feabf3642b6020","69db28142b56cc0c1597fdae","Alfapar 7.43","1"
"6a6e4dbe46feabf3642b603e","69db27e22b56cc0c1597f9a7","Ablandador De Canas Waving","1"
"6a6e4dbe46feabf3642b603e","69db281a2b56cc0c1597fe3a","Alfapar 8.66I","1"
"6a6e4dbe46feabf3642b603e","69db27cf2b56cc0c1597f81d","4x4 Cera Telaraña 100ml.","1"
"6a6e4dbe46feabf3642b6045","69db27f92b56cc0c1597fb9a","Alfapar mask 200ml.","1"
"6a6e4dbe46feabf3642b6045","69db282b2b56cc0c1597ffad","Amor us sponge","1"
"6a6e4dbe46feabf3642b606f","69db28042b56cc0c1597fc73","Alfapar 4.66I","1"
"6a6e4dbe46feabf3642b6078","69db28252b56cc0c1597ff16","Alfapar Semi di lino 50ml.","1"
"6a6e4dbe46feabf3642b607a","69db27fd2b56cc0c1597fbe7","Alfapar 1.11","1"
"6a6e4dbe46feabf3642b6085","69db27da2b56cc0c1597f8fc","4x4 Pasta Dorada 100g.","1"
"6a6e4dbe46feabf3642b6085","69db28012b56cc0c1597fc34","Alfapar 11.20","1"
"6a6e4dbe46feabf3642b6096","69db27ed2b56cc0c1597faa0","adhesivo supreme j denis para pestañas mink","1"
"6a6e4dbe46feabf3642b6096","69db27d32b56cc0c1597f86c","4x4 Gel 500g.","1"
"6a6e4dbe46feabf3642b6096","69db27f72b56cc0c1597fb70","Alfaparf 10.342","1"
"6a6e4dbe46feabf3642b60ab","69db27c92b56cc0c1597f7a0","4x4 minoxidil","1"
"6a6e4dbe46feabf3642b60b6","69db281d2b56cc0c1597fe79","Alfapar 9.3","1"
"6a6e4dbe46feabf3642b60bf","69db28142b56cc0c1597fdae","Alfapar 7.43","1"
"6a6e4dbe46feabf3642b60cb","69db27f82b56cc0c1597fb7e","Alfaparf 8.221","1"
"6a6e4dbe46feabf3642b60cb","69db27d32b56cc0c1597f86c","4x4 Gel 500g.","1"
"6a6e4dbe46feabf3642b60cb","69db280f2b56cc0c1597fd53","Alfapar 6NB","1"
"6a6e4dbe46feabf3642b60cb","69db27ff2b56cc0c1597fc11","Alfapar 10NB","1"
"6a6e4dbe46feabf3642b60e0","69db28012b56cc0c1597fc34","Alfapar 11.20","1"
"6a6e4dbe46feabf3642b60e0","69db28132b56cc0c1597fd99","Alfapar 7.34","1"
"6a6e4dbe46feabf3642b60e0","69db280e2b56cc0c1597fd3e","Alfapar 6.6","1"
"6a6e4dbe46feabf3642b60e0","69db27e82b56cc0c1597fa2d","Acrílico Eteri Organic","1"
"6a6e4dbe46feabf3642b60f8","69db280e2b56cc0c1597fd30","Alfapar 6.5","1"
"6a6e4dbe46feabf3642b610f","69db28202b56cc0c1597feb4","Alfapar keratin therapy lisse acondicionador 250ml.","1"
"6a6e4dbe46feabf3642b610f","69db27c92b56cc0c1597f799","4x4 maquina inalambrico plastico G oferta de 4 pz.","1"
"6a6e4dbe46feabf3642b610f","69db281f2b56cc0c1597fe98","Alfapar ampoll. anti caida","1"
"6a6e4dbe46feabf3642b6127","69db27d92b56cc0c1597f8ee","4x4 papel cuello negro un rollo","1"
"6a6e4dbe46feabf3642b6127","69db282a2b56cc0c1597ff90","Alkahzar agua de rosas","1"
"6a6e4dbe46feabf3642b6130","69db27f22b56cc0c1597fb09","Alaska brocha barbero","1"
"6a6e4dbe46feabf3642b6130","69db27e52b56cc0c1597f9ec","Acetona Pura Mediana arys","1"
"6a6e4dbe46feabf3642b6130","69db282b2b56cc0c1597ff97","Almoadillas de algodon","1"
"6a6e4dbe46feabf3642b6149","69db281a2b56cc0c1597fe2c","Alfapar 8.4","1"
"6a6e4dbe46feabf3642b6149","69db28192b56cc0c1597fe25","Alfapar 8.32","1"
"6a6e4dbe46feabf3642b6149","69db280e2b56cc0c1597fd3e","Alfapar 6.6","1"
"6a6e4dbe46feabf3642b6149","69db28052b56cc0c1597fc88","Alfapar 5","1"
"6a6e4dbe46feabf3642b614e","69db28102b56cc0c1597fd61","Alfapar 7","1"
"6a6e4dbe46feabf3642b614e","69db27c92b56cc0c1597f7a9","4X4 oferta combo barber de 5 pz.","1"
"6a6e4dbe46feabf3642b614e","69db27ec2b56cc0c1597fa8b","Adhesivo Para Pestañas Duo Oscuro","1"
"6a6e4dbe46feabf3642b614e","69db27e12b56cc0c1597f995","Aashta tijeras negro no. 7","1"
"6a6e4dbe46feabf3642b6153","69db27f32b56cc0c1597fb1e","Alaska Tijera Manicure","1"
"6a6e4dbe46feabf3642b6153","69db28082b56cc0c1597fcc7","Alfapar 5.62","1"
"6a6e4dbe46feabf3642b6156","69db27dd2b56cc0c1597f949","4x4 shampoo cbd minoxidi 500ml.","1"
"6a6e4dbe46feabf3642b6156","69db27ce2b56cc0c1597f80f","4x4 Cera Rosa 100ml.","1"
"6a6e4dbe46feabf3642b6156","69db28112b56cc0c1597fd6f","Alfapar 7.1","1"
"6a6e4dbe46feabf3642b6156","69db280d2b56cc0c1597fd22","Alfapar 6.4","1"
"6a6e4dbe46feabf3642b615b","69db27ff2b56cc0c1597fc0a","Alfapar 10.31","1"
"6a6e4dbe46feabf3642b616b","69db27fb2b56cc0c1597fbbd","Alfapar 000SSS","1"
"6a6e4dbe46feabf3642b6172","69db27cf2b56cc0c1597f81d","4x4 Cera Telaraña 100ml.","1"
"6a6e4dbe46feabf3642b6178","69db27d42b56cc0c1597f881","4x4 Gel Para Afeitar Citrico 485ml.","1"
"6a6e4dbe46feabf3642b6181","69db27e12b56cc0c1597f98e","Aashta Tijera Cocodrilo","1"
"6a6e4dbe46feabf3642b6181","69db281d2b56cc0c1597fe72","Alfapar 9.21","1"
"6a6e4dbe46feabf3642b6181","69db282c2b56cc0c1597ffbf","Amor us","1"
"6a6e4dbe46feabf3642b6181","69db27fe2b56cc0c1597fbf5","Alfapar 10.1","1"
"6a6e4dbe46feabf3642b618e","69db27e92b56cc0c1597fa4b","Adesivo para extenciones Pestañas","1"
"6a6e4dbe46feabf3642b618e","69db27e02b56cc0c1597f980","aashta ps -807","1"
"6a6e4dbe46feabf3642b618e","69db28002b56cc0c1597fc1f","Alfapar 11.10","1"
"6a6e4dbe46feabf3642b618e","69db27e42b56cc0c1597f9e5","Acetona Pura Chica (frasco hidra)","1"
"6a6e4dbe46feabf3642b61a6","69db281b2b56cc0c1597fe4f","Alfapar 9","1"
"6a6e4dbe46feabf3642b61c8","69db27f32b56cc0c1597fb17","Alaska Saca Comedones","1"
"6a6e4dbe46feabf3642b61c8","69db28302b56cc0c15980006","Ampolletas Revive Pre-Perm","1"
"6a6e4dbe46feabf3642b61c8","69db27ec2b56cc0c1597fa8b","Adhesivo Para Pestañas Duo Oscuro","1"
"6a6e4dbe46feabf3642b61cc","69db28202b56cc0c1597febb","Alfapar Keratin Therapy lisse Oil 50ml.","1"
"6a6e4dbe46feabf3642b61cc","69db282d2b56cc0c1597ffc6","Ampolletas Alfaparf Aceite Lenitivo","1"
"6a6e4dbe46feabf3642b61cc","69db28162b56cc0c1597fddf","Alfapar 7NB","1"
"6a6e4dbe46feabf3642b61cc","69db27f82b56cc0c1597fb7e","Alfaparf 8.221","1"
"6a6e4dbe46feabf3642b61d4","69db281f2b56cc0c1597fe9f","Alfapar benvoleo olio nutritivo 100ml.","1"
"6a6e4dbe46feabf3642b61d4","69db28252b56cc0c1597ff1d","Alfapar Semidelino shampoo 250ml.","1"
"6a6e4dbe46feabf3642b61d4","69db27e42b56cc0c1597f9d1","ACETONA ORGANIC 120 ML","1"
"6a6e4dbe46feabf3642b61dd","69db28252b56cc0c1597ff16","Alfapar Semi di lino 50ml.","1"
"6a6e4dbe46feabf3642b61e4","69db27ef2b56cc0c1597face","Aguja Peina Facil 5pz. V/Colores","1"
"6a6e4dbe46feabf3642b61e4","69db27e62b56cc0c1597fa01","Acetona Touche 225ml.","1"
"6a6e4dbe46feabf3642b61e4","69db28102b56cc0c1597fd5a","Alfapar 6NI","1"
"6a6e4dbe46feabf3642b61ec","69db27f22b56cc0c1597fafe","Alain silver 30ml.","1"
"6a6e4dbe46feabf3642b61ec","69db27d92b56cc0c1597f8ee","4x4 papel cuello negro un rollo","1"
"6a6e4dbe46feabf3642b61ec","69db27d52b56cc0c1597f89d","4x4 maquina de corte trimmer inalambrico metalica","1"
"6a6e4dbe46feabf3642b61ec","69db28272b56cc0c1597ff4b","Alicate Alaska Pedicure","1"
"6a6e4dbe46feabf3642b6203","69db27c82b56cc0c1597f790","4x4 Guantes nitrilo negros","1"
"6a6e4dbe46feabf3642b6208","69db27fa2b56cc0c1597fba8","Alfapar Semidelino nutritivo shampoo 250 ml.","1"
"6a6e4dbe46feabf3642b621c","69db28222b56cc0c1597fed7","Alfapar nutritivo Mask","1"
"6a6e4dbe46feabf3642b621c","69db27f32b56cc0c1597fb1e","Alaska Tijera Manicure","1"
"6a6e4dbe46feabf3642b621c","69db27db2b56cc0c1597f911","4x4 Pomada Azul 200g","1"
"6a6e4dbe46feabf3642b621c","69db28182b56cc0c1597fe10","Alfapar 8.23","1"
"6a6e4dbe46feabf3642b6233","69db28022b56cc0c1597fc50","Alfapar 3","1"
"6a6e4dbe46feabf3642b6233","69db27f02b56cc0c1597fae0","Alain silver tratamiento","1"
"6a6e4dbe46feabf3642b6233","69db28212b56cc0c1597fec9","Alfapar Maschera Plex 150g.","1"
"6a6e4dbe46feabf3642b6233","69db28032b56cc0c1597fc5e","Alfapar 4.32","1"
"6a6e4dbe46feabf3642b623c","69db27e12b56cc0c1597f98e","Aashta Tijera Cocodrilo","1"
"6a6e4dbe46feabf3642b623c","69db28062b56cc0c1597fc9d","Alfapar 5.3","1"
"6a6e4dbe46feabf3642b623c","69db280c2b56cc0c1597fd1b","Alfapar 6.35","1"
"6a6e4dbe46feabf3642b6240","69db27d02b56cc0c1597f82b","4X4 Combo pow 5 pz.","1"
"6a6e4dbe46feabf3642b6240","69db282f2b56cc0c1597fff1","Ampolletas Revive Bifasica","1"
"6a6e4dbe46feabf3642b6243","69db27e62b56cc0c1597fa0a","acondicionador artesanal","1"
"6a6e4dbe46feabf3642b6243","69db28072b56cc0c1597fcab","Alfapar 5.35","1"
"6a6e4dbe46feabf3642b6243","69db28142b56cc0c1597fdae","Alfapar 7.43","1"
"6a6e4dbe46feabf3642b624a","69db27f12b56cc0c1597faf0","Alain Silver Hot Tratamiento Restauraurador","1"
"6a6e4dbe46feabf3642b624a","69db28002b56cc0c1597fc26","Alfapar 11.11","1"
"6a6e4dbe46feabf3642b624a","69db27cb2b56cc0c1597f7c7","4x4 Aftershave Amarillo 400ml.","1"
"6a6e4dbe46feabf3642b624a","69db27f92b56cc0c1597fba1","Alfapar rigen shampoo 250 ml.","1"
"6a6e4dbe46feabf3642b624f","69db28032b56cc0c1597fc65","Alfapar 4.52","1"
"6a6e4dbe46feabf3642b6256","69db281c2b56cc0c1597fe64","Alfapar 9.13","1"
"6a6e4dbe46feabf3642b6256","69db27e42b56cc0c1597f9dc","acetona pura arys grande","1"
"6a6e4dbe46feabf3642b6256","69db27e22b56cc0c1597f9b2","Aceite De Hueso De Mamey Para Pestañas.","1"
"6a6e4dbe46feabf3642b6256","69db27f92b56cc0c1597fba1","Alfapar rigen shampoo 250 ml.","1"
"6a6e4dbe46feabf3642b625b","69db27d72b56cc0c1597f8c9","4x4 matizante violeta","1"
"6a6e4dbe46feabf3642b625b","69db27e62b56cc0c1597fa0a","acondicionador artesanal","1"
"6a6e4dbe46feabf3642b625b","69db280c2b56cc0c1597fd0d","Alfapar 6.3","1"
"6a6e4dbe46feabf3642b625f","69db27fb2b56cc0c1597fbbd","Alfapar 000SSS","1"
"6a6e4dbe46feabf3642b625f","69db280c2b56cc0c1597fd1b","Alfapar 6.35","1"
"6a6e4dbe46feabf3642b6262","69db27f22b56cc0c1597fafe","Alain silver 30ml.","1"
"6a6e4dbe46feabf3642b6262","69db27dd2b56cc0c1597f942","4x4 shampoo cbd bergamota 500ml.","1"
"6a6e4dbe46feabf3642b6262","69db27f42b56cc0c1597fb30","Alexander Style Tijera 7.5","1"
"6a6e4dbe46feabf3642b6262","69db28262b56cc0c1597ff3d","Algodón Alby","1"
"6a6e4dbe46feabf3642b6271","69db28032b56cc0c1597fc5e","Alfapar 4.32","1"
"6a6e4dbe46feabf3642b6271","69db27c92b56cc0c1597f799","4x4 maquina inalambrico plastico G oferta de 4 pz.","1"
"6a6e4dbe46feabf3642b627a","69db27df2b56cc0c1597f970","Aashta clip metalico o sojetador","1"
"6a6e4dbe46feabf3642b627a","69db282a2b56cc0c1597ff90","Alkahzar agua de rosas","1"
"6a6e4dbe46feabf3642b627d","69db27df2b56cc0c1597f965","4x4 Talco Ultra Fino","1"
"6a6e4dbe46feabf3642b627f","69db27db2b56cc0c1597f91f","4x4 Pomada Extrafirme Verde 200g.","1"
"6a6e4dbe46feabf3642b627f","69db282c2b56cc0c1597ffb6","Amor pinza pestañas","1"
"6a6e4dbe46feabf3642b627f","69db27f92b56cc0c1597fb9a","Alfapar mask 200ml.","1"
"6a6e4dbe46feabf3642b627f","69db27ff2b56cc0c1597fc11","Alfapar 10NB","1"
"6a6e4dbe46feabf3642b6284","69db28242b56cc0c1597ff01","Alfapar protector termico 200ml.","1"
"6a6e4dbe46feabf3642b6292","69db28132b56cc0c1597fda0","Alfapar 7.35","1"
"6a6e4dbe46feabf3642b6292","69db27e92b56cc0c1597fa4b","Adesivo para extenciones Pestañas","1"
"6a6e4dbe46feabf3642b6292","69db281f2b56cc0c1597fe98","Alfapar ampoll. anti caida","1"
"6a6e4dbe46feabf3642b62bc","69db28132b56cc0c1597fd99","Alfapar 7.34","1"
"6a6e4dbe46feabf3642b62bc","69db27f22b56cc0c1597fafe","Alain silver 30ml.","1"
"6a6e4dbe46feabf3642b62bc","69db27fd2b56cc0c1597fbe7","Alfapar 1.11","1"
"6a6e4dbe46feabf3642b62bc","69db280a2b56cc0c1597fce3","Alfapar 5NB","1"
"6a6e4dbe46feabf3642b62d6","69db282d2b56cc0c1597ffd4","Ampolletas Alfaparf Semi Di Lino Essential Oil (Azul)","1"
"6a6e4dbe46feabf3642b62d8","69db27d82b56cc0c1597f8e0","4x4 Off-Road Crecimiento de Barba 60g.","1"
"6a6e4dbe46feabf3642b62d8","69db27ca2b56cc0c1597f7b9","4x4 Pomada azul 100g","1"
"6a6e4dbe46feabf3642b62dd","69db28312b56cc0c1598001f","Andis","1"
"6a6e4dbe46feabf3642b62dd","69db27ea2b56cc0c1597fa5d","Adhesivo J.Denis Oscuro con keratina","1"
"6a6e4dbe46feabf3642b62dd","69db27f62b56cc0c1597fb52","Alfapaf 6.56","1"
"6a6e4dbe46feabf3642b62ec","69db281d2b56cc0c1597fe6b","Alfapar 9.2","1"
"6a6e4dbe46feabf3642b62ec","69db28102b56cc0c1597fd68","Alfapar 7.01","1"
"6a6e4dbe46feabf3642b62ef","69db28252b56cc0c1597ff1d","Alfapar Semidelino shampoo 250ml.","1"
"6a6e4dbe46feabf3642b62ef","69db27e62b56cc0c1597fa0a","acondicionador artesanal","1"
"6a6e4dbe46feabf3642b62ef","69db27e82b56cc0c1597fa2d","Acrílico Eteri Organic","1"
"6a6e4dbe46feabf3642b62f8","69db27ce2b56cc0c1597f80f","4x4 Cera Rosa 100ml.","1"
"6a6e4dbe46feabf3642b62ff","69db27e52b56cc0c1597f9ec","Acetona Pura Mediana arys","1"
"6a6e4dbe46feabf3642b62ff","69db27f32b56cc0c1597fb10","Alaska Bisturi AK-02-0019","1"
"6a6e4dbe46feabf3642b62ff","69db27f62b56cc0c1597fb52","Alfapaf 6.56","1"
"6a6e4dbe46feabf3642b630a","69db280f2b56cc0c1597fd45","Alfapar 6.66I","1"
"6a6e4dbe46feabf3642b630a","69db27f82b56cc0c1597fb85","Alfapar 8.34","1"
"6a6e4dbe46feabf3642b632b","69db27ee2b56cc0c1597fab5","Afaparf salone supreme mask","1"
"6a6e4dbe46feabf3642b632b","69db28182b56cc0c1597fe10","Alfapar 8.23","1"
"6a6e4dbe46feabf3642b633d","69db280d2b56cc0c1597fd22","Alfapar 6.4","1"
"6a6e4dbe46feabf3642b633d","69db27db2b56cc0c1597f911","4x4 Pomada Azul 200g","1"
"6a6e4dbe46feabf3642b633d","69db27d52b56cc0c1597f896","4x4 guantes vinil nitrilo","1"
"6a6e4dbe46feabf3642b633d","69db27ec2b56cc0c1597fa80","adhesivo para pads color blanco  trasparente j denis","1"
"6a6e4dbe46feabf3642b6342","69db27e02b56cc0c1597f979","aashta kit 2 pz.","1"
"6a6e4dbe46feabf3642b6342","69db28222b56cc0c1597fed7","Alfapar nutritivo Mask","1"
"6a6e4dbe46feabf3642b6349","69db28022b56cc0c1597fc49","Alfapar 2","1"
"6a6e4dbe46feabf3642b6349","69db281b2b56cc0c1597fe4f","Alfapar 9","1"
"6a6e4dbe46feabf3642b6351","69db280b2b56cc0c1597fcff","Alfapar 6.1","1"
"6a6e4dbe46feabf3642b6351","69db28192b56cc0c1597fe25","Alfapar 8.32","1"
"6a6e4dbe46feabf3642b6361","69db27d02b56cc0c1597f82b","4X4 Combo pow 5 pz.","1"
"6a6e4dbe46feabf3642b6363","69db28032b56cc0c1597fc6c","Alfapar 4.65","1"
"6a6e4dbe46feabf3642b6363","69db281a2b56cc0c1597fe2c","Alfapar 8.4","1"
"6a6e4dbe46feabf3642b6363","69db27ff2b56cc0c1597fc03","Alfapar 10.3","1"
"6a6e4dbe46feabf3642b6363","69db27ff2b56cc0c1597fc11","Alfapar 10NB","1"
"6a6e4dbe46feabf3642b6371","69db281f2b56cc0c1597fea6","Alfapar Brocha y cio para tinte","1"
"6a6e4dbe46feabf3642b6371","69db28282b56cc0c1597ff5d","Alicate barrilito","1"
"6a6e4dbe46feabf3642b6371","69db27c92b56cc0c1597f7a9","4X4 oferta combo barber de 5 pz.","1"
"6a6e4dbe46feabf3642b6375","69db27e72b56cc0c1597fa1f","acrílico organic blanco (white)","1"
"6a6e4dbe46feabf3642b6375","69db28012b56cc0c1597fc2d","Alfapar 11.13","1"
"6a6e4dbe46feabf3642b6375","69db27c92b56cc0c1597f7a0","4x4 minoxidil","1"
"6a6e4dbe46feabf3642b6375","69db27fb2b56cc0c1597fbbd","Alfapar 000SSS","1"
"6a6e4dbe46feabf3642b637e","69db27ee2b56cc0c1597fab5","Afaparf salone supreme mask","1"
"6a6e4dbe46feabf3642b637e","69db281e2b56cc0c1597fe83","Alfapar 9.31","1"
"6a6e4dbe46feabf3642b6393","69db28122b56cc0c1597fd84","Alfapar 7.3","1"
"6a6e4dbe46feabf3642b6393","69db27ce2b56cc0c1597f808","4x4 Cera Gel 280g.","1"
"6a6e4dbe46feabf3642b6393","69db28042b56cc0c1597fc81","Alfapar 4NI","1"
"6a6e4dbe46feabf3642b63a8","69db280c2b56cc0c1597fd1b","Alfapar 6.35","1"
"6a6e4dbe46feabf3642b63a8","69db27cd2b56cc0c1597f7f3","4x4 Balsamo Negro Liquido","1"
"6a6e4dbe46feabf3642b63a8","69db27c82b56cc0c1597f787","4X4 Gel para afeitar menta 1kg","1"
"6a6e4dbe46feabf3642b63b0","69db28242b56cc0c1597ff01","Alfapar protector termico 200ml.","1"
"6a6e4dbe46feabf3642b63b2","69db27d42b56cc0c1597f888","4x4 Gel Para Afeitar Menta 485ml.","1"
"6a6e4dbe46feabf3642b63b2","69db280a2b56cc0c1597fcea","Alfapar 5NI","1"
"6a6e4dbe46feabf3642b63b2","69db281b2b56cc0c1597fe48","Alfapar 8NI","1"
"6a6e4dbe46feabf3642b63b2","69db281c2b56cc0c1597fe56","Alfapar 9.04","1"
"6a6e4dbe46feabf3642b63c9","69db28212b56cc0c1597fec9","Alfapar Maschera Plex 150g.","1"
"6a6e4dbe46feabf3642b63c9","69db27d82b56cc0c1597f8e0","4x4 Off-Road Crecimiento de Barba 60g.","1"
"6a6e4dbe46feabf3642b63cc","69db27fd2b56cc0c1597fbe7","Alfapar 1.11","1"
"6a6e4dbe46feabf3642b63cc","69db282a2b56cc0c1597ff85","Alicate Lobo1330-00","1"
"6a6e4dbe46feabf3642b63cc","69db27e62b56cc0c1597fa01","Acetona Touche 225ml.","1"
"6a6e4dbe46feabf3642b63cc","69db28182b56cc0c1597fe02","Alfapar 8.13","1"
"6a6e4dbe46feabf3642b63d5","69db27ec2b56cc0c1597fa80","adhesivo para pads color blanco  trasparente j denis","1"
"6a6e4dbe46feabf3642b63d7","69db27d92b56cc0c1597f8e7","4x4 papel cuello blanco rollo","1"
"6a6e4dbe46feabf3642b63d7","69db281f2b56cc0c1597fea6","Alfapar Brocha y cio para tinte","1"
"6a6e4dbe46feabf3642b63d7","69db27ff2b56cc0c1597fc03","Alfapar 10.3","1"
"6a6e4dbe46feabf3642b63d7","69db281d2b56cc0c1597fe79","Alfapar 9.3","1"
"6a6e4dbe46feabf3642b63e6","69db282d2b56cc0c1597ffcd","Ampolletas Alfaparf Midollo di Bamboo (Blanco)","1"
"6a6e4dbe46feabf3642b63e6","69db28032b56cc0c1597fc6c","Alfapar 4.65","1"
"6a6e4dbe46feabf3642b63ee","69db27e62b56cc0c1597fa01","Acetona Touche 225ml.","1"
"6a6e4dbe46feabf3642b63f2","69db27d62b56cc0c1597f8b9","4X4 Maquina Platinum Trimmer","1"
"6a6e4dbe46feabf3642b63f2","69db28132b56cc0c1597fda7","Alfapar 7.4","1"
"6a6e4dbe46feabf3642b63f2","69db27d42b56cc0c1597f888","4x4 Gel Para Afeitar Menta 485ml.","1"
"6a6e4dbe46feabf3642b63fa","69db27dd2b56cc0c1597f949","4x4 shampoo cbd minoxidi 500ml.","1"
"6a6e4dbe46feabf3642b63fc","69db27f32b56cc0c1597fb10","Alaska Bisturi AK-02-0019","1"
"6a6e4dbe46feabf3642b63fc","69db281b2b56cc0c1597fe48","Alfapar 8NI","1"
"6a6e4dbe46feabf3642b63fc","69db28312b56cc0c1598001f","Andis","1"
"6a6e4dbe46feabf3642b63fc","69db27d22b56cc0c1597f85e","4X4 Exfoliante facial","1"
"6a6e4dbe46feabf3642b6405","69db27ce2b56cc0c1597f816","4x4 Cera Rosa 200ml.","1"
"6a6e4dbe46feabf3642b6405","69db28002b56cc0c1597fc18","Alfapar 11.00","1"
"6a6e4dbe46feabf3642b6405","69db281d2b56cc0c1597fe72","Alfapar 9.21","1"
"6a6e4dbe46feabf3642b6405","69db28152b56cc0c1597fdca","Alfapar 7.62","1"
"6a6e4dbe46feabf3642b640d","69db28032b56cc0c1597fc65","Alfapar 4.52","1"
"6a6e4dbe46feabf3642b640f","69db27cf2b56cc0c1597f81d","4x4 Cera Telaraña 100ml.","1"
"6a6e4dbe46feabf3642b640f","69db27cb2b56cc0c1597f7d5","4X4 Aftershave Power Green 400ml.","1"
"6a6e4dbe46feabf3642b6414","69db281e2b56cc0c1597fe91","Alfapar 9NI","1"
"6a6e4dbe46feabf3642b6414","69db28022b56cc0c1597fc50","Alfapar 3","1"
"6a6e4dbe46feabf3642b6414","69db27f52b56cc0c1597fb49","Alfa sobres de 30 pz","1"
"6a6e4dbe46feabf3642b6414","69db28232b56cc0c1597fef3","Alfapar Oxido 30 vol. 1000ml.","1"
"6a6e4dbe46feabf3642b641e","69db28112b56cc0c1597fd76","Alfapar 7.13","1"
"6a6e4dbe46feabf3642b641e","69db282d2b56cc0c1597ffd4","Ampolletas Alfaparf Semi Di Lino Essential Oil (Azul)","1"
"6a6e4dbe46feabf3642b641e","69db27f32b56cc0c1597fb1e","Alaska Tijera Manicure","1"
"6a6e4dbe46feabf3642b641e","69db282b2b56cc0c1597ffad","Amor us sponge","1"
"6a6e4dbe46feabf3642b6423","69db27eb2b56cc0c1597fa72","adhesivo libre de latex","1"
"6a6e4dbe46feabf3642b6423","69db27fb2b56cc0c1597fbbd","Alfapar 000SSS","1"
"6a6e4dbe46feabf3642b6426","69db27e92b56cc0c1597fa44","Activador para Gel en Frio Touche","1"
"6a6e4dbe46feabf3642b642b","69db282b2b56cc0c1597ffad","Amor us sponge","1"
"6a6e4dbe46feabf3642b643c","69db27ce2b56cc0c1597f80f","4x4 Cera Rosa 100ml.","1"
"6a6e4dbe46feabf3642b643c","69db28212b56cc0c1597fec2","Alfapar Keratin Therapy Shampoo 250ml.","1"
"6a6e4dbe46feabf3642b643c","69db27fb2b56cc0c1597fbbd","Alfapar 000SSS","1"
"6a6e4dbe46feabf3642b643c","69db28072b56cc0c1597fca4","Alfapar 5.32","1"
"6a6e4dbe46feabf3642b6443","69db28242b56cc0c1597ff08","Alfapar Real Rigen k.","1"
"6a6e4dbe46feabf3642b6443","69db27cc2b56cc0c1597f7e3","4x4 Aftershave Rojo 400ml.","1"
"6a6e4dbe46feabf3642b6457","69db27d32b56cc0c1597f873","4x4 gel afeitar 955kg azul","1"
"6a6e4dbe46feabf3642b6457","69db27d52b56cc0c1597f8a4","4X4 Maquina inalambrica clipper heavy duty metalica G.","1"
"6a6e4dbe46feabf3642b6457","69db27cb2b56cc0c1597f7d5","4X4 Aftershave Power Green 400ml.","1"
"6a6e4dbe46feabf3642b645b","69db28112b56cc0c1597fd76","Alfapar 7.13","1"
"6a6e4dbe46feabf3642b645b","69db28252b56cc0c1597ff16","Alfapar Semi di lino 50ml.","1"
"6a6e4dbe46feabf3642b645b","69db280f2b56cc0c1597fd53","Alfapar 6NB","1"
"6a6e4dbe46feabf3642b6467","69db28022b56cc0c1597fc50","Alfapar 3","1"
"6a6e4dbe46feabf3642b6467","69db28262b56cc0c1597ff34","Alfaparf spray porificante 100ml.","1"
"6a6e4dbe46feabf3642b646a","69db28182b56cc0c1597fe10","Alfapar 8.23","1"
"6a6e4dbe46feabf3642b646a","69db27c92b56cc0c1597f7a0","4x4 minoxidil","1"
"6a6e4dbe46feabf3642b6475","69db27d42b56cc0c1597f888","4x4 Gel Para Afeitar Menta 485ml.","1"
"6a6e4dbe46feabf3642b6475","69db27d22b56cc0c1597f85e","4X4 Exfoliante facial","1"
"6a6e4dbe46feabf3642b6475","69db28212b56cc0c1597fec2","Alfapar Keratin Therapy Shampoo 250ml.","1"
"6a6e4dbe46feabf3642b6479","69db27fa2b56cc0c1597fbb6","Alfapar shampoo seco sin gas 150ml.","1"
"6a6e4dbe46feabf3642b6479","69db27cc2b56cc0c1597f7ec","4x4 Balsamo Cubre Canas 100g.","1"
"6a6e4dbe46feabf3642b647f","69db28102b56cc0c1597fd61","Alfapar 7","1"
"6a6e4dbe46feabf3642b647f","69db27e52b56cc0c1597f9fa","Acetona quinta esmalte 98(60 ml)","1"
"6a6e4dbe46feabf3642b647f","69db281a2b56cc0c1597fe33","Alfapar 8.43","1"
"6a6e4dbf46feabf3642b6498","69db28072b56cc0c1597fcab","Alfapar 5.35","1"
"6a6e4dbf46feabf3642b6498","69db28302b56cc0c15980014","Amura depilacion definitiva","1"
"6a6e4dbf46feabf3642b6498","69db27d02b56cc0c1597f82b","4X4 Combo pow 5 pz.","1"
"6a6e4dbf46feabf3642b64a1","69db27ca2b56cc0c1597f7b0","4x4 papel cuello blanco de 5 pz.","1"
"6a6e4dbf46feabf3642b64a1","69db27f02b56cc0c1597fad5","Aguja Peina Facil Grande 5pz.","1"
"6a6e4dbf46feabf3642b64a1","69db27f92b56cc0c1597fba1","Alfapar rigen shampoo 250 ml.","1"
"6a6e4dbf46feabf3642b64a1","69db27eb2b56cc0c1597fa79","adhesivo para pads color blanco tapa dorada j denis","1"
"6a6e4dbf46feabf3642b64ae","69db28242b56cc0c1597ff01","Alfapar protector termico 200ml.","1"
"6a6e4dbf46feabf3642b64ae","69db28142b56cc0c1597fdb5","Alfapar 7.45","1"
"6a6e4dbf46feabf3642b64b3","69db27fd2b56cc0c1597fbe7","Alfapar 1.11","1"
"6a6e4dbf46feabf3642b64b3","69db28142b56cc0c1597fdbc","Alfapar 7.53","1"
"6a6e4dbf46feabf3642b64b3","69db28092b56cc0c1597fcce","Alfapar 5.65","1"
"6a6e4dbf46feabf3642b64b3","69db28152b56cc0c1597fdc3","Alfapar 7.6","1"
"6a6e4dbf46feabf3642b64be","69db28222b56cc0c1597fed7","Alfapar nutritivo Mask","1"
"6a6e4dbf46feabf3642b64be","69db281b2b56cc0c1597fe4f","Alfapar 9","1"
"6a6e4dbf46feabf3642b64be","69db28022b56cc0c1597fc49","Alfapar 2","1"
"6a6e4dbf46feabf3642b64c9","69db27e12b56cc0c1597f98e","Aashta Tijera Cocodrilo","1"
"6a6e4dbf46feabf3642b64d3","69db27d42b56cc0c1597f888","4x4 Gel Para Afeitar Menta 485ml.","1"
"6a6e4dbf46feabf3642b64d3","69db27ea2b56cc0c1597fa56","Adhesivo J.Denis Para Rulos/Pestañas.","1"
"6a6e4dbf46feabf3642b64d3","69db27f72b56cc0c1597fb77","Alfaparf 11.02","1"
"6a6e4dbf46feabf3642b64db","69db27f32b56cc0c1597fb10","Alaska Bisturi AK-02-0019","1"
"6a6e4dbf46feabf3642b64db","69db27fd2b56cc0c1597fbee","Alfapar 10","1"
"6a6e4dbf46feabf3642b64db","69db28222b56cc0c1597fed7","Alfapar nutritivo Mask","1"
"6a6e4dbf46feabf3642b64db","69db28282b56cc0c1597ff68","Alicate GC Large","1"
"6a6e4dbf46feabf3642b64e0","69db28142b56cc0c1597fdb5","Alfapar 7.45","1"
"6a6e4dbf46feabf3642b64e0","69db27ea2b56cc0c1597fa56","Adhesivo J.Denis Para Rulos/Pestañas.","1"
"6a6e4dbf46feabf3642b64e0","69db27e62b56cc0c1597fa0a","acondicionador artesanal","1"
"6a6e4dbf46feabf3642b64e6","69db28222b56cc0c1597fed7","Alfapar nutritivo Mask","1"
"6a6e4dbf46feabf3642b64e6","69db27e92b56cc0c1597fa3b","Acrylic sterilizador agrílico","1"
"6a6e4dbf46feabf3642b64e6","69db27e82b56cc0c1597fa2d","Acrílico Eteri Organic","1"
"6a6e4dbf46feabf3642b64f2","69db28152b56cc0c1597fdd1","Alfapar 7.66I","1"
"6a6e4dbf46feabf3642b64fc","69db28062b56cc0c1597fc9d","Alfapar 5.3","1"
"6a6e4dbf46feabf3642b6519","69db28202b56cc0c1597feb4","Alfapar keratin therapy lisse acondicionador 250ml.","1"
"6a6e4dbf46feabf3642b6519","69db27d62b56cc0c1597f8b9","4X4 Maquina Platinum Trimmer","1"
"6a6e4dbf46feabf3642b6519","69db28082b56cc0c1597fcc7","Alfapar 5.62","1"
"6a6e4dbf46feabf3642b6519","69db27df2b56cc0c1597f970","Aashta clip metalico o sojetador","1"
"6a6e4dbf46feabf3642b6525","69db27e52b56cc0c1597f9ec","Acetona Pura Mediana arys","1"
"6a6e4dbf46feabf3642b6525","69db27e42b56cc0c1597f9dc","acetona pura arys grande","1"
"6a6e4dbf46feabf3642b6525","69db27cd2b56cc0c1597f7f3","4x4 Balsamo Negro Liquido","1"
"6a6e4dbf46feabf3642b6544","69db28302b56cc0c15980006","Ampolletas Revive Pre-Perm","1"
"6a6e4dbf46feabf3642b6544","69db27f52b56cc0c1597fb42","Alfa keratin Therapia","1"
"6a6e4dbf46feabf3642b6544","69db27dd2b56cc0c1597f942","4x4 shampoo cbd bergamota 500ml.","1"
"6a6e4dbf46feabf3642b654d","69db28052b56cc0c1597fc88","Alfapar 5","1"
"6a6e4dbf46feabf3642b6559","69db27ef2b56cc0c1597face","Aguja Peina Facil 5pz. V/Colores","1"
"6a6e4dbf46feabf3642b6559","69db28102b56cc0c1597fd5a","Alfapar 6NI","1"
"6a6e4dbf46feabf3642b6559","69db27f12b56cc0c1597faf0","Alain Silver Hot Tratamiento Restauraurador","1"
"6a6e4dbf46feabf3642b655d","69db27fe2b56cc0c1597fbfc","Alfapar 10.21","1"
"6a6e4dbf46feabf3642b655d","69db27ff2b56cc0c1597fc0a","Alfapar 10.31","1"
"6a6e4dbf46feabf3642b655d","69db27f62b56cc0c1597fb5b","Alfapar benvoleo shampoo seco sin gas 150 g","1"
"6a6e4dbf46feabf3642b6566","69db27e52b56cc0c1597f9ec","Acetona Pura Mediana arys","1"
"6a6e4dbf46feabf3642b6566","69db27fd2b56cc0c1597fbee","Alfapar 10","1"
"6a6e4dbf46feabf3642b6566","69db27ef2b56cc0c1597fac5","Agoja para rayos","1"
"6a6e4dbf46feabf3642b657d","69db27f42b56cc0c1597fb29","Alexander style porta navaja","1"
"6a6e4dbf46feabf3642b6591","69db27e22b56cc0c1597f9b2","Aceite De Hueso De Mamey Para Pestañas.","1"
"6a6e4dbf46feabf3642b6597","69db28162b56cc0c1597fddf","Alfapar 7NB","1"
"6a6e4dbf46feabf3642b6597","69db27e82b56cc0c1597fa34","Acrílicos De Colores Touche diamonds","1"
"6a6e4dbf46feabf3642b6597","69db27db2b56cc0c1597f918","4x4 Pomada Extrafirme Verde 100g.","1"
"6a6e4dbf46feabf3642b659e","69db28162b56cc0c1597fdd8","Alfapar 7000","1"
"6a6e4dbf46feabf3642b65a0","69db27e42b56cc0c1597f9dc","acetona pura arys grande","1"
"6a6e4dbf46feabf3642b65a0","69db28312b56cc0c1598001f","Andis","1"
"6a6e4dbf46feabf3642b65b4","69db27f32b56cc0c1597fb17","Alaska Saca Comedones","1"
"6a6e4dbf46feabf3642b65d5","69db27da2b56cc0c1597f90a","4x4 Polvo Volumizador Seco Negro","1"
"6a6e4dbf46feabf3642b65d5","69db27e72b56cc0c1597fa11","Acondicionador Diamante 250ml.","1"
"6a6e4dbf46feabf3642b65e6","69db28192b56cc0c1597fe17","Alfapar 8.3","1"
"6a6e4dbf46feabf3642b65e6","69db27e82b56cc0c1597fa26","Acrílico Zodiaco","1"
"6a6e4dbf46feabf3642b65e6","69db27ee2b56cc0c1597faae","Adhesivo Tubo Transparente J.D/10gramos","1"
"6a6e4dbf46feabf3642b65e6","69db27ed2b56cc0c1597fa99","Adhesivo Para Rulos frasquito chico blanco","1"
"6a6e4dbf46feabf3642b6608","69db27ee2b56cc0c1597faae","Adhesivo Tubo Transparente J.D/10gramos","1"
"6a6e4dbf46feabf3642b6608","69db28222b56cc0c1597fed7","Alfapar nutritivo Mask","1"
"6a6e4dbf46feabf3642b6608","69db28232b56cc0c1597fefa","Alfapar Oxido 40 vol. 1000ml.","1"
"6a6e4dbf46feabf3642b6618","69db27cb2b56cc0c1597f7ce","4x4 Aftershave King Blue 400ml","1"
"6a6e4dbf46feabf3642b6618","69db27ef2b56cc0c1597fabe","Afaparf oxido 10 vol. 1000ml.","1"
"6a6e4dbf46feabf3642b6618","69db28272b56cc0c1597ff44","Alicate Alaska Manicure","1"
"6a6e4dbf46feabf3642b6618","69db27e72b56cc0c1597fa1f","acrílico organic blanco (white)","1"
"6a6e4dbf46feabf3642b664a","69db27ea2b56cc0c1597fa56","Adhesivo J.Denis Para Rulos/Pestañas.","1"
"6a6e4dbf46feabf3642b664a","69db27eb2b56cc0c1597fa79","adhesivo para pads color blanco tapa dorada j denis","1"
"6a6e4dbf46feabf3642b664a","69db280a2b56cc0c1597fcf1","Alfapar 6","1"
"6a6e4dbf46feabf3642b664a","69db27c72b56cc0c1597f780","4x4 aceite para barba","1"
"6a6e4dbf46feabf3642b6651","69db28212b56cc0c1597fec9","Alfapar Maschera Plex 150g.","1"
"6a6e4dbf46feabf3642b665d","69db27d62b56cc0c1597f8b9","4X4 Maquina Platinum Trimmer","1"
"6a6e4dbf46feabf3642b665d","69db28302b56cc0c15980014","Amura depilacion definitiva","1"
"6a6e4dbf46feabf3642b665d","69db27ea2b56cc0c1597fa5d","Adhesivo J.Denis Oscuro con keratina","1"
"6a6e4dbf46feabf3642b666a","69db28102b56cc0c1597fd61","Alfapar 7","1"
"6a6e4dbf46feabf3642b666a","69db27e12b56cc0c1597f98e","Aashta Tijera Cocodrilo","1"
"6a6e4dbf46feabf3642b666a","69db280c2b56cc0c1597fd14","Alfapar 6.32","1"
"6a6e4dbf46feabf3642b666a","69db27e92b56cc0c1597fa3b","Acrylic sterilizador agrílico","1"
"6a6e4dbf46feabf3642b666f","69db28182b56cc0c1597fe10","Alfapar 8.23","1"
"6a6e4dbf46feabf3642b6675","69db27f62b56cc0c1597fb52","Alfapaf 6.56","1"
"6a6e4dbf46feabf3642b6677","69db27d32b56cc0c1597f87a","4X4 Gel Cubre Cana 315gr.","1"
"6a6e4dbf46feabf3642b6677","69db282d2b56cc0c1597ffcd","Ampolletas Alfaparf Midollo di Bamboo (Blanco)","1"
"6a6e4dbf46feabf3642b6677","69db27cb2b56cc0c1597f7d5","4X4 Aftershave Power Green 400ml.","1"
"6a6e4dbf46feabf3642b6677","69db282c2b56cc0c1597ffbf","Amor us","1"
"6a6e4dbf46feabf3642b6680","69db27ce2b56cc0c1597f808","4x4 Cera Gel 280g.","1"
"6a6e4dbf46feabf3642b6680","69db27c72b56cc0c1597f780","4x4 aceite para barba","1"
"6a6e4dbf46feabf3642b6680","69db28072b56cc0c1597fcb2","Alfapar 5.5","1"
"6a6e4dbf46feabf3642b668c","69db28292b56cc0c1597ff6f","Alicate Gc Medium","1"
"6a6e4dbf46feabf3642b66a0","69db27d22b56cc0c1597f85e","4X4 Exfoliante facial","1"
"6a6e4dbf46feabf3642b66a2","69db27f22b56cc0c1597fafe","Alain silver 30ml.","1"
"6a6e4dbf46feabf3642b66a2","69db28152b56cc0c1597fdca","Alfapar 7.62","1"
"6a6e4dbf46feabf3642b66a2","69db28052b56cc0c1597fc88","Alfapar 5","1"
"6a6e4dbf46feabf3642b66b1","69db28032b56cc0c1597fc65","Alfapar 4.52","1"
"6a6e4dbf46feabf3642b66b1","69db27da2b56cc0c1597f90a","4x4 Polvo Volumizador Seco Negro","1"
"6a6e4dbf46feabf3642b66b1","69db28102b56cc0c1597fd61","Alfapar 7","1"
"6a6e4dbf46feabf3642b66b9","69db28312b56cc0c1598002d","Andis Cool Care Plus","1"
"6a6e4dbf46feabf3642b66b9","69db28102b56cc0c1597fd61","Alfapar 7","1"
"6a6e4dbf46feabf3642b66c7","69db27c82b56cc0c1597f787","4X4 Gel para afeitar menta 1kg","1"
"6a6e4dbf46feabf3642b66c7","69db27ce2b56cc0c1597f80f","4x4 Cera Rosa 100ml.","1"
"6a6e4dbf46feabf3642b66ca","69db27ea2b56cc0c1597fa56","Adhesivo J.Denis Para Rulos/Pestañas.","1"
"6a6e4dbf46feabf3642b66ca","69db282e2b56cc0c1597ffe6","Ampolletas Hidraforce - Gegenerex","1"
"6a6e4dbf46feabf3642b66d4","69db27f52b56cc0c1597fb49","Alfa sobres de 30 pz","1"
"6a6e4dbf46feabf3642b66d4","69db28142b56cc0c1597fdb5","Alfapar 7.45","1"
"6a6e4dbf46feabf3642b66d4","69db27e92b56cc0c1597fa44","Activador para Gel en Frio Touche","1"
"6a6e4dbf46feabf3642b66e0","69db27ea2b56cc0c1597fa64","Adhesivo J.Denis Transparente con keratina","1"
"6a6e4dbf46feabf3642b66e0","69db27f12b56cc0c1597faf7","Alain silver shampoo","1"
"6a6e4dbf46feabf3642b66e3","69db282e2b56cc0c1597ffe6","Ampolletas Hidraforce - Gegenerex","1"
"6a6e4dbf46feabf3642b66e3","69db27da2b56cc0c1597f903","4x4 Pasta Dorada 200g.","1"
"6a6e4dbf46feabf3642b66f9","69db27f42b56cc0c1597fb30","Alexander Style Tijera 7.5","1"
"6a6e4dbf46feabf3642b66f9","69db28122b56cc0c1597fd84","Alfapar 7.3","1"
"6a6e4dbf46feabf3642b6704","69db27ea2b56cc0c1597fa5d","Adhesivo J.Denis Oscuro con keratina","1"
"6a6e4dbf46feabf3642b6704","69db27eb2b56cc0c1597fa6b","adhesivo latex para rulos o pads liftin j denis","1"
"6a6e4dbf46feabf3642b6704","69db28012b56cc0c1597fc2d","Alfapar 11.13","1"
"6a6e4dbf46feabf3642b6704","69db28252b56cc0c1597ff16","Alfapar Semi di lino 50ml.","1"
"6a6e4dbf46feabf3642b6714","69db28092b56cc0c1597fcce","Alfapar 5.65","1"
"6a6e4dbf46feabf3642b6714","69db27f02b56cc0c1597fae0","Alain silver tratamiento","1"
"6a6e4dbf46feabf3642b671d","69db27d62b56cc0c1597f8ab","4x4 Maquina platino 10000 RPM","1"
"6a6e4dbf46feabf3642b671d","69db281c2b56cc0c1597fe64","Alfapar 9.13","1"
"6a6e4dbf46feabf3642b671d","69db28062b56cc0c1597fc9d","Alfapar 5.3","1"
"6a6e4dbf46feabf3642b671d","69db281f2b56cc0c1597fe98","Alfapar ampoll. anti caida","1"
"6a6e4dbf46feabf3642b672e","69db280e2b56cc0c1597fd3e","Alfapar 6.6","1"
"6a6e4dbf46feabf3642b6730","69db281c2b56cc0c1597fe56","Alfapar 9.04","1"
"6a6e4dbf46feabf3642b6730","69db28042b56cc0c1597fc73","Alfapar 4.66I","1"
"6a6e4dbf46feabf3642b6730","69db27e72b56cc0c1597fa11","Acondicionador Diamante 250ml.","1"
"6a6e4dbf46feabf3642b6730","69db28062b56cc0c1597fc8f","Alfapar 5.1","1"
"6a6e4dbf46feabf3642b6735","69db28322b56cc0c15980036","Andis Cuchilla Mini","1"
"6a6e4dbf46feabf3642b6749","69db282e2b56cc0c1597ffe6","Ampolletas Hidraforce - Gegenerex","1"
"6a6e4dbf46feabf3642b6749","69db281d2b56cc0c1597fe6b","Alfapar 9.2","1"
"6a6e4dbf46feabf3642b6749","69db281a2b56cc0c1597fe3a","Alfapar 8.66I","1"
"6a6e4dbf46feabf3642b6749","69db28182b56cc0c1597fe02","Alfapar 8.13","1"
"6a6e4dbf46feabf3642b675a","69db28132b56cc0c1597fda0","Alfapar 7.35","1"
"6a6e4dbf46feabf3642b675a","69db282f2b56cc0c1597fff1","Ampolletas Revive Bifasica","1"
"6a6e4dbf46feabf3642b675a","69db27d12b56cc0c1597f840","4X4 Cuchilla Normal","1"
"6a6e4dbf46feabf3642b6760","69db27e12b56cc0c1597f99c","aashta tijeras ps817","1"
"6a6e4dbf46feabf3642b6760","69db28032b56cc0c1597fc65","Alfapar 4.52","1"
"6a6e4dbf46feabf3642b6760","69db27d72b56cc0c1597f8c0","4x4 Mascarilla Capilar Open Secret","1"
"6a6e4dbf46feabf3642b6760","69db282e2b56cc0c1597ffdb","Ampolletas Alfaparf Semi Di Lino Shine Lotion (Lila)","1"
"6a6e4dbf46feabf3642b676a","69db281f2b56cc0c1597fea6","Alfapar Brocha y cio para tinte","1"
"6a6e4dbf46feabf3642b676c","69db27ed2b56cc0c1597fa99","Adhesivo Para Rulos frasquito chico blanco","1"
"6a6e4dbf46feabf3642b676e","69db28302b56cc0c15980006","Ampolletas Revive Pre-Perm","1"
"6a6e4dbf46feabf3642b676e","69db27d72b56cc0c1597f8c9","4x4 matizante violeta","1"
"6a6e4dbf46feabf3642b6771","69db27d42b56cc0c1597f88f","4x4 Goma 280ml.","1"
"6a6e4dbf46feabf3642b6771","69db27d12b56cc0c1597f84e","4x4 Desinfectante Antibacterial 250ml.","1"
"6a6e4dbf46feabf3642b6771","69db280b2b56cc0c1597fcf8","Alfapar 6.01","1"
"6a6e4dbf46feabf3642b6771","69db27ee2b56cc0c1597faae","Adhesivo Tubo Transparente J.D/10gramos","1"
"6a6e4dbf46feabf3642b6796","69db27fa2b56cc0c1597fbaf","Alfapar shampoo Rigen Dañado 250g.","1"
"6a6e4dbf46feabf3642b6796","69db28152b56cc0c1597fdca","Alfapar 7.62","1"
"6a6e4dbf46feabf3642b6796","69db27d72b56cc0c1597f8c0","4x4 Mascarilla Capilar Open Secret","1"
"6a6e4dbf46feabf3642b67c3","69db27c92b56cc0c1597f7a0","4x4 minoxidil","1"
"6a6e4dbf46feabf3642b67c3","69db280a2b56cc0c1597fcea","Alfapar 5NI","1"
"6a6e4dbf46feabf3642b67d0","69db27e82b56cc0c1597fa2d","Acrílico Eteri Organic","1"
"6a6e4dbf46feabf3642b67d0","69db27ca2b56cc0c1597f7b0","4x4 papel cuello blanco de 5 pz.","1"
"6a6e4dbf46feabf3642b67dd","69db27de2b56cc0c1597f95e","4x4 Talco Invencible","1"
"6a6e4dbf46feabf3642b67dd","69db280f2b56cc0c1597fd4c","Alfapar 6.7","1"
"6a6e4dbf46feabf3642b67e0","69db27ca2b56cc0c1597f7b9","4x4 Pomada azul 100g","1"
"6a6e4dbf46feabf3642b67e2","69db282c2b56cc0c1597ffbf","Amor us","1"
"6a6e4dbf46feabf3642b67e2","69db27e32b56cc0c1597f9c6","Aceite Para Cuticula Touche Frambuesa","1"
"6a6e4dbf46feabf3642b67e2","69db27f42b56cc0c1597fb30","Alexander Style Tijera 7.5","1"
"6a6e4dbf46feabf3642b67e2","69db27f12b56cc0c1597faf7","Alain silver shampoo","1"
"6a6e4dbf46feabf3642b67ea","69db28152b56cc0c1597fdc3","Alfapar 7.6","1"
"6a6e4dbf46feabf3642b67ec","69db28192b56cc0c1597fe25","Alfapar 8.32","1"
"6a6e4dbf46feabf3642b67ec","69db27e52b56cc0c1597f9ec","Acetona Pura Mediana arys","1"
"6a6e4dbf46feabf3642b67ec","69db27fc2b56cc0c1597fbcb","alfapar 013","1"
"6a6e4dbf46feabf3642b67ec","69db282e2b56cc0c1597ffe6","Ampolletas Hidraforce - Gegenerex","1"
"6a6e4dbf46feabf3642b67f1","69db27dd2b56cc0c1597f93b","4x4 shampoo matiz negro 300ml.","1"
"6a6e4dbf46feabf3642b67f3","69db282d2b56cc0c1597ffcd","Ampolletas Alfaparf Midollo di Bamboo (Blanco)","1"
"6a6e4dbf46feabf3642b67fa","69db27fd2b56cc0c1597fbe0","Alfapar 1","1"
"6a6e4dbf46feabf3642b67fa","69db280e2b56cc0c1597fd37","Alfapar 6.53","1"
"6a6e4dbf46feabf3642b67fd","69db27e42b56cc0c1597f9e5","Acetona Pura Chica (frasco hidra)","1"
"6a6e4dbf46feabf3642b67fd","69db27e92b56cc0c1597fa44","Activador para Gel en Frio Touche","1"
"6a6e4dbf46feabf3642b67fd","69db27df2b56cc0c1597f965","4x4 Talco Ultra Fino","1"
"6a6e4dbf46feabf3642b67fd","69db28312b56cc0c1598001f","Andis","1"
"6a6e4dbf46feabf3642b6802","69db28102b56cc0c1597fd68","Alfapar 7.01","1"
"6a6e4dbf46feabf3642b6802","69db28262b56cc0c1597ff34","Alfaparf spray porificante 100ml.","1"
"6a6e4dbf46feabf3642b6802","69db27e52b56cc0c1597f9ec","Acetona Pura Mediana arys","1"
"6a6e4dbf46feabf3642b6806","69db27ff2b56cc0c1597fc0a","Alfapar 10.31","1"
"6a6e4dbf46feabf3642b6806","69db281a2b56cc0c1597fe3a","Alfapar 8.66I","1"
"6a6e4dbf46feabf3642b6806","69db28232b56cc0c1597fefa","Alfapar Oxido 40 vol. 1000ml.","1"
"6a6e4dbf46feabf3642b6806","69db28002b56cc0c1597fc18","Alfapar 11.00","1"
"6a6e4dbf46feabf3642b6824","69db27ee2b56cc0c1597faa7","Adhesivo Tubo oscuro J.D/10gramos","1"
"6a6e4dbf46feabf3642b6824","69db281b2b56cc0c1597fe41","Alfapar 8NB","1"
"6a6e4dbf46feabf3642b6824","69db28192b56cc0c1597fe1e","Alfapar 8.31","1"
"6a6e4dbf46feabf3642b6824","69db280f2b56cc0c1597fd4c","Alfapar 6.7","1"
"6a6e4dbf46feabf3642b6840","69db27da2b56cc0c1597f90a","4x4 Polvo Volumizador Seco Negro","1"
"6a6e4dbf46feabf3642b6840","69db27df2b56cc0c1597f965","4x4 Talco Ultra Fino","1"
"6a6e4dbf46feabf3642b6840","69db28082b56cc0c1597fcb9","Alfapar 5.53","1"
"6a6e4dbf46feabf3642b684b","69db28202b56cc0c1597febb","Alfapar Keratin Therapy lisse Oil 50ml.","1"
"6a6e4dbf46feabf3642b684b","69db27f82b56cc0c1597fb8c","Alfapar 9.423","1"
"6a6e4dbf46feabf3642b684b","69db27d12b56cc0c1597f847","4x4 Cuchilla Trimer","1"
"6a6e4dbf46feabf3642b684f","69db27d32b56cc0c1597f86c","4x4 Gel 500g.","1"
"6a6e4dbf46feabf3642b6858","69db281a2b56cc0c1597fe2c","Alfapar 8.4","1"
"6a6e4dbf46feabf3642b685d","69db280a2b56cc0c1597fcea","Alfapar 5NI","1"
"6a6e4dbf46feabf3642b685d","69db281a2b56cc0c1597fe33","Alfapar 8.43","1"
"6a6e4dbf46feabf3642b685d","69db27da2b56cc0c1597f903","4x4 Pasta Dorada 200g.","1"
"6a6e4dbf46feabf3642b685d","69db280f2b56cc0c1597fd53","Alfapar 6NB","1"
"6a6e4dbf46feabf3642b6862","69db28302b56cc0c15980006","Ampolletas Revive Pre-Perm","1"
"6a6e4dbf46feabf3642b6862","69db27fa2b56cc0c1597fbaf","Alfapar shampoo Rigen Dañado 250g.","1"
"6a6e4dbf46feabf3642b6862","69db28162b56cc0c1597fddf","Alfapar 7NB","1"
"6a6e4dbf46feabf3642b6869","69db28142b56cc0c1597fdbc","Alfapar 7.53","1"
"6a6e4dbf46feabf3642b6871","69db28202b56cc0c1597feb4","Alfapar keratin therapy lisse acondicionador 250ml.","1"
"6a6e4dbf46feabf3642b6873","69db27cd2b56cc0c1597f801","4x4 cera gel kg.","1"
"6a6e4dbf46feabf3642b6873","69db28042b56cc0c1597fc73","Alfapar 4.66I","1"
"6a6e4dbf46feabf3642b6873","69db28232b56cc0c1597fefa","Alfapar Oxido 40 vol. 1000ml.","1"
"6a6e4dbf46feabf3642b687a","69db28022b56cc0c1597fc49","Alfapar 2","1"
"6a6e4dbf46feabf3642b687a","69db27d12b56cc0c1597f840","4X4 Cuchilla Normal","1"
"6a6e4dbf46feabf3642b68a7","69db27ca2b56cc0c1597f7b9","4x4 Pomada azul 100g","1"
"6a6e4dbf46feabf3642b68b2","69db28192b56cc0c1597fe1e","Alfapar 8.31","1"
"6a6e4dbf46feabf3642b68b2","69db28202b56cc0c1597febb","Alfapar Keratin Therapy lisse Oil 50ml.","1"
"6a6e4dbf46feabf3642b68b2","69db27ec2b56cc0c1597fa80","adhesivo para pads color blanco  trasparente j denis","1"
"6a6e4dbf46feabf3642b68b2","69db281b2b56cc0c1597fe48","Alfapar 8NI","1"
"6a6e4dbf46feabf3642b68c6","69db27cb2b56cc0c1597f7ce","4x4 Aftershave King Blue 400ml","1"
"6a6e4dbf46feabf3642b68c6","69db27f72b56cc0c1597fb70","Alfaparf 10.342","1"
"6a6e4dbf46feabf3642b68c6","69db27d62b56cc0c1597f8b2","4X4 Maquina Platinum Clipper","1"
"6a6e4dbf46feabf3642b68c6","69db28182b56cc0c1597fe09","Alfapar 8.21","1"
"6a6e4dbf46feabf3642b68cb","69db27ce2b56cc0c1597f808","4x4 Cera Gel 280g.","1"
"6a6e4dbf46feabf3642b68cb","69db27cc2b56cc0c1597f7dc","4X4 Aftershave Power Gold 400ml.","1"
"6a6e4dbf46feabf3642b68cb","69db281b2b56cc0c1597fe4f","Alfapar 9","1"
"6a6e4dbf46feabf3642b68cb","69db27da2b56cc0c1597f90a","4x4 Polvo Volumizador Seco Negro","1"
"6a6e4dbf46feabf3642b68ee","69db280f2b56cc0c1597fd53","Alfapar 6NB","1"
"6a6e4dbf46feabf3642b68fd","69db27ec2b56cc0c1597fa80","adhesivo para pads color blanco  trasparente j denis","1"
"6a6e4dbf46feabf3642b68fd","69db280a2b56cc0c1597fce3","Alfapar 5NB","1"
"6a6e4dbf46feabf3642b68fd","69db28232b56cc0c1597fefa","Alfapar Oxido 40 vol. 1000ml.","1"
"6a6e4dbf46feabf3642b68fd","69db28282b56cc0c1597ff68","Alicate GC Large","1"
"6a6e4dbf46feabf3642b6902","69db28102b56cc0c1597fd68","Alfapar 7.01","1"
"6a6e4dbf46feabf3642b6904","69db27d82b56cc0c1597f8d2","4x4 navaja platinum","1"
"6a6e4dbf46feabf3642b6904","69db28072b56cc0c1597fcb2","Alfapar 5.5","1"
"6a6e4dbf46feabf3642b6904","69db27f72b56cc0c1597fb70","Alfaparf 10.342","1"
"6a6e4dbf46feabf3642b690b","69db28212b56cc0c1597fec2","Alfapar Keratin Therapy Shampoo 250ml.","1"
"6a6e4dbf46feabf3642b690b","69db282d2b56cc0c1597ffcd","Ampolletas Alfaparf Midollo di Bamboo (Blanco)","1"
"6a6e4dbf46feabf3642b690b","69db27f12b56cc0c1597fae9","alain silver herbal 9","1"
"6a6e4dbf46feabf3642b6914","69db27ee2b56cc0c1597faa7","Adhesivo Tubo oscuro J.D/10gramos","1"
"6a6e4dbf46feabf3642b6914","69db27cf2b56cc0c1597f81d","4x4 Cera Telaraña 100ml.","1"
"6a6e4dbf46feabf3642b6926","69db28032b56cc0c1597fc65","Alfapar 4.52","1"
"6a6e4dbf46feabf3642b6926","69db27e62b56cc0c1597fa01","Acetona Touche 225ml.","1"
"6a6e4dbf46feabf3642b6926","69db27ce2b56cc0c1597f816","4x4 Cera Rosa 200ml.","1"
"6a6e4dbf46feabf3642b692a","69db28192b56cc0c1597fe25","Alfapar 8.32","1"
"6a6e4dbf46feabf3642b692a","69db28092b56cc0c1597fcd5","Alfapar 5.66I","1"
"6a6e4dbf46feabf3642b692a","69db27e12b56cc0c1597f99c","aashta tijeras ps817","1"
"6a6e4dbf46feabf3642b692a","69db28272b56cc0c1597ff52","Alicate Alaska Spa","1"
"6a6e4dbf46feabf3642b692f","69db28202b56cc0c1597feb4","Alfapar keratin therapy lisse acondicionador 250ml.","1"
"6a6e4dbf46feabf3642b692f","69db27d52b56cc0c1597f8a4","4X4 Maquina inalambrica clipper heavy duty metalica G.","1"
"6a6e4dbf46feabf3642b692f","69db27d02b56cc0c1597f839","4x4 Cuchilla DLC","1"
"6a6e4dbf46feabf3642b693c","69db28002b56cc0c1597fc18","Alfapar 11.00","1"
"6a6e4dbf46feabf3642b693c","69db27d62b56cc0c1597f8b9","4X4 Maquina Platinum Trimmer","1"
"6a6e4dbf46feabf3642b693c","69db27cc2b56cc0c1597f7e3","4x4 Aftershave Rojo 400ml.","1"
"6a6e4dbf46feabf3642b6945","69db28022b56cc0c1597fc50","Alfapar 3","1"
"6a6e4dbf46feabf3642b6950","69db28202b56cc0c1597fead","Alfapar keratin mask","1"
"6a6e4dbf46feabf3642b6963","69db28042b56cc0c1597fc73","Alfapar 4.66I","1"
"6a6e4dbf46feabf3642b6963","69db28242b56cc0c1597ff0f","Alfapar salone shampoo 500ml.","1"
"6a6e4dbf46feabf3642b6963","69db282f2b56cc0c1597ffff","Ampolletas Revive Fortificante","1"
"6a6e4dbf46feabf3642b6981","69db28202b56cc0c1597febb","Alfapar Keratin Therapy lisse Oil 50ml.","1"
"6a6e4dbf46feabf3642b6981","69db28002b56cc0c1597fc26","Alfapar 11.11","1"
"6a6e4dbf46feabf3642b6981","69db27cb2b56cc0c1597f7ce","4x4 Aftershave King Blue 400ml","1"
"6a6e4dbf46feabf3642b6985","69db28102b56cc0c1597fd68","Alfapar 7.01","1"
"6a6e4dbf46feabf3642b6998","69db27d32b56cc0c1597f873","4x4 gel afeitar 955kg azul","1"
"6a6e4dbf46feabf3642b6998","69db27fc2b56cc0c1597fbd9","Alfapar 03","1"
"6a6e4dbf46feabf3642b6998","69db27f62b56cc0c1597fb62","alfapar Real Rigen mascar. dañado 500g.","1"
"6a6e4dbf46feabf3642b699c","69db27ef2b56cc0c1597face","Aguja Peina Facil 5pz. V/Colores","1"
"6a6e4dbf46feabf3642b699c","69db28042b56cc0c1597fc7a","Alfapar 4NB","1"
"6a6e4dbf46feabf3642b699c","69db27e12b56cc0c1597f99c","aashta tijeras ps817","1"
"6a6e4dbf46feabf3642b699c","69db28092b56cc0c1597fcdc","Alfapar 5.7","1"
"6a6e4dbf46feabf3642b69b2","69db28012b56cc0c1597fc34","Alfapar 11.20","1"
"6a6e4dbf46feabf3642b69b2","69db28012b56cc0c1597fc2d","Alfapar 11.13","1"
"6a6e4dbf46feabf3642b69b2","69db28212b56cc0c1597fec2","Alfapar Keratin Therapy Shampoo 250ml.","1"
"6a6e4dbf46feabf3642b69c3","69db28032b56cc0c1597fc5e","Alfapar 4.32","1"
"6a6e4dbf46feabf3642b69c3","69db27d82b56cc0c1597f8d9","4x4 oferta cera pasta y pomada 3pz.","1"
"6a6e4dbf46feabf3642b69c3","69db28112b56cc0c1597fd76","Alfapar 7.13","1"
"6a6e4dbf46feabf3642b69c7","69db282b2b56cc0c1597ff97","Almoadillas de algodon","1"
"6a6e4dbf46feabf3642b69c7","69db27e42b56cc0c1597f9d1","ACETONA ORGANIC 120 ML","1"
"6a6e4dbf46feabf3642b69ca","69db28102b56cc0c1597fd68","Alfapar 7.01","1"
"6a6e4dbf46feabf3642b69d1","69db28242b56cc0c1597ff08","Alfapar Real Rigen k.","1"
"6a6e4dbf46feabf3642b69d1","69db27de2b56cc0c1597f957","4x4 spray","1"
"6a6e4dbf46feabf3642b69d4","69db28222b56cc0c1597fede","Alfapar Olio Plex 100ml","1"
"6a6e4dbf46feabf3642b69e7","69db281a2b56cc0c1597fe33","Alfapar 8.43","1"
"6a6e4dbf46feabf3642b69f1","69db282c2b56cc0c1597ffb6","Amor pinza pestañas","1"
"6a6e4dbf46feabf3642b69f1","69db280a2b56cc0c1597fcf1","Alfapar 6","1"
"6a6e4dbf46feabf3642b69f1","69db282b2b56cc0c1597ffa2","Aluminio Profesional Mopi","1"
"6a6e4dbf46feabf3642b69fa","69db28012b56cc0c1597fc3b","Alfapar 11.21","1"
"6a6e4dbf46feabf3642b6a10","69db27e02b56cc0c1597f979","aashta kit 2 pz.","1"
"6a6e4dbf46feabf3642b6a10","69db28162b56cc0c1597fdd8","Alfapar 7000","1"
"6a6e4dbf46feabf3642b6a20","69db281f2b56cc0c1597fe98","Alfapar ampoll. anti caida","1"
"6a6e4dbf46feabf3642b6a25","69db280c2b56cc0c1597fd0d","Alfapar 6.3","1"
"6a6e4dbf46feabf3642b6a25","69db27f62b56cc0c1597fb5b","Alfapar benvoleo shampoo seco sin gas 150 g","1"
"6a6e4dbf46feabf3642b6a32","69db280a2b56cc0c1597fcf1","Alfapar 6","1"
"6a6e4dbf46feabf3642b6a43","69db27eb2b56cc0c1597fa79","adhesivo para pads color blanco tapa dorada j denis","1"
"6a6e4dbf46feabf3642b6a43","69db27ea2b56cc0c1597fa56","Adhesivo J.Denis Para Rulos/Pestañas.","1"
"6a6e4dbf46feabf3642b6a46","69db282d2b56cc0c1597ffcd","Ampolletas Alfaparf Midollo di Bamboo (Blanco)","1"
"6a6e4dbf46feabf3642b6a46","69db281a2b56cc0c1597fe2c","Alfapar 8.4","1"
"6a6e4dbf46feabf3642b6a46","69db282d2b56cc0c1597ffc6","Ampolletas Alfaparf Aceite Lenitivo","1"
"6a6e4dbf46feabf3642b6a4a","69db28212b56cc0c1597fec9","Alfapar Maschera Plex 150g.","1"
"6a6e4dbf46feabf3642b6a4a","69db27df2b56cc0c1597f970","Aashta clip metalico o sojetador","1"
"6a6e4dbf46feabf3642b6a4a","69db28042b56cc0c1597fc73","Alfapar 4.66I","1"
"6a6e4dbf46feabf3642b6a4a","69db282c2b56cc0c1597ffb6","Amor pinza pestañas","1"
"6a6e4dbf46feabf3642b6a4f","69db28272b56cc0c1597ff44","Alicate Alaska Manicure","1"
"6a6e4dbf46feabf3642b6a4f","69db27d72b56cc0c1597f8c0","4x4 Mascarilla Capilar Open Secret","1"
"6a6e4dbf46feabf3642b6a4f","69db27d42b56cc0c1597f88f","4x4 Goma 280ml.","1"
"6a6e4dbf46feabf3642b6a4f","69db28302b56cc0c15980006","Ampolletas Revive Pre-Perm","1"
"6a6e4dbf46feabf3642b6a59","69db27db2b56cc0c1597f911","4x4 Pomada Azul 200g","1"
"6a6e4dbf46feabf3642b6a59","69db27ff2b56cc0c1597fc03","Alfapar 10.3","1"
"6a6e4dbf46feabf3642b6a59","69db27f42b56cc0c1597fb30","Alexander Style Tijera 7.5","1"
"6a6e4dbf46feabf3642b6a60","69db27ec2b56cc0c1597fa8b","Adhesivo Para Pestañas Duo Oscuro","1"
"6a6e4dbf46feabf3642b6a67","69db27d72b56cc0c1597f8c9","4x4 matizante violeta","1"
"6a6e4dbf46feabf3642b6a67","69db27e02b56cc0c1597f987","aashta tijera ps154","1"
"6a6e4dbf46feabf3642b6a67","69db27f92b56cc0c1597fb9a","Alfapar mask 200ml.","1"
"6a6e4dbf46feabf3642b6a73","69db280a2b56cc0c1597fcf1","Alfapar 6","1"
"6a6e4dbf46feabf3642b6a73","69db27ef2b56cc0c1597fac5","Agoja para rayos","1"
"6a6e4dbf46feabf3642b6a76","69db27e42b56cc0c1597f9dc","acetona pura arys grande","1"
"6a6e4dbf46feabf3642b6a76","69db27d72b56cc0c1597f8c9","4x4 matizante violeta","1"
"6a6e4dbf46feabf3642b6a76","69db28072b56cc0c1597fca4","Alfapar 5.32","1"
"6a6e4dbf46feabf3642b6a7a","69db27d82b56cc0c1597f8e0","4x4 Off-Road Crecimiento de Barba 60g.","1"
"6a6e4dbf46feabf3642b6a7a","69db27dd2b56cc0c1597f93b","4x4 shampoo matiz negro 300ml.","1"
"6a6e4dbf46feabf3642b6a7a","69db27d32b56cc0c1597f86c","4x4 Gel 500g.","1"
"6a6e4dbf46feabf3642b6a7a","69db28022b56cc0c1597fc50","Alfapar 3","1"
"6a6e4dbf46feabf3642b6a98","69db28242b56cc0c1597ff01","Alfapar protector termico 200ml.","1"
"6a6e4dbf46feabf3642b6a98","69db27f62b56cc0c1597fb52","Alfapaf 6.56","1"
"6a6e4dbf46feabf3642b6a98","69db27d02b56cc0c1597f839","4x4 Cuchilla DLC","1"
"6a6e4dbf46feabf3642b6a98","69db28162b56cc0c1597fde6","Alfapar 7NI","1"
"6a6e4dbf46feabf3642b6a9d","69db28232b56cc0c1597feec","Alfapar Oxido 20vol. 1000ml.","1"
"6a6e4dbf46feabf3642b6a9d","69db27f72b56cc0c1597fb77","Alfaparf 11.02","1"
"6a6e4dbf46feabf3642b6aa0","69db27f62b56cc0c1597fb62","alfapar Real Rigen mascar. dañado 500g.","1"
"6a6e4dbf46feabf3642b6aa0","69db28012b56cc0c1597fc3b","Alfapar 11.21","1"
"6a6e4dbf46feabf3642b6aa0","69db27e52b56cc0c1597f9fa","Acetona quinta esmalte 98(60 ml)","1"
"6a6e4dbf46feabf3642b6aa0","69db27dc2b56cc0c1597f92d","4x4 Pomada Gris 200ml.","1"
"6a6e4dbf46feabf3642b6aa9","69db281c2b56cc0c1597fe64","Alfapar 9.13","1"
"6a6e4dbf46feabf3642b6aa9","69db28282b56cc0c1597ff5d","Alicate barrilito","1"
"6a6e4dbf46feabf3642b6aa9","69db27da2b56cc0c1597f903","4x4 Pasta Dorada 200g.","1"
"6a6e4dbf46feabf3642b6ab7","69db28102b56cc0c1597fd5a","Alfapar 6NI","1"
"6a6e4dbf46feabf3642b6ab7","69db281a2b56cc0c1597fe33","Alfapar 8.43","1"
"6a6e4dbf46feabf3642b6ab7","69db281b2b56cc0c1597fe4f","Alfapar 9","1"
"6a6e4dbf46feabf3642b6ab7","69db28302b56cc0c15980006","Ampolletas Revive Pre-Perm","1"
"6a6e4dbf46feabf3642b6acc","69db280a2b56cc0c1597fce3","Alfapar 5NB","1"
"6a6e4dbf46feabf3642b6acc","69db27ca2b56cc0c1597f7b0","4x4 papel cuello blanco de 5 pz.","1"
"6a6e4dbf46feabf3642b6acc","69db282c2b56cc0c1597ffb6","Amor pinza pestañas","1"
"6a6e4dbf46feabf3642b6ad0","69db27e92b56cc0c1597fa4b","Adesivo para extenciones Pestañas","1"
"6a6e4dbf46feabf3642b6ad2","69db27f62b56cc0c1597fb52","Alfapaf 6.56","1"
"6a6e4dbf46feabf3642b6ad4","69db27f82b56cc0c1597fb85","Alfapar 8.34","1"
"6a6e4dbf46feabf3642b6ae9","69db282f2b56cc0c1597fff1","Ampolletas Revive Bifasica","1"
"6a6e4dbf46feabf3642b6ae9","69db27de2b56cc0c1597f957","4x4 spray","1"
"6a6e4dbf46feabf3642b6ae9","69db27ef2b56cc0c1597fabe","Afaparf oxido 10 vol. 1000ml.","1"
"6a6e4dbf46feabf3642b6b02","69db27d92b56cc0c1597f8f5","4x4 papel cuello negro 5 pz","1"
"6a6e4dbf46feabf3642b6b02","69db27cd2b56cc0c1597f801","4x4 cera gel kg.","1"
"6a6e4dbf46feabf3642b6b02","69db280c2b56cc0c1597fd14","Alfapar 6.32","1"
"6a6e4dbf46feabf3642b6b06","69db281d2b56cc0c1597fe79","Alfapar 9.3","1"
"6a6e4dbf46feabf3642b6b06","69db28142b56cc0c1597fdae","Alfapar 7.43","1"
"6a6e4dbf46feabf3642b6b06","69db27d82b56cc0c1597f8d2","4x4 navaja platinum","1"
"6a6e4dbf46feabf3642b6b06","69db27cc2b56cc0c1597f7ec","4x4 Balsamo Cubre Canas 100g.","1"
"6a6e4dbf46feabf3642b6b1a","69db27e42b56cc0c1597f9e5","Acetona Pura Chica (frasco hidra)","1"
"6a6e4dbf46feabf3642b6b24","69db27e92b56cc0c1597fa4b","Adesivo para extenciones Pestañas","1"
"6a6e4dbf46feabf3642b6b24","69db27eb2b56cc0c1597fa79","adhesivo para pads color blanco tapa dorada j denis","1"
"6a6e4dbf46feabf3642b6b24","69db28262b56cc0c1597ff2b","Alfaparf Shampoo Plex 250g.","1"
"6a6e4dbf46feabf3642b6b48","69db282b2b56cc0c1597ffad","Amor us sponge","1"
"6a6e4dbf46feabf3642b6b48","69db27fb2b56cc0c1597fbbd","Alfapar 000SSS","1"
"6a6e4dbf46feabf3642b6b52","69db28202b56cc0c1597febb","Alfapar Keratin Therapy lisse Oil 50ml.","1"
"6a6e4dbf46feabf3642b6b52","69db27c92b56cc0c1597f799","4x4 maquina inalambrico plastico G oferta de 4 pz.","1"
"6a6e4dbf46feabf3642b6b52","69db28022b56cc0c1597fc57","Alfapar 4","1"
"6a6e4dbf46feabf3642b6b56","69db27cb2b56cc0c1597f7c7","4x4 Aftershave Amarillo 400ml.","1"
"6a6e4dbf46feabf3642b6b56","69db281c2b56cc0c1597fe5d","Alfapar 9.1","1"
"6a6e4dbf46feabf3642b6b56","69db28242b56cc0c1597ff0f","Alfapar salone shampoo 500ml.","1"
"6a6e4dbf46feabf3642b6b56","69db27e72b56cc0c1597fa11","Acondicionador Diamante 250ml.","1"
"6a6e4dbf46feabf3642b6b66","69db28242b56cc0c1597ff01","Alfapar protector termico 200ml.","1"
"6a6e4dbf46feabf3642b6b6b","69db282c2b56cc0c1597ffbf","Amor us","1"
"6a6e4dbf46feabf3642b6b6b","69db27e42b56cc0c1597f9e5","Acetona Pura Chica (frasco hidra)","1"
"6a6e4dbf46feabf3642b6b76","69db27e62b56cc0c1597fa01","Acetona Touche 225ml.","1"
"6a6e4dbf46feabf3642b6b76","69db27e42b56cc0c1597f9e5","Acetona Pura Chica (frasco hidra)","1"
"6a6e4dbf46feabf3642b6b79","69db27d02b56cc0c1597f82b","4X4 Combo pow 5 pz.","1"
"6a6e4dbf46feabf3642b6b79","69db27ea2b56cc0c1597fa5d","Adhesivo J.Denis Oscuro con keratina","1"
"6a6e4dbf46feabf3642b6b7c","69db28212b56cc0c1597fed0","Alfapar mask. keratin therapy","1"
"6a6e4dbf46feabf3642b6b7c","69db27f12b56cc0c1597faf0","Alain Silver Hot Tratamiento Restauraurador","1"
"6a6e4dbf46feabf3642b6b8d","69db27dd2b56cc0c1597f949","4x4 shampoo cbd minoxidi 500ml.","1"
"6a6e4dbf46feabf3642b6b8d","69db27f62b56cc0c1597fb5b","Alfapar benvoleo shampoo seco sin gas 150 g","1"
"6a6e4dbf46feabf3642b6b90","69db28212b56cc0c1597fec9","Alfapar Maschera Plex 150g.","1"
"6a6e4dbf46feabf3642b6bab","69db27fa2b56cc0c1597fba8","Alfapar Semidelino nutritivo shampoo 250 ml.","1"
"6a6e4dbf46feabf3642b6bab","69db28092b56cc0c1597fcd5","Alfapar 5.66I","1"
"6a6e4dbf46feabf3642b6bf8","69db28192b56cc0c1597fe17","Alfapar 8.3","1"
"6a6e4dbf46feabf3642b6bf8","69db28182b56cc0c1597fe02","Alfapar 8.13","1"
"6a6e4dbf46feabf3642b6bf8","69db27de2b56cc0c1597f957","4x4 spray","1"
"6a6e4dbf46feabf3642b6bf8","69db28022b56cc0c1597fc49","Alfapar 2","1"
"6a6e4dbf46feabf3642b6c09","69db27ff2b56cc0c1597fc0a","Alfapar 10.31","1"
"6a6e4dbf46feabf3642b6c0b","69db281b2b56cc0c1597fe48","Alfapar 8NI","1"
"6a6e4dbf46feabf3642b6c0b","69db27f62b56cc0c1597fb5b","Alfapar benvoleo shampoo seco sin gas 150 g","1"
"6a6e4dbf46feabf3642b6c0b","69db27fe2b56cc0c1597fbfc","Alfapar 10.21","1"
"6a6e4dbf46feabf3642b6c16","69db27d62b56cc0c1597f8ab","4x4 Maquina platino 10000 RPM","1"
"6a6e4dbf46feabf3642b6c1c","69db27cd2b56cc0c1597f7fa","4x4 Cera en Polvo Volumizador Amarillo","1"
"6a6e4dbf46feabf3642b6c1c","69db27e32b56cc0c1597f9bb","Aceite Fortalezador Argan/Mamey","1"
"6a6e4dbf46feabf3642b6c1f","69db27cb2b56cc0c1597f7c7","4x4 Aftershave Amarillo 400ml.","1"
"6a6e4dbf46feabf3642b6c1f","69db27d42b56cc0c1597f88f","4x4 Goma 280ml.","1"
"6a6e4dbf46feabf3642b6c1f","69db27e82b56cc0c1597fa34","Acrílicos De Colores Touche diamonds","1"
"6a6e4dbf46feabf3642b6c3b","69db28172b56cc0c1597fded","Alfapar 8","1"
"6a6e4dbf46feabf3642b6c3b","69db28202b56cc0c1597feb4","Alfapar keratin therapy lisse acondicionador 250ml.","1"
"6a6e4dbf46feabf3642b6c3b","69db28232b56cc0c1597feec","Alfapar Oxido 20vol. 1000ml.","1"
"6a6e4dbf46feabf3642b6c3b","69db28112b56cc0c1597fd76","Alfapar 7.13","1"
"6a6e4dbf46feabf3642b6c4b","69db27e92b56cc0c1597fa44","Activador para Gel en Frio Touche","1"
"6a6e4dbf46feabf3642b6c4b","69db28152b56cc0c1597fdca","Alfapar 7.62","1"
"6a6e4dbf46feabf3642b6c4b","69db281e2b56cc0c1597fe8a","Alfapar 9NB","1"
"6a6e4dbf46feabf3642b6c4b","69db27de2b56cc0c1597f95e","4x4 Talco Invencible","1"
"6a6e4dbf46feabf3642b6c55","69db27d42b56cc0c1597f88f","4x4 Goma 280ml.","1"
"6a6e4dbf46feabf3642b6c5e","69db28022b56cc0c1597fc57","Alfapar 4","1"
"6a6e4dbf46feabf3642b6c5e","69db27ee2b56cc0c1597faae","Adhesivo Tubo Transparente J.D/10gramos","1"
"6a6e4dbf46feabf3642b6c65","69db27cd2b56cc0c1597f7fa","4x4 Cera en Polvo Volumizador Amarillo","1"
"6a6e4dbf46feabf3642b6c65","69db27e02b56cc0c1597f979","aashta kit 2 pz.","1"
"6a6e4dbf46feabf3642b6c65","69db27ff2b56cc0c1597fc0a","Alfapar 10.31","1"
"6a6e4dbf46feabf3642b6c7e","69db27f42b56cc0c1597fb29","Alexander style porta navaja","1"
"6a6e4dbf46feabf3642b6c7e","69db281e2b56cc0c1597fe91","Alfapar 9NI","1"
"6a6e4dbf46feabf3642b6c7e","69db27e52b56cc0c1597f9f3","Acetona Pura Touche 980ml","1"
"6a6e4dbf46feabf3642b6cb8","69db28282b56cc0c1597ff5d","Alicate barrilito","1"
"6a6e4dbf46feabf3642b6cc7","69db280e2b56cc0c1597fd37","Alfapar 6.53","1"
"6a6e4dbf46feabf3642b6cd1","69db28192b56cc0c1597fe1e","Alfapar 8.31","1"
"6a6e4dbf46feabf3642b6cd1","69db27df2b56cc0c1597f970","Aashta clip metalico o sojetador","1"
"6a6e4dbf46feabf3642b6cd1","69db28112b56cc0c1597fd76","Alfapar 7.13","1"
"6a6e4dbf46feabf3642b6cd5","69db27ce2b56cc0c1597f80f","4x4 Cera Rosa 100ml.","1"
"6a6e4dbf46feabf3642b6cd5","69db28002b56cc0c1597fc18","Alfapar 11.00","1"
"6a6e4dbf46feabf3642b6cd5","69db28012b56cc0c1597fc2d","Alfapar 11.13","1"
"6a6e4dbf46feabf3642b6cd5","69db27eb2b56cc0c1597fa79","adhesivo para pads color blanco tapa dorada j denis","1"
"6a6e4dbf46feabf3642b6cda","69db28122b56cc0c1597fd92","Alfapar 7.32","1"
"6a6e4dbf46feabf3642b6ce2","69db27e52b56cc0c1597f9fa","Acetona quinta esmalte 98(60 ml)","1"
"6a6e4dbf46feabf3642b6ce2","69db28092b56cc0c1597fcdc","Alfapar 5.7","1"
"6a6e4dbf46feabf3642b6ce2","69db28132b56cc0c1597fd99","Alfapar 7.34","1"
"6a6e4dbf46feabf3642b6ce2","69db28312b56cc0c15980026","Andis slimline pro li","1"
"6a6e4dbf46feabf3642b6cf3","69db28172b56cc0c1597fdfb","Alfapar 8.1","1"
"6a6e4dbf46feabf3642b6cf3","69db28112b56cc0c1597fd7d","Alfapar 7.21","1"
"6a6e4dbf46feabf3642b6cf3","69db28222b56cc0c1597fede","Alfapar Olio Plex 100ml","1"
"6a6e4dbf46feabf3642b6cf3","69db282c2b56cc0c1597ffb6","Amor pinza pestañas","1"
"6a6e4dbf46feabf3642b6d06","69db27fd2b56cc0c1597fbe7","Alfapar 1.11","1"
"6a6e4dbf46feabf3642b6d0a","69db28222b56cc0c1597fede","Alfapar Olio Plex 100ml","1"
"6a6e4dbf46feabf3642b6d0a","69db27dc2b56cc0c1597f926","4x4 Pomada Gris 100ml.","1"
"6a6e4dbf46feabf3642b6d0a","69db27cd2b56cc0c1597f7f3","4x4 Balsamo Negro Liquido","1"
"6a6e4dbf46feabf3642b6d13","69db28092b56cc0c1597fcce","Alfapar 5.65","1"
"6a6e4dbf46feabf3642b6d13","69db27f42b56cc0c1597fb37","Alexander tijera","1"
"6a6e4dbf46feabf3642b6d13","69db27d92b56cc0c1597f8ee","4x4 papel cuello negro un rollo","1"
"6a6e4dbf46feabf3642b6d17","69db281c2b56cc0c1597fe64","Alfapar 9.13","1"
"6a6e4dbf46feabf3642b6d17","69db27f62b56cc0c1597fb62","alfapar Real Rigen mascar. dañado 500g.","1"
"6a6e4dbf46feabf3642b6d17","69db28232b56cc0c1597feec","Alfapar Oxido 20vol. 1000ml.","1"
"6a6e4dbf46feabf3642b6d17","69db282d2b56cc0c1597ffd4","Ampolletas Alfaparf Semi Di Lino Essential Oil (Azul)","1"
"6a6e4dbf46feabf3642b6d1c","69db27e42b56cc0c1597f9d1","ACETONA ORGANIC 120 ML","1"
"6a6e4dbf46feabf3642b6d1e","69db27f32b56cc0c1597fb10","Alaska Bisturi AK-02-0019","1"
"6a6e4dbf46feabf3642b6d1e","69db28252b56cc0c1597ff24","Alfaparf shampoo cabello dañado 1 L.","1"
"6a6e4dbf46feabf3642b6d2f","69db27fd2b56cc0c1597fbe0","Alfapar 1","1"
"6a6e4dbf46feabf3642b6d2f","69db282d2b56cc0c1597ffc6","Ampolletas Alfaparf Aceite Lenitivo","1"
"6a6e4dbf46feabf3642b6d2f","69db28182b56cc0c1597fe10","Alfapar 8.23","1"
"6a6e4dbf46feabf3642b6d3f","69db27d62b56cc0c1597f8b9","4X4 Maquina Platinum Trimmer","1"
"6a6e4dbf46feabf3642b6d45","69db27cb2b56cc0c1597f7d5","4X4 Aftershave Power Green 400ml.","1"
"6a6e4dbf46feabf3642b6d45","69db28312b56cc0c15980026","Andis slimline pro li","1"
"6a6e4dbf46feabf3642b6d45","69db281d2b56cc0c1597fe72","Alfapar 9.21","1"
"6a6e4dbf46feabf3642b6d5a","69db27cc2b56cc0c1597f7e3","4x4 Aftershave Rojo 400ml.","1"
"6a6e4dbf46feabf3642b6d5a","69db28162b56cc0c1597fdd8","Alfapar 7000","1"
"6a6e4dbf46feabf3642b6d61","69db27d72b56cc0c1597f8c9","4x4 matizante violeta","1"
"6a6e4dbf46feabf3642b6d61","69db27ef2b56cc0c1597fabe","Afaparf oxido 10 vol. 1000ml.","1"
"6a6e4dbf46feabf3642b6d6f","69db27e82b56cc0c1597fa2d","Acrílico Eteri Organic","1"
"6a6e4dbf46feabf3642b6d6f","69db281b2b56cc0c1597fe41","Alfapar 8NB","1"
"6a6e4dbf46feabf3642b6d90","69db27fc2b56cc0c1597fbd2","Alfapar 02","1"
"6a6e4dbf46feabf3642b6d90","69db27d82b56cc0c1597f8e0","4x4 Off-Road Crecimiento de Barba 60g.","1"
"6a6e4dbf46feabf3642b6d9e","69db280a2b56cc0c1597fcea","Alfapar 5NI","1"
"6a6e4dbf46feabf3642b6d9e","69db27da2b56cc0c1597f90a","4x4 Polvo Volumizador Seco Negro","1"
"6a6e4dbf46feabf3642b6daf","69db28252b56cc0c1597ff24","Alfaparf shampoo cabello dañado 1 L.","1"
"6a6e4dbf46feabf3642b6daf","69db281b2b56cc0c1597fe41","Alfapar 8NB","1"
"6a6e4dbf46feabf3642b6daf","69db28282b56cc0c1597ff68","Alicate GC Large","1"
"6a6e4dbf46feabf3642b6dcc","69db27d22b56cc0c1597f85e","4X4 Exfoliante facial","1"
"6a6e4dbf46feabf3642b6dcc","69db28182b56cc0c1597fe02","Alfapar 8.13","1"
"6a6e4dbf46feabf3642b6dd6","69db28182b56cc0c1597fe09","Alfapar 8.21","1"
"6a6e4dbf46feabf3642b6dd6","69db281b2b56cc0c1597fe41","Alfapar 8NB","1"
"6a6e4dbf46feabf3642b6dd6","69db27e52b56cc0c1597f9fa","Acetona quinta esmalte 98(60 ml)","1"
"6a6e4dbf46feabf3642b6dda","69db281b2b56cc0c1597fe4f","Alfapar 9","1"
"6a6e4dbf46feabf3642b6dda","69db27d72b56cc0c1597f8c9","4x4 matizante violeta","1"
"6a6e4dbf46feabf3642b6dda","69db27ce2b56cc0c1597f808","4x4 Cera Gel 280g.","1"
"6a6e4dbf46feabf3642b6dda","69db282e2b56cc0c1597ffdb","Ampolletas Alfaparf Semi Di Lino Shine Lotion (Lila)","1"
"6a6e4dbf46feabf3642b6de8","69db27d32b56cc0c1597f87a","4X4 Gel Cubre Cana 315gr.","1"
"6a6e4dbf46feabf3642b6de8","69db282a2b56cc0c1597ff85","Alicate Lobo1330-00","1"
"6a6e4dbf46feabf3642b6de8","69db27d72b56cc0c1597f8c9","4x4 matizante violeta","1"
"6a6e4dbf46feabf3642b6dec","69db27cb2b56cc0c1597f7d5","4X4 Aftershave Power Green 400ml.","1"
"6a6e4dbf46feabf3642b6dec","69db27ca2b56cc0c1597f7c0","4x4 Aceite Para Cortadoras 118ml.","1"
"6a6e4dbf46feabf3642b6dec","69db27f62b56cc0c1597fb5b","Alfapar benvoleo shampoo seco sin gas 150 g","1"
"6a6e4dbf46feabf3642b6df5","69db28252b56cc0c1597ff24","Alfaparf shampoo cabello dañado 1 L.","1"
"6a6e4dbf46feabf3642b6df5","69db27d22b56cc0c1597f865","4x4 gel afeitar 955kg. blanco","1"
"6a6e4dbf46feabf3642b6df5","69db27fc2b56cc0c1597fbd9","Alfapar 03","1"
"6a6e4dbf46feabf3642b6df5","69db281d2b56cc0c1597fe6b","Alfapar 9.2","1"
"6a6e4dbf46feabf3642b6e01","69db27fa2b56cc0c1597fba8","Alfapar Semidelino nutritivo shampoo 250 ml.","1"
"6a6e4dbf46feabf3642b6e03","69db282d2b56cc0c1597ffc6","Ampolletas Alfaparf Aceite Lenitivo","1"
"6a6e4dbf46feabf3642b6e03","69db28092b56cc0c1597fcce","Alfapar 5.65","1"
"6a6e4dbf46feabf3642b6e03","69db27ef2b56cc0c1597face","Aguja Peina Facil 5pz. V/Colores","1"
"6a6e4dbf46feabf3642b6e16","69db27ee2b56cc0c1597faa7","Adhesivo Tubo oscuro J.D/10gramos","1"
"6a6e4dbf46feabf3642b6e16","69db28182b56cc0c1597fe09","Alfapar 8.21","1"
"6a6e4dbf46feabf3642b6e16","69db28282b56cc0c1597ff5d","Alicate barrilito","1"
"6a6e4dbf46feabf3642b6e1f","69db28162b56cc0c1597fdd8","Alfapar 7000","1"
"6a6e4dbf46feabf3642b6e1f","69db27f32b56cc0c1597fb1e","Alaska Tijera Manicure","1"
"6a6e4dbf46feabf3642b6e1f","69db28062b56cc0c1597fc8f","Alfapar 5.1","1"
"6a6e4dbf46feabf3642b6e2b","69db28032b56cc0c1597fc5e","Alfapar 4.32","1"
"6a6e4dbf46feabf3642b6e2b","69db28082b56cc0c1597fcb9","Alfapar 5.53","1"
"6a6e4dbf46feabf3642b6e2b","69db27f52b56cc0c1597fb49","Alfa sobres de 30 pz","1"
"6a6e4dbf46feabf3642b6e2b","69db27f82b56cc0c1597fb8c","Alfapar 9.423","1"
"6a6e4dbf46feabf3642b6e4a","69db27e72b56cc0c1597fa18","acrílico cristal organic 50 gramos 1.76 oz","1"
"6a6e4dbf46feabf3642b6e68","69db27fd2b56cc0c1597fbee","Alfapar 10","1"
"6a6e4dbf46feabf3642b6e68","69db27cf2b56cc0c1597f81d","4x4 Cera Telaraña 100ml.","1"
"6a6e4dbf46feabf3642b6e68","69db27d92b56cc0c1597f8e7","4x4 papel cuello blanco rollo","1"
"6a6e4dbf46feabf3642b6e68","69db28152b56cc0c1597fdd1","Alfapar 7.66I","1"
"6a6e4dbf46feabf3642b6e6d","69db28282b56cc0c1597ff68","Alicate GC Large","1"
"6a6e4dbf46feabf3642b6e6f","69db28172b56cc0c1597fdf4","Alfapar 8.01","1"
"6a6e4dbf46feabf3642b6e78","69db27f12b56cc0c1597faf7","Alain silver shampoo","1"
"6a6e4dbf46feabf3642b6e78","69db27d42b56cc0c1597f88f","4x4 Goma 280ml.","1"
"6a6e4dbf46feabf3642b6e78","69db27fc2b56cc0c1597fbd2","Alfapar 02","1"
"6a6e4dbf46feabf3642b6e87","69db282d2b56cc0c1597ffcd","Ampolletas Alfaparf Midollo di Bamboo (Blanco)","1"
"6a6e4dbf46feabf3642b6e87","69db281f2b56cc0c1597fe9f","Alfapar benvoleo olio nutritivo 100ml.","1"
"6a6e4dbf46feabf3642b6e87","69db27e62b56cc0c1597fa01","Acetona Touche 225ml.","1"
"6a6e4dbf46feabf3642b6e87","69db28242b56cc0c1597ff08","Alfapar Real Rigen k.","1"
"6a6e4dbf46feabf3642b6e8e","69db27dd2b56cc0c1597f949","4x4 shampoo cbd minoxidi 500ml.","1"
"6a6e4dbf46feabf3642b6e8e","69db27cd2b56cc0c1597f7fa","4x4 Cera en Polvo Volumizador Amarillo","1"
"6a6e4dbf46feabf3642b6e98","69db28312b56cc0c1598002d","Andis Cool Care Plus","1"
"6a6e4dbf46feabf3642b6e98","69db28182b56cc0c1597fe10","Alfapar 8.23","1"
"6a6e4dbf46feabf3642b6e9b","69db28202b56cc0c1597febb","Alfapar Keratin Therapy lisse Oil 50ml.","1"
"6a6e4dbf46feabf3642b6e9b","69db28252b56cc0c1597ff16","Alfapar Semi di lino 50ml.","1"
"6a6e4dbf46feabf3642b6e9b","69db28262b56cc0c1597ff2b","Alfaparf Shampoo Plex 250g.","1"
"6a6e4dbf46feabf3642b6ed8","69db28172b56cc0c1597fdf4","Alfapar 8.01","1"
"6a6e4dbf46feabf3642b6ed8","69db28152b56cc0c1597fdc3","Alfapar 7.6","1"
"6a6e4dbf46feabf3642b6ef0","69db281f2b56cc0c1597fe9f","Alfapar benvoleo olio nutritivo 100ml.","1"
"6a6e4dbf46feabf3642b6ef0","69db280b2b56cc0c1597fcf8","Alfapar 6.01","1"
"6a6e4dbf46feabf3642b6ef0","69db28192b56cc0c1597fe1e","Alfapar 8.31","1"
"6a6e4dbf46feabf3642b6ef0","69db28212b56cc0c1597fec2","Alfapar Keratin Therapy Shampoo 250ml.","1"
"6a6e4dbf46feabf3642b6f20","69db27f92b56cc0c1597fba1","Alfapar rigen shampoo 250 ml.","1"
"6a6e4dbf46feabf3642b6f20","69db27d92b56cc0c1597f8e7","4x4 papel cuello blanco rollo","1"
"6a6e4dbf46feabf3642b6f2f","69db27e52b56cc0c1597f9f3","Acetona Pura Touche 980ml","1"
"6a6e4dbf46feabf3642b6f2f","69db28022b56cc0c1597fc49","Alfapar 2","1"
"6a6e4dbf46feabf3642b6f49","69db280b2b56cc0c1597fd06","Alfapar 6.23","1"
"6a6e4dbf46feabf3642b6f49","69db27ce2b56cc0c1597f80f","4x4 Cera Rosa 100ml.","1"
"6a6e4dbf46feabf3642b6f49","69db27d82b56cc0c1597f8e0","4x4 Off-Road Crecimiento de Barba 60g.","1"
"6a6e4dbf46feabf3642b6f49","69db28202b56cc0c1597fead","Alfapar keratin mask","1"
"6a6e4dbf46feabf3642b6f55","69db28262b56cc0c1597ff3d","Algodón Alby","1"
"6a6e4dbf46feabf3642b6f55","69db27cd2b56cc0c1597f7f3","4x4 Balsamo Negro Liquido","1"
"6a6e4dbf46feabf3642b6f55","69db27e82b56cc0c1597fa34","Acrílicos De Colores Touche diamonds","1"
"6a6e4dbf46feabf3642b6f59","69db282d2b56cc0c1597ffd4","Ampolletas Alfaparf Semi Di Lino Essential Oil (Azul)","1"
"6a6e4dbf46feabf3642b6f59","69db27ef2b56cc0c1597face","Aguja Peina Facil 5pz. V/Colores","1"
"6a6e4dbf46feabf3642b6f81","69db27d02b56cc0c1597f82b","4X4 Combo pow 5 pz.","1"
"6a6e4dbf46feabf3642b6f81","69db282d2b56cc0c1597ffcd","Ampolletas Alfaparf Midollo di Bamboo (Blanco)","1"
"6a6e4dbf46feabf3642b6f81","69db27f62b56cc0c1597fb5b","Alfapar benvoleo shampoo seco sin gas 150 g","1"
"6a6e4dbf46feabf3642b6f85","69db28242b56cc0c1597ff01","Alfapar protector termico 200ml.","1"
"6a6e4dbf46feabf3642b6f85","69db28282b56cc0c1597ff5d","Alicate barrilito","1"
"6a6e4dbf46feabf3642b6f85","69db28132b56cc0c1597fda0","Alfapar 7.35","1"
"6a6e4dbf46feabf3642b6f85","69db27e12b56cc0c1597f99c","aashta tijeras ps817","1"
"6a6e4dbf46feabf3642b6f8d","69db27d02b56cc0c1597f82b","4X4 Combo pow 5 pz.","1"
"6a6e4dbf46feabf3642b6f8d","69db27ee2b56cc0c1597faae","Adhesivo Tubo Transparente J.D/10gramos","1"
"6a6e4dbf46feabf3642b6f9e","69db282f2b56cc0c1597ffff","Ampolletas Revive Fortificante","1"
"6a6e4dbf46feabf3642b6f9e","69db28042b56cc0c1597fc7a","Alfapar 4NB","1"
"6a6e4dbf46feabf3642b6f9e","69db27cd2b56cc0c1597f801","4x4 cera gel kg.","1"
"6a6e4dbf46feabf3642b6fa8","69db28112b56cc0c1597fd7d","Alfapar 7.21","1"
"6a6e4dbf46feabf3642b6faa","69db282f2b56cc0c1597fff1","Ampolletas Revive Bifasica","1"
"6a6e4dbf46feabf3642b6fc9","69db27ef2b56cc0c1597face","Aguja Peina Facil 5pz. V/Colores","1"
"6a6e4dbf46feabf3642b6fc9","69db28312b56cc0c15980026","Andis slimline pro li","1"
"6a6e4dbf46feabf3642b6fc9","69db28252b56cc0c1597ff1d","Alfapar Semidelino shampoo 250ml.","1"
"6a6e4dbf46feabf3642b6fe5","69db27f72b56cc0c1597fb77","Alfaparf 11.02","1"
"6a6e4dbf46feabf3642b6ff2","69db27fa2b56cc0c1597fbaf","Alfapar shampoo Rigen Dañado 250g.","1"
"6a6e4dbf46feabf3642b6ff2","69db27e12b56cc0c1597f98e","Aashta Tijera Cocodrilo","1"
"6a6e4dbf46feabf3642b6ff2","69db282c2b56cc0c1597ffbf","Amor us","1"
"6a6e4dbf46feabf3642b700a","69db27db2b56cc0c1597f91f","4x4 Pomada Extrafirme Verde 200g.","1"
"6a6e4dbf46feabf3642b700a","69db27f62b56cc0c1597fb5b","Alfapar benvoleo shampoo seco sin gas 150 g","1"
"6a6e4dbf46feabf3642b700d","69db28022b56cc0c1597fc50","Alfapar 3","1"
"6a6e4dbf46feabf3642b700d","69db28302b56cc0c15980014","Amura depilacion definitiva","1"
"6a6e4dbf46feabf3642b700d","69db28172b56cc0c1597fdf4","Alfapar 8.01","1"
"6a6e4dbf46feabf3642b700d","69db27de2b56cc0c1597f957","4x4 spray","1"
"6a6e4dbf46feabf3642b7016","69db27d12b56cc0c1597f840","4X4 Cuchilla Normal","1"
"6a6e4dbf46feabf3642b7016","69db27d82b56cc0c1597f8d9","4x4 oferta cera pasta y pomada 3pz.","1"
"6a6e4dbf46feabf3642b7016","69db28272b56cc0c1597ff52","Alicate Alaska Spa","1"
"6a6e4dbf46feabf3642b702a","69db28142b56cc0c1597fdae","Alfapar 7.43","1"
"6a6e4dbf46feabf3642b702a","69db27ce2b56cc0c1597f816","4x4 Cera Rosa 200ml.","1"
"6a6e4dbf46feabf3642b702a","69db27f42b56cc0c1597fb37","Alexander tijera","1"
"6a6e4dbf46feabf3642b702e","69db28022b56cc0c1597fc49","Alfapar 2","1"
"6a6e4dbf46feabf3642b702e","69db27db2b56cc0c1597f911","4x4 Pomada Azul 200g","1"
"6a6e4dbf46feabf3642b702e","69db27cc2b56cc0c1597f7e3","4x4 Aftershave Rojo 400ml.","1"
"6a6e4dbf46feabf3642b702e","69db27c92b56cc0c1597f799","4x4 maquina inalambrico plastico G oferta de 4 pz.","1"
"6a6e4dbf46feabf3642b703c","69db27e62b56cc0c1597fa0a","acondicionador artesanal","1"
"6a6e4dbf46feabf3642b703c","69db28252b56cc0c1597ff1d","Alfapar Semidelino shampoo 250ml.","1"
"6a6e4dbf46feabf3642b7044","69db27cb2b56cc0c1597f7c7","4x4 Aftershave Amarillo 400ml.","1"
"6a6e4dbf46feabf3642b7044","69db282c2b56cc0c1597ffb6","Amor pinza pestañas","1"
"6a6e4dbf46feabf3642b7060","69db281e2b56cc0c1597fe83","Alfapar 9.31","1"
"6a6e4dbf46feabf3642b7060","69db281d2b56cc0c1597fe72","Alfapar 9.21","1"
"6a6e4dbf46feabf3642b7060","69db28282b56cc0c1597ff68","Alicate GC Large","1"
"6a6e4dbf46feabf3642b7068","69db28272b56cc0c1597ff44","Alicate Alaska Manicure","1"
"6a6e4dbf46feabf3642b7068","69db27f92b56cc0c1597fb9a","Alfapar mask 200ml.","1"
"6a6e4dbf46feabf3642b7068","69db280f2b56cc0c1597fd4c","Alfapar 6.7","1"
"6a6e4dbf46feabf3642b7068","69db27f72b56cc0c1597fb69","Alfaparf 7.24","1"
"6a6e4dbf46feabf3642b707a","69db27db2b56cc0c1597f91f","4x4 Pomada Extrafirme Verde 200g.","1"
"6a6e4dbf46feabf3642b707a","69db27fb2b56cc0c1597fbbd","Alfapar 000SSS","1"
"6a6e4dbf46feabf3642b707a","69db27ee2b56cc0c1597faae","Adhesivo Tubo Transparente J.D/10gramos","1"
"6a6e4dbf46feabf3642b709b","69db28222b56cc0c1597fede","Alfapar Olio Plex 100ml","1"
"6a6e4dbf46feabf3642b70ae","69db28122b56cc0c1597fd92","Alfapar 7.32","1"
"6a6e4dbf46feabf3642b70ae","69db27fe2b56cc0c1597fbfc","Alfapar 10.21","1"
"6a6e4dbf46feabf3642b70ae","69db28022b56cc0c1597fc50","Alfapar 3","1"
"6a6e4dbf46feabf3642b70ae","69db28062b56cc0c1597fc9d","Alfapar 5.3","1"
"6a6e4dbf46feabf3642b70b3","69db27f52b56cc0c1597fb49","Alfa sobres de 30 pz","1"
"6a6e4dbf46feabf3642b70b3","69db27f32b56cc0c1597fb1e","Alaska Tijera Manicure","1"
"6a6e4dbf46feabf3642b70ba","69db27fa2b56cc0c1597fba8","Alfapar Semidelino nutritivo shampoo 250 ml.","1"
"6a6e4dbf46feabf3642b70ba","69db28192b56cc0c1597fe25","Alfapar 8.32","1"
"6a6e4dbf46feabf3642b70ba","69db27c82b56cc0c1597f787","4X4 Gel para afeitar menta 1kg","1"
"6a6e4dbf46feabf3642b70ba","69db27ef2b56cc0c1597fac5","Agoja para rayos","1"
"6a6e4dbf46feabf3642b70d5","69db27fb2b56cc0c1597fbbd","Alfapar 000SSS","1"
"6a6e4dbf46feabf3642b70d7","69db282b2b56cc0c1597ffa2","Aluminio Profesional Mopi","1"
"6a6e4dbf46feabf3642b7116","69db27de2b56cc0c1597f95e","4x4 Talco Invencible","1"
"6a6e4dbf46feabf3642b7116","69db282d2b56cc0c1597ffcd","Ampolletas Alfaparf Midollo di Bamboo (Blanco)","1"
"6a6e4dbf46feabf3642b7116","69db282f2b56cc0c1597fff8","Ampolletas Revive Cationica","1"
"6a6e4dbf46feabf3642b7116","69db282a2b56cc0c1597ff90","Alkahzar agua de rosas","1"
"6a6e4dbf46feabf3642b7120","69db282a2b56cc0c1597ff90","Alkahzar agua de rosas","1"
"6a6e4dbf46feabf3642b7120","69db281c2b56cc0c1597fe64","Alfapar 9.13","1"
"6a6e4dbf46feabf3642b7120","69db280b2b56cc0c1597fd06","Alfapar 6.23","1"
"6a6e4dbf46feabf3642b7124","69db28172b56cc0c1597fdfb","Alfapar 8.1","1"
"6a6e4dbf46feabf3642b7126","69db280e2b56cc0c1597fd30","Alfapar 6.5","1"
"6a6e4dbf46feabf3642b7144","69db28262b56cc0c1597ff2b","Alfaparf Shampoo Plex 250g.","1"
"6a6e4dbf46feabf3642b7144","69db27da2b56cc0c1597f90a","4x4 Polvo Volumizador Seco Negro","1"
"6a6e4dbf46feabf3642b7147","69db27f72b56cc0c1597fb70","Alfaparf 10.342","1"
"6a6e4dbf46feabf3642b7147","69db28072b56cc0c1597fcab","Alfapar 5.35","1"
"6a6e4dbf46feabf3642b7154","69db28232b56cc0c1597fef3","Alfapar Oxido 30 vol. 1000ml.","1"
"6a6e4dbf46feabf3642b7154","69db27da2b56cc0c1597f90a","4x4 Polvo Volumizador Seco Negro","1"
"6a6e4dbf46feabf3642b7154","69db27db2b56cc0c1597f91f","4x4 Pomada Extrafirme Verde 200g.","1"
"6a6e4dbf46feabf3642b7160","69db28002b56cc0c1597fc26","Alfapar 11.11","1"
"6a6e4dbf46feabf3642b7160","69db28202b56cc0c1597feb4","Alfapar keratin therapy lisse acondicionador 250ml.","1"
"6a6e4dbf46feabf3642b7160","69db281a2b56cc0c1597fe33","Alfapar 8.43","1"
"6a6e4dbf46feabf3642b7160","69db280d2b56cc0c1597fd22","Alfapar 6.4","1"
"6a6e4dbf46feabf3642b716e","69db27fa2b56cc0c1597fba8","Alfapar Semidelino nutritivo shampoo 250 ml.","1"
"6a6e4dbf46feabf3642b7170","69db28042b56cc0c1597fc7a","Alfapar 4NB","1"
"6a6e4dbf46feabf3642b7170","69db27d82b56cc0c1597f8e0","4x4 Off-Road Crecimiento de Barba 60g.","1"
"6a6e4dbf46feabf3642b7170","69db280d2b56cc0c1597fd29","Alfapar 6.45","1"
"6a6e4dbf46feabf3642b7170","69db282a2b56cc0c1597ff90","Alkahzar agua de rosas","1"
"6a6e4dbf46feabf3642b7175","69db27da2b56cc0c1597f8fc","4x4 Pasta Dorada 100g.","1"
"6a6e4dbf46feabf3642b7177","69db28172b56cc0c1597fdfb","Alfapar 8.1","1"
"6a6e4dbf46feabf3642b7189","69db27ee2b56cc0c1597faae","Adhesivo Tubo Transparente J.D/10gramos","1"
"6a6e4dbf46feabf3642b7189","69db28152b56cc0c1597fdc3","Alfapar 7.6","1"
"6a6e4dbf46feabf3642b7189","69db27f12b56cc0c1597fae9","alain silver herbal 9","1"
"6a6e4dbf46feabf3642b71a2","69db280a2b56cc0c1597fcea","Alfapar 5NI","1"
"6a6e4dbf46feabf3642b71a2","69db27d02b56cc0c1597f832","4x4 Cuchilla Platino trimer DLC","1"
"6a6e4dbf46feabf3642b71a2","69db27de2b56cc0c1597f95e","4x4 Talco Invencible","1"
"6a6e4dbf46feabf3642b71a2","69db27f82b56cc0c1597fb8c","Alfapar 9.423","1"
"6a6e4dbf46feabf3642b71b3","69db27ce2b56cc0c1597f80f","4x4 Cera Rosa 100ml.","1"
"6a6e4dbf46feabf3642b71b3","69db27da2b56cc0c1597f90a","4x4 Polvo Volumizador Seco Negro","1"
"6a6e4dbf46feabf3642b71b3","69db28142b56cc0c1597fdae","Alfapar 7.43","1"
"6a6e4dbf46feabf3642b71b7","69db27db2b56cc0c1597f91f","4x4 Pomada Extrafirme Verde 200g.","1"
"6a6e4dbf46feabf3642b71b7","69db28302b56cc0c1598000d","Ampolletas Revive Teñido","1"
"6a6e4dbf46feabf3642b71b7","69db281f2b56cc0c1597fe9f","Alfapar benvoleo olio nutritivo 100ml.","1"
"6a6e4dbf46feabf3642b71b7","69db27d12b56cc0c1597f840","4X4 Cuchilla Normal","1"
"6a6e4dbf46feabf3642b71bc","69db27d72b56cc0c1597f8c0","4x4 Mascarilla Capilar Open Secret","1"
"6a6e4dbf46feabf3642b71bc","69db27de2b56cc0c1597f957","4x4 spray","1"
"6a6e4dbf46feabf3642b71bc","69db27ca2b56cc0c1597f7b0","4x4 papel cuello blanco de 5 pz.","1"
"6a6e4dbf46feabf3642b71ca","69db282d2b56cc0c1597ffcd","Ampolletas Alfaparf Midollo di Bamboo (Blanco)","1"
"6a6e4dbf46feabf3642b71ca","69db27e62b56cc0c1597fa01","Acetona Touche 225ml.","1"
"6a6e4dbf46feabf3642b71ca","69db28072b56cc0c1597fca4","Alfapar 5.32","1"
"6a6e4dbf46feabf3642b71ce","69db28022b56cc0c1597fc57","Alfapar 4","1"
"6a6e4dbf46feabf3642b71ce","69db281a2b56cc0c1597fe2c","Alfapar 8.4","1"
"6a6e4dbf46feabf3642b71ce","69db27ea2b56cc0c1597fa56","Adhesivo J.Denis Para Rulos/Pestañas.","1"
"6a6e4dbf46feabf3642b71ce","69db280d2b56cc0c1597fd29","Alfapar 6.45","1"
"6a6e4dbf46feabf3642b71fa","69db27e42b56cc0c1597f9dc","acetona pura arys grande","1"
"6a6e4dbf46feabf3642b71fa","69db28022b56cc0c1597fc49","Alfapar 2","1"
"6a6e4dbf46feabf3642b71fa","69db27da2b56cc0c1597f903","4x4 Pasta Dorada 200g.","1"
"6a6e4dbf46feabf3642b71fa","69db28042b56cc0c1597fc81","Alfapar 4NI","1"
"6a6e4dbf46feabf3642b7201","69db27de2b56cc0c1597f95e","4x4 Talco Invencible","1"
"6a6e4dbf46feabf3642b7203","69db27fc2b56cc0c1597fbd9","Alfapar 03","1"
"6a6e4dbf46feabf3642b7203","69db27d42b56cc0c1597f881","4x4 Gel Para Afeitar Citrico 485ml.","1"
"6a6e4dbf46feabf3642b720b","69db27c72b56cc0c1597f780","4x4 aceite para barba","1"
"6a6e4dbf46feabf3642b7221","69db27e12b56cc0c1597f99c","aashta tijeras ps817","1"
"6a6e4dbf46feabf3642b7221","69db28122b56cc0c1597fd8b","Alfapar 7.31","1"
"6a6e4dbf46feabf3642b7227","69db281e2b56cc0c1597fe8a","Alfapar 9NB","1"
"6a6e4dbf46feabf3642b7229","69db27fb2b56cc0c1597fbc4","Alfapar 01","1"
"6a6e4dbf46feabf3642b7229","69db280c2b56cc0c1597fd14","Alfapar 6.32","1"
"6a6e4dbf46feabf3642b7229","69db282d2b56cc0c1597ffd4","Ampolletas Alfaparf Semi Di Lino Essential Oil (Azul)","1"
"6a6e4dbf46feabf3642b7229","69db27d12b56cc0c1597f84e","4x4 Desinfectante Antibacterial 250ml.","1"
"6a6e4dbf46feabf3642b722e","69db28082b56cc0c1597fcc7","Alfapar 5.62","1"
"6a6e4dbf46feabf3642b722e","69db27e42b56cc0c1597f9dc","acetona pura arys grande","1"
"6a6e4dbf46feabf3642b722e","69db27f52b56cc0c1597fb49","Alfa sobres de 30 pz","1"
"6a6e4dbf46feabf3642b722e","69db28252b56cc0c1597ff1d","Alfapar Semidelino shampoo 250ml.","1"
"6a6e4dbf46feabf3642b7248","69db28142b56cc0c1597fdae","Alfapar 7.43","1"
"6a6e4dbf46feabf3642b7248","69db282d2b56cc0c1597ffc6","Ampolletas Alfaparf Aceite Lenitivo","1"
"6a6e4dbf46feabf3642b7248","69db282f2b56cc0c1597fff1","Ampolletas Revive Bifasica","1"
"6a6e4dbf46feabf3642b725a","69db27d82b56cc0c1597f8e0","4x4 Off-Road Crecimiento de Barba 60g.","1"
"6a6e4dbf46feabf3642b726b","69db28172b56cc0c1597fded","Alfapar 8","1"
"6a6e4dbf46feabf3642b726b","69db28302b56cc0c15980014","Amura depilacion definitiva","1"
"6a6e4dbf46feabf3642b726b","69db27cd2b56cc0c1597f7fa","4x4 Cera en Polvo Volumizador Amarillo","1"
"6a6e4dbf46feabf3642b726f","69db27fb2b56cc0c1597fbc4","Alfapar 01","1"
"6a6e4dbf46feabf3642b726f","69db28072b56cc0c1597fcb2","Alfapar 5.5","1"
"6a6e4dbf46feabf3642b726f","69db27fa2b56cc0c1597fbb6","Alfapar shampoo seco sin gas 150ml.","1"
"6a6e4dbf46feabf3642b7288","69db27ef2b56cc0c1597fabe","Afaparf oxido 10 vol. 1000ml.","1"
"6a6e4dbf46feabf3642b7288","69db27c92b56cc0c1597f7a0","4x4 minoxidil","1"
"6a6e4dbf46feabf3642b7288","69db27da2b56cc0c1597f903","4x4 Pasta Dorada 200g.","1"
"6a6e4dbf46feabf3642b7290","69db281d2b56cc0c1597fe72","Alfapar 9.21","1"
"6a6e4dbf46feabf3642b7290","69db27ed2b56cc0c1597faa0","adhesivo supreme j denis para pestañas mink","1"
"6a6e4dbf46feabf3642b7293","69db27df2b56cc0c1597f970","Aashta clip metalico o sojetador","1"
"6a6e4dbf46feabf3642b7293","69db27f52b56cc0c1597fb49","Alfa sobres de 30 pz","1"
"6a6e4dbf46feabf3642b7293","69db27ed2b56cc0c1597faa0","adhesivo supreme j denis para pestañas mink","1"
"6a6e4dbf46feabf3642b7293","69db27d82b56cc0c1597f8e0","4x4 Off-Road Crecimiento de Barba 60g.","1"
"6a6e4dbf46feabf3642b72a5","69db281b2b56cc0c1597fe4f","Alfapar 9","1"
"6a6e4dbf46feabf3642b72a5","69db28052b56cc0c1597fc88","Alfapar 5","1"
"6a6e4dbf46feabf3642b72a5","69db27d12b56cc0c1597f840","4X4 Cuchilla Normal","1"
"6a6e4dbf46feabf3642b72a5","69db27f12b56cc0c1597faf0","Alain Silver Hot Tratamiento Restauraurador","1"
"6a6e4dbf46feabf3642b72aa","69db27db2b56cc0c1597f911","4x4 Pomada Azul 200g","1"
"6a6e4dbf46feabf3642b72aa","69db27e12b56cc0c1597f99c","aashta tijeras ps817","1"
"6a6e4dbf46feabf3642b72ad","69db27ca2b56cc0c1597f7b0","4x4 papel cuello blanco de 5 pz.","1"
"6a6e4dbf46feabf3642b72ad","69db280a2b56cc0c1597fcf1","Alfapar 6","1"
"6a6e4dbf46feabf3642b72ad","69db27ea2b56cc0c1597fa56","Adhesivo J.Denis Para Rulos/Pestañas.","1"
"6a6e4dbf46feabf3642b72ad","69db281f2b56cc0c1597fe98","Alfapar ampoll. anti caida","1"
"6a6e4dbf46feabf3642b72b9","69db28312b56cc0c15980026","Andis slimline pro li","1"
"6a6e4dbf46feabf3642b72b9","69db28002b56cc0c1597fc18","Alfapar 11.00","1"
"6a6e4dbf46feabf3642b72b9","69db27da2b56cc0c1597f90a","4x4 Polvo Volumizador Seco Negro","1"
"6a6e4dbf46feabf3642b72c1","69db280d2b56cc0c1597fd22","Alfapar 6.4","1"
"6a6e4dbf46feabf3642b72ca","69db28312b56cc0c1598002d","Andis Cool Care Plus","1"
"6a6e4dbf46feabf3642b72ca","69db27da2b56cc0c1597f8fc","4x4 Pasta Dorada 100g.","1"
"6a6e4dbf46feabf3642b72ca","69db282c2b56cc0c1597ffb6","Amor pinza pestañas","1"
"6a6e4dbf46feabf3642b72ca","69db280a2b56cc0c1597fcea","Alfapar 5NI","1"
"6a6e4dbf46feabf3642b72d5","69db27fd2b56cc0c1597fbee","Alfapar 10","1"
"6a6e4dbf46feabf3642b72d5","69db28092b56cc0c1597fcce","Alfapar 5.65","1"
"6a6e4dbf46feabf3642b72d5","69db27d62b56cc0c1597f8b2","4X4 Maquina Platinum Clipper","1"
"6a6e4dbf46feabf3642b72d5","69db28162b56cc0c1597fddf","Alfapar 7NB","1"
"6a6e4dbf46feabf3642b72da","69db27fa2b56cc0c1597fbb6","Alfapar shampoo seco sin gas 150ml.","1"
"6a6e4dbf46feabf3642b72da","69db280e2b56cc0c1597fd3e","Alfapar 6.6","1"
"6a6e4dbf46feabf3642b72dd","69db28012b56cc0c1597fc2d","Alfapar 11.13","1"
"6a6e4dbf46feabf3642b72dd","69db280a2b56cc0c1597fcf1","Alfapar 6","1"
"6a6e4dbf46feabf3642b72dd","69db27ca2b56cc0c1597f7c0","4x4 Aceite Para Cortadoras 118ml.","1"
"6a6e4dbf46feabf3642b72e9","69db27e92b56cc0c1597fa4b","Adesivo para extenciones Pestañas","1"
"6a6e4dbf46feabf3642b72e9","69db27c92b56cc0c1597f799","4x4 maquina inalambrico plastico G oferta de 4 pz.","1"
"6a6e4dbf46feabf3642b72f0","69db28032b56cc0c1597fc5e","Alfapar 4.32","1"
"6a6e4dbf46feabf3642b72f2","69db27f22b56cc0c1597fb09","Alaska brocha barbero","1"
"6a6e4dbf46feabf3642b72f2","69db28282b56cc0c1597ff5d","Alicate barrilito","1"
"6a6e4dbf46feabf3642b72f2","69db27e72b56cc0c1597fa11","Acondicionador Diamante 250ml.","1"
"6a6e4dbf46feabf3642b72f2","69db27cb2b56cc0c1597f7d5","4X4 Aftershave Power Green 400ml.","1"
"6a6e4dbf46feabf3642b7301","69db280e2b56cc0c1597fd30","Alfapar 6.5","1"
"6a6e4dbf46feabf3642b7301","69db281a2b56cc0c1597fe33","Alfapar 8.43","1"
"6a6e4dbf46feabf3642b7301","69db27ce2b56cc0c1597f808","4x4 Cera Gel 280g.","1"
"6a6e4dbf46feabf3642b7301","69db27e22b56cc0c1597f9b2","Aceite De Hueso De Mamey Para Pestañas.","1"
"6a6e4dbf46feabf3642b730a","69db27fc2b56cc0c1597fbcb","alfapar 013","1"
"6a6e4dbf46feabf3642b730a","69db27d02b56cc0c1597f839","4x4 Cuchilla DLC","1"
"6a6e4dbf46feabf3642b730a","69db27cf2b56cc0c1597f81d","4x4 Cera Telaraña 100ml.","1"
"6a6e4dbf46feabf3642b730a","69db27d22b56cc0c1597f865","4x4 gel afeitar 955kg. blanco","1"
"6a6e4dbf46feabf3642b7321","69db27d52b56cc0c1597f89d","4x4 maquina de corte trimmer inalambrico metalica","1"
"6a6e4dbf46feabf3642b7321","69db28242b56cc0c1597ff01","Alfapar protector termico 200ml.","1"